관리코드,시도,시군구,기관명,URL,QA상태,추천파서,발견,유효,무효,HTTP,오류코드,오류메시지,표본,응답시간ms
"LGS-000001","서울특별시","서울특별시","서울특별시청","https://www.seoul.go.kr/news/news_notice.do?bbsId=001&bbsNo=277","PASS","SAFE_SEOUL_NOTICE","10","10","0","200","","","건설업 폐업신고 처리내역 공고 (공고 제2026-2119) / 2026-07-13 / https://www.seoul.go.kr/news/news_notice.do?bbsId=001&bbsNo=277&nttNo=461593 | 2026년 제1차(상반기) 서울시 지역형 예비사회적기업 지정 공고 / 2026-07-13 / https://www.seoul.go.kr/news/news_notice.do?bbsId=001&bbsNo=277&nttNo=461583 | 남산공원 CCTV 추가 설치에 관한 행정예고 / 2026-07-13 / https://www.seoul.go.kr/news/news_notice.do?bbsId=001&bbsNo=277&nttNo=461581","1304"
"LGS-000002","서울특별시","종로구","종로구청","https://market.jongno.go.kr/support/support_jongno","PASS","HEURISTIC_NOTICE","4","4","0","200","","","22 금융 2026 종로구 주방환경개선 지원사업 신청기간 20260416 ~ 20260515(마감) 소관기관명 종로구 사업수행기관 보건정책과 등록일 2026-04-16 조회수 230 / 2026-04-16 / https://market.jongno.go.kr/support/support_jongno_detail?jsb_key=0d7077c5-c28c-451c-b973-9a91b36b22cb | 21 금융 2026년 소상공인 맞춤형 종합지원사업 신청기간 예산 소진으로 마감 소관기관명 종로구 사업수행기관 서울신용보증재단 등록일 2026-03-31 조회수 473 / 2026-03-31 / https://market.jongno.go.kr/support/support_jongno_detail?jsb_key=a16d8220-7aa9-461d-96f8-777b90b7c08c | 20 금융 종로구 중소기업육성기금 상반기 융자 지원 신청기간 예산 소진으로 마감 소관기관명 종로구 사업수행기관 서울신용보증재단, 우리은행 등록일 2026-03-11 조회수 356 / 2026-03-11 / https://market.jongno.go.kr/support/support_jongno_detail?jsb_key=4196b2ca-ab22-43f5-ae37-3364cb29fd79","550"
"LGS-000003","서울특별시","중구","중구청","https://www.junggu.seoul.kr/content.do?cmsid=14232&mode=list","PASS","JUNGGU_NOTICE_TABLE","10","10","0","200","","","공공기관 종합청렴도 평가 관련 개인정보 제3자 제공사항 알림 공고 / 2026-07-14 / https://www.junggu.seoul.kr/content.do?cmsid=14232&mode=view&cid=1460749992 | 2026년 지방세입 체납자 실태조사원 기간제 근로자 서류전형 합격자 공고 / 2026-07-13 / https://www.junggu.seoul.kr/content.do?cmsid=14232&mode=view&cid=146072229 | 멸실인정 자동차 말소등록 예고통지 공시송달 공고 / 2026-07-13 / https://www.junggu.seoul.kr/content.do?cmsid=14232&mode=view&cid=1460706621","669"
"LGS-000004","서울특별시","용산구","용산구청","https://health.yongsan.go.kr/portal/bbs/B0000095/list.do?menuNo=200233","PASS","SPRING_BBS","10","10","0","200","","","지방세입 체납관리단 실태조사원 기간제근로자 채용 서류전형 합격자 발표 및 면접시행 계획 공고 / 2026-07-13 / https://health.yongsan.go.kr/portal/bbs/B0000095/view.do?nttId=766099&menuNo=200233&pageUnit=10&pageIndex=1 | 자동차(이륜자동차 포함) 종합(정기)검사 관련 우편 반송분 공시송달 / 2026-07-13 / https://health.yongsan.go.kr/portal/bbs/B0000095/view.do?nttId=766096&menuNo=200233&pageUnit=10&pageIndex=1 | 2026년 임금교섭 및 협의회 개최 요구사실과 교섭참여 공고 / 2026-07-13 / https://health.yongsan.go.kr/portal/bbs/B0000095/view.do?nttId=766077&menuNo=200233&pageUnit=10&pageIndex=1","1056"
"LGS-000005","서울특별시","성동구","성동구청","https://www.sd.go.kr/main/selectBbsNttList.do?bbsNo=183&key=1472","PASS","HEURISTIC_NOTICE","10","10","0","200","","","2026년 제30회 민원봉사대상 수상후보자 공적 게시NEW / 2026-07-13 / https://www.sd.go.kr/main/selectBbsNttView.do?bbsNo=183&nttNo=359774&&pageUnit=10&key=1472&nttShowPd=36&pageIndex=1 | 2026년 임산부 친환경농산물 지원사업 신청 안내NEW / 2026-07-13 / https://www.sd.go.kr/main/selectBbsNttView.do?bbsNo=183&nttNo=359760&&pageUnit=10&key=1472&nttShowPd=36&pageIndex=1 | [성동문화재단] ‛세상에서 하나뿐인 우리집 자장가‵ 무료 참여자 모집 안내NEW / 2026-07-12 / https://www.sd.go.kr/main/selectBbsNttView.do?bbsNo=183&nttNo=359735&&pageUnit=10&key=1472&nttShowPd=36&pageIndex=1","1553"
"LGS-000006","서울특별시","광진구","광진구청","https://www.gwangjin.go.kr/portal/bbs/B0000003/list.do?menuNo=200192","PASS","SAEOL_GOSI","10","10","0","200","","","체육시설업 행정처분(등록취소) 공시송달 공고 / 2025-09-12 / https://www.gwangjin.go.kr/portal/bbs/B0000003/view.do?nttId=6415498&menuNo=200192&pSiteId=portal&pageIndex=1 | 2025년 8월 부과 지방소득세 납세고지서 및 25년 6월~25년 7월 부과 지방소득세 독촉장 공시송달 / 2025-09-12 / https://www.gwangjin.go.kr/portal/bbs/B0000003/view.do?nttId=6415496&menuNo=200192&pSiteId=portal&pageIndex=1 | 지방세 납세고지서 등 공시송달 / 2025-09-15 / https://www.gwangjin.go.kr/portal/bbs/B0000003/view.do?nttId=6415454&menuNo=200192&pSiteId=portal&pageIndex=1","758"
"LGS-000007","서울특별시","동대문구","동대문구청","https://www.ddm.go.kr/www/selectEminwonWebList.do?key=3291&searchNotAncmtSeCode=01%2C02%2C04%2C05%2C06%2C07","PASS","SPRING_BBS","10","10","0","200","","","사례관리 연계 처분 통지서 반송분 공시송달 공고 / 2026-07-14 / https://www.ddm.go.kr/www/selectEminwonWebView.do?pageUnit=10&pageIndex=1&searchCnd=all&key=3291&searchNotAncmtSeCode=01,02,04,05,06,07&notAncmtMgtNo=22199 | 2026년 국가결핵관리사업 기간제근로자 채용 공고 / 2026-07-14 / https://www.ddm.go.kr/www/selectEminwonWebView.do?pageUnit=10&pageIndex=1&searchCnd=all&key=3291&searchNotAncmtSeCode=01,02,04,05,06,07&notAncmtMgtNo=22202 | 「2026년 생활밀착형 소규모시설경사로 설치 지원」 보조사업자 선정 공고 / 2026-07-13 / https://www.ddm.go.kr/www/selectEminwonWebView.do?pageUnit=10&pageIndex=1&searchCnd=all&key=3291&searchNotAncmtSeCode=01,02,04,05,06,07&notAncmtMgtNo=22205","1196"
"LGS-000008","서울특별시","중랑구","중랑구청","https://www.jungnang.go.kr/portal/bbs/list/B0000422.do?menuNo=201111","PARSER_UNSUPPORTED","SAFE_YANGCHEON_SEOL","0","0","0","200","","","","1734"
"LGS-000009","서울특별시","성북구","성북구청","https://www.sb.go.kr/www/selectEminwonList.do?bbsNo=41&key=6920","PASS","SAEOL_GOSI","12","10","2","200","","","무단방치 자전거 처분 공고 / 2026-07-14 / https://www.sb.go.kr/www/selectEminwonView.do?pageUnit=10&pageIndex=1&searchCnd=all&searchCnd2=&depNm=&key=6920&notAncmtMgtNo=44121&notAncmtSeCode= | 제6회 안암동 주민총회 결과 공고 / 2026-07-14 / https://www.sb.go.kr/www/selectEminwonView.do?pageUnit=10&pageIndex=1&searchCnd=all&searchCnd2=&depNm=&key=6920&notAncmtMgtNo=44118&notAncmtSeCode= | 2026년상반기 석관동 자치회관 프로그램 수강료 수입 및 지출내역 공고 / 2026-07-14 / https://www.sb.go.kr/www/selectEminwonView.do?pageUnit=10&pageIndex=1&searchCnd=all&searchCnd2=&depNm=&key=6920&notAncmtMgtNo=44114&notAncmtSeCode=","1093"
"LGS-000010","서울특별시","강북구","강북구청","https://child.gangbuk.go.kr/portal/bbs/B0000145/list.do?menuNo=200081","PASS","SPRING_BBS","10","10","0","200","","","[강북구진로직업체험지원센터] 직원 채용 공고 / 2026-07-13 / https://child.gangbuk.go.kr/portal/bbs/B0000145/view.do?menuNo=200081&nttId=183162 | 2026년 강북구 임산부 친환경농산물 지원사업 신청 안내 / 2026-07-13 / https://child.gangbuk.go.kr/portal/bbs/B0000145/view.do?menuNo=200081&nttId=183157 | 2026년 강북 오아시스 냉장고(생수나눔) 운영 안내 / 2026-07-12 / https://child.gangbuk.go.kr/portal/bbs/B0000145/view.do?menuNo=200081&nttId=183127","745"
"LGS-000011","서울특별시","도봉구","도봉구청","https://www.dobong.go.kr/bbs.asp?code=10008769","PASS","DOBONG_NOTICE_TABLE","10","10","0","200","","","2026년 도봉한잔 빚음. 수제맥주 교육생 모집 / 2026-07-13 / https://www.dobong.go.kr/bbs.asp?bmode=D&pcode=12744565&code=10008769 | 2026년 도봉구 야외 물놀이장 미운영 안내 / 2026-07-10 / https://www.dobong.go.kr/bbs.asp?bmode=D&pcode=12744471&code=10008769 | 「2026년 전기차 충전인프라 시민 직접지원 시범사업(2차)」 안내 / 2026-07-09 / https://www.dobong.go.kr/bbs.asp?bmode=D&pcode=12744437&code=10008769","1195"
"LGS-000012","서울특별시","노원구","노원구청","https://www.nowon.kr/www/user/bbs/BD_selectBbsList.do?q_bbsCode=1001&q_estnColumn1=11","PASS","NOWON_NOTICE_TABLE","10","10","0","200","","","2026년 주민등록 사실조사 안내 / 2026-07-13 / https://www.nowon.kr/www/user/bbs/BD_selectBbs.do?q_bbsCode=1001&q_bbscttSn=20260713173649864 | (7.12.~8.5.) 노원문화예술회관 '제12회 서울시민연극제' 공연 보러 오세요♪ / 2026-07-13 / https://www.nowon.kr/www/user/bbs/BD_selectBbs.do?q_bbsCode=1001&q_bbscttSn=20260713143723799 | 2026년 반려동물문화센터「힐링하시개!댕댕하우스」8월 교육신청 안내 / 2026-07-13 / https://www.nowon.kr/www/user/bbs/BD_selectBbs.do?q_bbsCode=1001&q_bbscttSn=20260713132621129","1135"
"LGS-000013","서울특별시","은평구","은평구청","https://eminwon.ep.go.kr/emwp/gov/mogaha/ntis/web/ofr/action/OfrAction.do?context=NTIS&homepage_pbs_yn=Y&jndinm=OfrNotAncmtEJB&method=selectListOfrNotAncmt&methodnm=selectListOfrNotAncmtHomepage&not_ancmt_se_code=01%2C02%2C04&pageIndex=1&subCheck=Y&yyyy=","PASS","SAFE_SAEOL_EMINWON_COMPACT","20","20","0","200","","","장애인전용 주차구역 주차 위반차량 『과태료부과 사전통지서』공시송달 공고 / 2026-07-14 / https://eminwon.ep.go.kr/emwp/gov/mogaha/ntis/web/ofr/action/OfrAction.do?context=NTIS&homepage_pbs_yn=Y&jndinm=OfrNotAncmtEJB&method=selectOfrNotAncmt&methodnm=selectOfrNotAncmtRegst&not_ancmt_mgt_no=50013&subCheck=Y | 무연고 사망자 공고 / 2026-07-14 / https://eminwon.ep.go.kr/emwp/gov/mogaha/ntis/web/ofr/action/OfrAction.do?context=NTIS&homepage_pbs_yn=Y&jndinm=OfrNotAncmtEJB&method=selectOfrNotAncmt&methodnm=selectOfrNotAncmtRegst&not_ancmt_mgt_no=50007&subCheck=Y | 주민참여단 모집공고(녹번동 35-78번지 일대 주택정비형 재개발사업) / 2026-07-14 / https://eminwon.ep.go.kr/emwp/gov/mogaha/ntis/web/ofr/action/OfrAction.do?context=NTIS&homepage_pbs_yn=Y&jndinm=OfrNotAncmtEJB&method=selectOfrNotAncmt&methodnm=selectOfrNotAncmtRegst&not_ancmt_mgt_no=50005&subCheck=Y","4910"
"LGS-000014","서울특별시","서대문구","서대문구청","https://www.sdm.go.kr/news/notice/notice.do","PASS","SAFE_SEODAEMUN_NOTICE","10","10","0","200","","","건축이행강제금 납부독촉 및 압류예고 통지 반송분 공시송달 공고(이래0) / 2026-07-14 / https://www.sdm.go.kr/news/notice/notice.do?mode=view&sdmBoardSeq=313191 | 서대문구보건소 건강장수센터 기간제근로자(간호사) 채용시험 1차 서류전형 합격자 명단 및 2차 면접시험 일정 공고 / 2026-07-13 / https://www.sdm.go.kr/news/notice/notice.do?mode=view&sdmBoardSeq=313185 | 옥외광고물법 위반 과태료 체납 독촉고지서 반송분 공시송달 공고 / 2026-07-13 / https://www.sdm.go.kr/news/notice/notice.do?mode=view&sdmBoardSeq=313171","673"
"LGS-000015","서울특별시","마포구","마포구청","https://www.mapo.go.kr/","PASS","HEURISTIC_NOTICE","23","23","0","200","","","2026년 마포구 여름방학 영어캠프 안내 / 2026-07-06 / https://www.mapo.go.kr/site/main/board/notice/276439 | 2026년 장애인복지유공자 표창 대상자 추천 안내 / 2026-07-10 / https://www.mapo.go.kr/site/main/board/notice/276725 | 2026년 AI 디지털배움터 8월 교육 안내 / 2026-07-08 / https://www.mapo.go.kr/site/main/board/notice/276606","838"
"LGS-000016","서울특별시","양천구","양천구청","https://www.yangcheon.go.kr/site/yangcheon/ex/seol/seolCollectList.do","PASS","SAFE_YANGCHEON_SEOL","10","10","0","200","","","2026년 양천구 도로열선 설치사업(3・4권역) 특정공법 선정 정량평가 결과 공고 / 2026-07-14 / https://www.yangcheon.go.kr/site/yangcheon/ex/seol/seolContentDeailView.do?not_ancmt_mgt_no=47495 | 소유자(점유자) 불명 무단 방치이륜자동차 강제처리(폐차) 공고 / 2026-07-14 / https://www.yangcheon.go.kr/site/yangcheon/ex/seol/seolContentDeailView.do?not_ancmt_mgt_no=47489 | 공동주택 금연구역 지정 공고(목동현대아파트) / 2026-07-13 / https://www.yangcheon.go.kr/site/yangcheon/ex/seol/seolContentDeailView.do?not_ancmt_mgt_no=47496","610"
"LGS-000017","서울특별시","강서구","강서구청","https://www.gangseo.seoul.kr/gs040301","PASS","SAEOL_GOSI","10","10","0","200","","","2026년 상반기 화곡6동 자치회관 수입 및 지출 내역 공고 / 2026-07-14 / https://www.gangseo.seoul.kr/gs040301/view?srchPage=&curPage=1&srchKey=&srchText=&mgtNo=67592 | 방화3동 2026년 상반기 자치회관 프로그램 수입 및 지출 내역 공고 / 2026-07-14 / https://www.gangseo.seoul.kr/gs040301/view?srchPage=&curPage=1&srchKey=&srchText=&mgtNo=67589 | 건설업 신규등록 공고 / 2026-07-14 / https://www.gangseo.seoul.kr/gs040301/view?srchPage=&curPage=1&srchKey=&srchText=&mgtNo=67599","1420"
"LGS-000018","서울특별시","구로구","구로구청","https://www.guro.go.kr/www/selectBbsNttList.do?bbsNo=662&key=1790&pageIndex=1&pageUnit=10&searchCnd=SJ&searchKrwd=%EC%86%8C%EC%83%81%EA%B3%B5%EC%9D%B8","PASS","HEURISTIC_NOTICE","10","10","0","200","","","2026년 구로구 소상공인 디지털 역량강화 교육 수강생 모집 / 2026-06-08 / https://www.guro.go.kr/www/selectBbsNttView.do?bbsNo=662&nttNo=234928&&pageUnit=10&searchCnd=SJ&searchKrwd=%EC%86%8C%EC%83%81%EA%B3%B5%EC%9D%B8&key=1790&pageIndex=1 | (~5.8.)「소상공인 LP가스시설 개선사업」 안내 / 2026-04-29 / https://www.guro.go.kr/www/selectBbsNttView.do?bbsNo=662&nttNo=233475&&pageUnit=10&searchCnd=SJ&searchKrwd=%EC%86%8C%EC%83%81%EA%B3%B5%EC%9D%B8&key=1790&pageIndex=1 | [2026년 소상공인 새 길 여는 폐업지원] 지원대상 모집 / 2026-04-13 / https://www.guro.go.kr/www/selectBbsNttView.do?bbsNo=662&nttNo=232330&&pageUnit=10&searchCnd=SJ&searchKrwd=%EC%86%8C%EC%83%81%EA%B3%B5%EC%9D%B8&key=1790&pageIndex=1","2534"
"LGS-000019","서울특별시","금천구","금천구청","https://www.geumcheon.go.kr/portal/selectBbsNttList.do?bbsNo=150682&key=4099","PARTIAL","SPRING_BBS","30","21","9","200","","","2026 서울시 외식업 경영혁신 컨설팅 지원사업 / 2026-05-18 / https://www.geumcheon.go.kr/portal/selectBbsNttView.do?key=4099&bbsNo=150682&nttNo=269256&searchCtgry=&searchCnd=all&searchKrwd=&pageIndex=1&integrDeptCode= | 2026년 소상공인 불공정거래 피해구제 지원 시행공고 / 2026-04-10 / https://www.geumcheon.go.kr/portal/selectBbsNttView.do?key=4099&bbsNo=150682&nttNo=268397&searchCtgry=&searchCnd=all&searchKrwd=&pageIndex=1&integrDeptCode= | ｢2026년 소상공인(개인사업자) 비즈플러스카드 지원사업｣ 시행 공고 / 2026-03-23 / https://www.geumcheon.go.kr/portal/selectBbsNttView.do?key=4099&bbsNo=150682&nttNo=268087&searchCtgry=&searchCnd=all&searchKrwd=&pageIndex=1&integrDeptCode=","456"
"LGS-000020","서울특별시","영등포구","영등포구청","https://www.ydp.go.kr/www/selectEminwonList.do?key=2851&menuFlag=01","PASS","SAEOL_GOSI","10","10","0","200","","","신규 주민등록증 발급 공고 / 2026-07-14 / https://www.ydp.go.kr/www/selectEminwonView.do?menuFlag=01&notAncmtMgtNo=38842&key=2851 | 담배소매인 폐업 및 신규 지정 접수 공고[대흥할인마트] / 2026-07-13 / https://www.ydp.go.kr/www/selectEminwonView.do?menuFlag=01&notAncmtMgtNo=38844&key=2851 | 2026년 건축이행강제금 반복부과(소유권변동) 대상 1차 시정명령 공시송달 공고 / 2026-07-13 / https://www.ydp.go.kr/www/selectEminwonView.do?menuFlag=01&notAncmtMgtNo=38840&key=2851","200"
"LGS-000021","서울특별시","동작구","동작구청","https://www.dongjak.go.kr/portal/bbs/B0000022/list.do?menuNo=200641","PASS","SPRING_BBS","10","10","0","200","","","주간구인 - 478호 / 2026-07-13 / https://www.dongjak.go.kr/portal/bbs/B0000022/view.do?nttId=10756221&menuNo=200641&pageIndex=1 | 2026. 진로직업체험교육사업 여름방학 특강 교육과정 참가자 모집 안내 / 2026-07-13 / https://www.dongjak.go.kr/portal/bbs/B0000022/view.do?nttId=10756215&menuNo=200641&pageIndex=1 | 2026년 서울특별시 중점 공회전 제한장소 변경지정 안내 / 2026-07-13 / https://www.dongjak.go.kr/portal/bbs/B0000022/view.do?nttId=10756211&menuNo=200641&pageIndex=1","2395"
"LGS-000022","서울특별시","관악구","관악구청","https://www.gwanak.go.kr/site/gwanak/ex/bbsNew/List.do?typeCode=1","PASS","SAFE_GWANAK_NOTICE","10","10","0","200","","","주정차위반 과태료부과 사전통지서 반송분 공시송달 공고 / 2026-07-10 / https://www.gwanak.go.kr/site/gwanak/ex/bbsNew/View.do?not_ancmt_mgt_no=41377&typeCode=1 | 건설공사 안전점검 수행기관 지정 공고[낙성대동 1612-36] / 2026-07-10 / https://www.gwanak.go.kr/site/gwanak/ex/bbsNew/View.do?not_ancmt_mgt_no=41375&typeCode=1 | 부동산거래신고의무위반(거래가격 거짓신고) 과태료 부과 사전 통지 공시송달 공고 / 2026-07-09 / https://www.gwanak.go.kr/site/gwanak/ex/bbsNew/View.do?not_ancmt_mgt_no=41371&typeCode=1","359"
"LGS-000023","서울특별시","서초구","서초구청","https://eminwon.seocho.go.kr/emwp/gov/mogaha/ntis/web/ofr/action/OfrAction.do?context=NTIS&homepage_pbs_yn=Y&jndinm=OfrNotAncmtEJB&method=selectListOfrNotAncmt&methodnm=selectListOfrNotAncmtHomepage&not_ancmt_se_code=01%2C02%2C04&pageIndex=1&subCheck=Y&yyyy=","PASS","SAFE_SAEOL_EMINWON","20","20","0","200","","","2026년 불법주정차 무인단속 CCTV신규설치·운영 행정예고 공고 / 2026-07-14 / https://eminwon.seocho.go.kr/emwp/gov/mogaha/ntis/web/ofr/action/OfrAction.do?context=NTIS&homepage_pbs_yn=Y&jndinm=OfrNotAncmtEJB&method=selectOfrNotAncmt&methodnm=selectOfrNotAncmtRegst&not_ancmt_mgt_no=45299&subCheck=Y | 무단방치차량 강제처리(폐차)에 따른 직권말소등록 반송분 공시송달 공고 / 2026-07-14 / https://eminwon.seocho.go.kr/emwp/gov/mogaha/ntis/web/ofr/action/OfrAction.do?context=NTIS&homepage_pbs_yn=Y&jndinm=OfrNotAncmtEJB&method=selectOfrNotAncmt&methodnm=selectOfrNotAncmtRegst&not_ancmt_mgt_no=45291&subCheck=Y | 주민등록 무단전출자 거주불명등록 최고 공고 (1명) / 2026-07-14 / https://eminwon.seocho.go.kr/emwp/gov/mogaha/ntis/web/ofr/action/OfrAction.do?context=NTIS&homepage_pbs_yn=Y&jndinm=OfrNotAncmtEJB&method=selectOfrNotAncmt&methodnm=selectOfrNotAncmtRegst&not_ancmt_mgt_no=45300&subCheck=Y","2738"
"LGS-000024","서울특별시","강남구","강남구청","https://www.gangnam.go.kr/board/B_000001/list.do?mid=ID05_040101","PASS","SAEOL_GOSI","10","10","0","200","","","세곡보건지소 [파크노르딕워킹] 하반기 참여자 모집 / 2026-07-13 / https://www.gangnam.go.kr/board/B_000001/1076536/view.do?mid=ID05_040101 | 세곡보건지소 건강교실 【건강수명플러스아카데미 】 하반기 참여자 모집 / 2026-07-13 / https://www.gangnam.go.kr/board/B_000001/1076535/view.do?mid=ID05_040101 | 전기차 화재 대응 안전교육 안내 / 2026-07-13 / https://www.gangnam.go.kr/board/B_000001/1076533/view.do?mid=ID05_040101","502"
"LGS-000025","서울특별시","송파구","송파구청","https://www.songpa.go.kr/www/selectGosiList.do?key=2776","PASS","SAEOL_GOSI","10","10","0","200","","","장애인등편의법 위반 과태료 사전통지서 반송분 공시송달 / 2026-07-14 / https://www.songpa.go.kr/www/selectGosiData.do?not_ancmt_mgt_no=33270&searchCnd=all&searchKrwd=&pageIndex=1&key=2776 | 전문건설업 등록 공고 / 2026-07-14 / https://www.songpa.go.kr/www/selectGosiData.do?not_ancmt_mgt_no=33279&searchCnd=all&searchKrwd=&pageIndex=1&key=2776 | 자동차(검사지연,미필)위반과태료 부과 사전통지서 반송분 공시송달공고 (2026년 6월분) / 2026-07-14 / https://www.songpa.go.kr/www/selectGosiData.do?not_ancmt_mgt_no=33277&searchCnd=all&searchKrwd=&pageIndex=1&key=2776","361"
"LGS-000026","서울특별시","강동구","강동구청","https://eminwon.gangdong.go.kr/emwp/gov/mogaha/ntis/web/ofr/action/OfrAction.do?context=NTIS&homepage_pbs_yn=Y&jndinm=OfrNotAncmtEJB&method=selectListOfrNotAncmt&methodnm=selectListOfrNotAncmtHomepage&not_ancmt_se_code=01%2C02%2C04&pageIndex=1&subCheck=Y&yyyy=","PASS","SAFE_SAEOL_EMINWON_HREF","20","20","0","200","","","2026년 강동구 장학생 선발계획 공고 / 2026-07-14 / https://eminwon.gangdong.go.kr/emwp/gov/mogaha/ntis/web/ofr/action/OfrAction.do?context=NTIS&homepage_pbs_yn=Y&jndinm=OfrNotAncmtEJB&method=selectOfrNotAncmt&methodnm=selectOfrNotAncmtRegst&not_ancmt_mgt_no=58130&subCheck=Y | 「도로법」위반 과태료 부과통지서 공시송달 공고 / 2026-07-14 / https://eminwon.gangdong.go.kr/emwp/gov/mogaha/ntis/web/ofr/action/OfrAction.do?context=NTIS&homepage_pbs_yn=Y&jndinm=OfrNotAncmtEJB&method=selectOfrNotAncmt&methodnm=selectOfrNotAncmtRegst&not_ancmt_mgt_no=58126&subCheck=Y | 기타수질오염원 신고사항 직권말소 사전통지 공시송달 공고 / 2026-07-14 / https://eminwon.gangdong.go.kr/emwp/gov/mogaha/ntis/web/ofr/action/OfrAction.do?context=NTIS&homepage_pbs_yn=Y&jndinm=OfrNotAncmtEJB&method=selectOfrNotAncmt&methodnm=selectOfrNotAncmtRegst&not_ancmt_mgt_no=58114&subCheck=Y","5743"
"LGS-000027","부산광역시","부산광역시","부산광역시청","http://www.busan.go.kr/nbnews","PASS","SPRING_BBS","11","11","0","200","","","부산시, 시민의 삶을 지키는 민생 100일 비상조치 추진 / 2026-07-02 / https://www.busan.go.kr/nbnews/1738221?curPage=&srchBeginDt=2025-07-14&srchEndDt=2026-07-14&searchKey=&searchText= | 「2026 피란수도 부산 국가유산 야행」명탐정, 금순이.금동이 참가자 모집[7.15.(수) 10:00부터] / 2026-07-13 / https://www.busan.go.kr/nbnews/1740572?curPage=&srchBeginDt=2025-07-14&srchEndDt=2026-07-14&srchKey=&srchText= | 2026년 제1회 일대일 창업 컨설팅 신청 안내 / 2026-07-13 / https://www.busan.go.kr/nbnews/1740553?curPage=&srchBeginDt=2025-07-14&srchEndDt=2026-07-14&srchKey=&srchText=","1718"
"LGS-000028","부산광역시","중구","중구청","http://www.bsjunggu.go.kr/board/list.junggu?boardId=BBS_0000001&menuCd=DOM_000000103001001000&contentsSid=101","PASS","HEURISTIC_NOTICE","10","10","0","200","","","2026년 하반기 찾아가는 칼갈이 수리센터 운영 안내 / 2026-07-09 / https://www.bsjunggu.go.kr/board/view.junggu?boardId=BBS_0000001&menuCd=DOM_000000103001001000&paging=ok&startPage=1&dataSid=257265 | 2026년 핑크문화데이 운영 안내(7~8월) / 2026-07-09 / https://www.bsjunggu.go.kr/board/view.junggu?boardId=BBS_0000001&menuCd=DOM_000000103001001000&paging=ok&startPage=1&dataSid=257247 | 「2026년 지진안전 AI 영상 공모전」개최 알림 / 2026-07-08 / https://www.bsjunggu.go.kr/board/view.junggu?boardId=BBS_0000001&menuCd=DOM_000000103001001000&paging=ok&startPage=1&dataSid=257230","1103"
"LGS-000029","부산광역시","서구","서구청","http://www.bsseogu.go.kr/board/list.bsseogu?boardId=BBS_0000039&menuCd=DOM_000000103001012000&contentsSid=877&cpath=","PASS","RFC_BLOGLIST_NOTICE","10","10","0","200","","","관내 공동주택 승강기 안전사고 예방을 위한 안전 신호등 설치 홍보 / 2026-07-09 / https://www.bsseogu.go.kr/board/view.do?boardId=BBS_0000039&menuCd=DOM_000000103001012000&orderBy=REGISTER_DATE%20DESC&paging=ok&startPage=1&dataSid=274203 | 승강기 사고배상 책임보험 의무가입 안내 / 2026-07-09 / https://www.bsseogu.go.kr/board/view.do?boardId=BBS_0000039&menuCd=DOM_000000103001012000&orderBy=REGISTER_DATE%20DESC&paging=ok&startPage=1&dataSid=274202 | 7월 식중독 주의정보 및 식품안전 소식지 / 2026-07-08 / https://www.bsseogu.go.kr/board/view.do?boardId=BBS_0000039&menuCd=DOM_000000103001012000&orderBy=REGISTER_DATE%20DESC&paging=ok&startPage=1&dataSid=274171","3660"
"LGS-000030","부산광역시","동구","동구청","http://www.bsdonggu.go.kr/board/list.donggu?boardId=BBS_0000023&menuCd=DOM_000000103001001000&contentsSid=276","PASS","SUBJECT_NOTICE_TABLE","13","13","0","200","","","공영주차장 승용차 5부제 시행 및 제외 주차장 알림 / 2026-04-09 / https://www.bsdonggu.go.kr/board/view.donggu?boardId=BBS_0000023&menuCd=DOM_000000103001001000&paging=ok&startPage=1&dataSid=5089085 | 2026년 동구 의료요양 통합돌봄 지원사업 안내 / 2026-04-01 / https://www.bsdonggu.go.kr/board/view.donggu?boardId=BBS_0000023&menuCd=DOM_000000103001001000&paging=ok&startPage=1&dataSid=5088677 | 한복 착용 시 <반 고흐 레플리카전시> 관람료 50% 할인 / 2026-02-10 / https://www.bsdonggu.go.kr/board/view.donggu?boardId=BBS_0000023&menuCd=DOM_000000103001001000&paging=ok&startPage=1&dataSid=5085307","1642"
"LGS-000031","부산광역시","영도구","영도구청","http://www.yeongdo.go.kr/00000/00007/00008.web","PASS","SCMS_CARD_NOTICE","10","10","0","200","","","2026년 해체감리자 등재명부(2026. 7. 6. 기준)알림 새 글 / 2026-07-13 / https://www.yeongdo.go.kr/00000/00007/?gcode=1025&idx=332991&amode=view& | 남항분관 7월(제헌절) 휴관일 안내 새 글 / 2026-07-12 / https://www.yeongdo.go.kr/00000/00007/?gcode=1136&idx=332988&amode=view& | 7월~8월 영도대교 도개행사 공지사항 / 2026-07-10 / https://www.yeongdo.go.kr/00000/00007/?gcode=1025&idx=332973&amode=view&","2048"
"LGS-000032","부산광역시","부산진구","부산진구청","https://www.busanjin.go.kr/board/list.busanjin?boardId=BBS_0000009&menuCd=DOM_000000110001001000&contentsSid=316&cpath=","PASS","SPRING_BBS","10","10","0","200","","","2026년 8월 한방 愛 찾아가는 건강주치의 사업 운영 일정 / 2026-07-13 / https://www.busanjin.go.kr/board/view.busanjin?boardId=BBS_0000009&menuCd=DOM_000000110001001000&paging=ok&startPage=1&dataSid=3968494 | 2026년 동물등록 자진신고 및 집중단속기간 운영 안내 / 2026-07-10 / https://www.busanjin.go.kr/board/view.busanjin?boardId=BBS_0000009&menuCd=DOM_000000110001001000&paging=ok&startPage=1&dataSid=3968342 | 『2026 부산진구 드림스타트』 신청 안내 / 2026-07-10 / https://www.busanjin.go.kr/board/view.busanjin?boardId=BBS_0000009&menuCd=DOM_000000110001001000&paging=ok&startPage=1&dataSid=3968305","1614"
"LGS-000033","부산광역시","동래구","동래구청","http://www.dongnae.go.kr/board/list.dongnae?boardId=BBS_0000012&menuCd=DOM_000000103001001000&contentsSid=41&cpath=","PASS","SPRING_BBS","10","10","0","200","","","'부산광역시 성평등정책 실태 및 시민체감도 향상 방안' 연구 초점집단면접조사 참여자 모집 / 2026-07-13 / https://www.dongnae.go.kr/board/view.dongnae?boardId=BBS_0000012&menuCd=DOM_000000103001001000&startPage=1&dataSid=896644 | [성평등가족부] 슬기로운 가족생활 '맞춤형 가족관계교육' 운영(매월 셋째주) / 2026-07-13 / https://www.dongnae.go.kr/board/view.dongnae?boardId=BBS_0000012&menuCd=DOM_000000103001001000&startPage=1&dataSid=896641 | 2026년 건강생활지원센터 체력단련실 2기 회원 모집 / 2026-07-13 / https://www.dongnae.go.kr/board/view.dongnae?boardId=BBS_0000012&menuCd=DOM_000000103001001000&startPage=1&dataSid=896638","4140"
"LGS-000034","부산광역시","남구","남구청","https://eminwon.bsnamgu.go.kr/emwp/gov/mogaha/ntis/web/ofr/action/OfrAction.do?context=NTIS&homepage_pbs_yn=Y&jndinm=OfrNotAncmtEJB&method=selectListOfrNotAncmt&methodnm=selectListOfrNotAncmtHomepage&not_ancmt_se_code=01%2C04&pageIndex=1&subCheck=Y&yyyy=","PASS","SAFE_SAEOL_EMINWON_LEGACY","20","20","0","200","","","릴레이 토크콘서트 청년담장 이야기 영상 추가 모집 공고 / 2026-07-13 / https://eminwon.bsnamgu.go.kr/emwp/gov/mogaha/ntis/web/ofr/action/OfrAction.do?context=NTIS&homepage_pbs_yn=Y&jndinm=OfrNotAncmtEJB&method=selectOfrNotAncmt&methodnm=selectOfrNotAncmtRegst&not_ancmt_mgt_no=45721&subCheck=Y | 부산광역시 남구 건축위원회 위원 추가 공개모집 공고 / 2026-07-13 / https://eminwon.bsnamgu.go.kr/emwp/gov/mogaha/ntis/web/ofr/action/OfrAction.do?context=NTIS&homepage_pbs_yn=Y&jndinm=OfrNotAncmtEJB&method=selectOfrNotAncmt&methodnm=selectOfrNotAncmtRegst&not_ancmt_mgt_no=45720&subCheck=Y | 주민등록신고 미이행자에 대한 직권조치 결과공고 / 2026-07-13 / https://eminwon.bsnamgu.go.kr/emwp/gov/mogaha/ntis/web/ofr/action/OfrAction.do?context=NTIS&homepage_pbs_yn=Y&jndinm=OfrNotAncmtEJB&method=selectOfrNotAncmt&methodnm=selectOfrNotAncmtRegst&not_ancmt_mgt_no=45723&subCheck=Y","4637"
"LGS-000035","부산광역시","북구","북구청","https://www.bsbukgu.go.kr/board/list.bsbukgu?boardId=BBS_0000023&menuCd=DOM_000000105001001000&contentsSid=368&cpath=","PASS","SPRING_BBS","12","12","0","200","","","고유가 피해지원금 2차 지급 안내(5.18. ~ 7.3.) / 2026-05-15 / https://www.bsbukgu.go.kr/board/view.bsbukgu?boardId=BBS_0000023&menuCd=DOM_000000105001001000&paging=ok&startPage=1&dataSid=1103862 | 「고유가 피해지원금」대상 여부, 국민비서에서 확인하세요! / 2026-05-13 / https://www.bsbukgu.go.kr/board/view.bsbukgu?boardId=BBS_0000023&menuCd=DOM_000000105001001000&paging=ok&startPage=1&dataSid=1103817 | 2026년 부산광역시 건설기술교육원 하반기 교육생 모집 / 2026-07-09 / https://www.bsbukgu.go.kr/board/view.bsbukgu?boardId=BBS_0000023&menuCd=DOM_000000105001001000&paging=ok&startPage=1&dataSid=1105259","1580"
"LGS-000036","부산광역시","해운대구","해운대구청","http://www.haeundae.go.kr/board/list.do?boardId=BBS_0000038&menuCd=DOM_000000104001001000&contentsSid=100","PASS","HEURISTIC_NOTICE","14","14","0","200","","","2027년 노후 공동주택 주차장 설치지원 사업 시행 알.. / 2026-07-13 / http://www.haeundae.go.kr/board/view.do?boardId=BBS_0000038&menuCd=DOM_000000104001001000&paging=ok&startPage=1&dataSid=3170473 | 2026년 6월분 재활용품 수집전표 게시 / 2026-07-13 / http://www.haeundae.go.kr/board/view.do?boardId=BBS_0000038&menuCd=DOM_000000104001001000&paging=ok&startPage=1&dataSid=3170455 | 「2026 해운대구 인구정책 숏폼 공모전」 안내 / 2026-07-13 / http://www.haeundae.go.kr/board/view.do?boardId=BBS_0000038&menuCd=DOM_000000104001001000&paging=ok&startPage=1&dataSid=3170452","3946"
"LGS-000037","부산광역시","사하구","사하구청","http://www.saha.go.kr/portal/bbs/list.do?ptIdx=22&mId=0301010000","PASS","SAFE_BOARD_VIEW","10","10","0","200","","","7월 정보보호의 달 「정보보안 캠페인」 실시 안내 / 2026-07-13 / http://www.saha.go.kr/portal/bbs/view.do?mId=0301010000&bIdx=153420&ptIdx=22 | 제28회 부산광역시장배 전국바둑대회 안내 / 2026-07-10 / http://www.saha.go.kr/portal/bbs/view.do?mId=0301010000&bIdx=153399&ptIdx=22 | (부산시)청렴부산 숏폼 영상 공모전 알림 / 2026-07-09 / http://www.saha.go.kr/portal/bbs/view.do?mId=0301010000&bIdx=153390&ptIdx=22","2764"
"LGS-000038","부산광역시","금정구","금정구청","http://www.geumjeong.go.kr/board/list.geumj?boardId=BBS_0000004&menuCd=DOM_000000124002001000&contentsSid=3855&cpath=","PASS","SPRING_BBS","13","13","0","200","","","2026년 AI디지털배움터 파견교육 신청 안내 / 2026-06-23 / https://www.geumjeong.go.kr/board/view.geumj?boardId=BBS_0000004&menuCd=DOM_000000124002001000&paging=ok&startPage=1&categoryCode2=1&dataSid=979352 | AI디지털배움터 교육생모집 안내 / 2026-06-23 / https://www.geumjeong.go.kr/board/view.geumj?boardId=BBS_0000004&menuCd=DOM_000000124002001000&paging=ok&startPage=1&categoryCode2=1&dataSid=979345 | 2026년 사랑의 그린PC 보급 신청 안내 / 2026-05-26 / https://www.geumjeong.go.kr/board/view.geumj?boardId=BBS_0000004&menuCd=DOM_000000124002001000&paging=ok&startPage=1&categoryCode2=1&dataSid=978570","1797"
"LGS-000039","부산광역시","강서구","강서구청","https://www.bsgangseo.go.kr/portal/board/post/list.do?bcIdx=500&mid=0501010000&token=1739334701754","PASS","SAFE_YH_BOARD_POST","13","13","0","200","","","2026년 여름철 복지위기가구 집중 발굴·지원 안내 / 2026-07-08 / https://www.bsgangseo.go.kr/portal/board/post/view.do?bcIdx=500&mid=0501010000&idx=408999 | 2026년 강동동행정복지센터 찾아가는 이동식 그냥드림(취약계층 먹거리 기본 보장) 사업 운영 안내 / 2026-05-19 / https://www.bsgangseo.go.kr/portal/board/post/view.do?bcIdx=500&mid=0501010000&idx=408279 | 관내 응급의료시설 운영 종료에 따른 인근 응급의료기관(시설) 안내 / 2026-05-11 / https://www.bsgangseo.go.kr/portal/board/post/view.do?bcIdx=500&mid=0501010000&idx=408188","1756"
"LGS-000040","부산광역시","연제구","연제구청","https://www.yeonje.go.kr/portal/bbs/list.do?ptIdx=10&mId=0206010000","PASS","SPRING_BBS","11","11","0","200","","","2026년 보건소 제1진료실 기간제근로자(간호사) 채용 공고 / 2026-06-16 / https://www.yeonje.go.kr/portal/bbs/view.do?bIdx=130635&ptIdx=10 | 2026년 식품위생안심업소(위생등급제) 컨설팅 지원사업 모집 / 2026-07-13 / https://www.yeonje.go.kr/portal/bbs/view.do?bIdx=130960&ptIdx=10 | 2026년 제30회 민원봉사대상 수상후보자 공적 게시 / 2026-07-10 / https://www.yeonje.go.kr/portal/bbs/view.do?bIdx=130946&ptIdx=10","3288"
"LGS-000041","부산광역시","수영구","수영구청","http://www.suyeong.go.kr/board/list.suyeong?boardId=BBS_0000001&menuCd=DOM_000000103001001000&contentsSid=221","PASS","SPRING_BBS","28","28","0","200","","","2026 부산광역시 하반기 전세사기피해주택 시설개선 지원사업 안내 / 2026-07-09 / https://www.suyeong.go.kr/tour/board/view.suyeong?boardId=BBS_0000001&menuCd=DOM_000000103001001000&paging=ok&startPage=1&dataSid=365300 | 2026년 7월 AI디지털배움터 교육과정 안내 / 2026-07-08 / https://www.suyeong.go.kr/tour/board/view.suyeong?boardId=BBS_0000001&menuCd=DOM_000000103001001000&paging=ok&startPage=1&dataSid=365184 | <새수영> 수영구 축제를 즐긴 사진과 사연을 보내주세요(7.15.마감) / 2026-07-07 / https://www.suyeong.go.kr/tour/board/view.suyeong?boardId=BBS_0000001&menuCd=DOM_000000103001001000&paging=ok&startPage=1&dataSid=365088","4205"
"LGS-000042","부산광역시","사상구","사상구청","https://www.sasang.go.kr/board/list.sasang?boardId=BBS_0000001&menuCd=DOM_000000104008001000&startPage=1","PASS","SUBJECT_NOTICE_TABLE","10","10","0","200","","","2026년 지역사회서비스 투자사업 이용자 추가 모집·선발 안내 / 2026-07-13 / https://www.sasang.go.kr/board/view.sasang?boardId=BBS_0000001&menuCd=DOM_000000104008001000&startPage=1&dataSid=564088 | 2026년 제12회 사상구 건축(해체전문)위원회 심의 결과 알림 / 2026-07-10 / https://www.sasang.go.kr/board/view.sasang?boardId=BBS_0000001&menuCd=DOM_000000104008001000&startPage=1&dataSid=563930 | 무연분묘 개장허가 사항 알림（경상남도 양산시） / 2026-07-10 / https://www.sasang.go.kr/board/view.sasang?boardId=BBS_0000001&menuCd=DOM_000000104008001000&startPage=1&dataSid=563913","1231"
"LGS-000043","부산광역시","기장군","기장군청","http://www.gijang.go.kr/board/list.gijang?boardId=BBS_0000002&menuCd=DOM_000000101001001000&contentsSid=12&cpath=","PASS","SUBJECT_NOTICE_TABLE","10","10","0","200","","","1인 가구 커뮤니티 공간 「Cafe 休(휴)」 7월 운영 안내 / 2026-07-13 / https://www.gijang.go.kr/board/view.gijang?boardId=BBS_0000002&menuCd=DOM_000000101001001000&paging=ok&startPage=1&dataSid=247490 | 제3차 아동정책기본계획 아동용 안내서 / 2026-07-13 / https://www.gijang.go.kr/board/view.gijang?boardId=BBS_0000002&menuCd=DOM_000000101001001000&paging=ok&startPage=1&dataSid=247488 | 도시침수 에방 빗물받이 관리 홍보 / 2026-07-13 / https://www.gijang.go.kr/board/view.gijang?boardId=BBS_0000002&menuCd=DOM_000000101001001000&paging=ok&startPage=1&dataSid=247480","4597"
"LGS-000044","대구광역시","대구광역시","대구광역시청","https://www.daegu.go.kr/index.do?menu_id=00000854","PASS","SAFE_ICMS_BOARD","12","12","0","200","","","공공기관 및 공영주차장 승용차 5부제 시행 안내 / 2026-04-07 / https://www.daegu.go.kr/index.do?menu_id=00000854&menu_link=/icms/bbs/selectBoardArticle.do&bbsId=BBS_00029&nttId=795285 | 대구형 통합돌봄 '단디돌봄' 제도 시행 안내_「돌봄통합지원법」시... / 2026-03-24 / https://www.daegu.go.kr/index.do?menu_id=00000854&menu_link=/icms/bbs/selectBoardArticle.do&bbsId=BBS_00029&nttId=793527 | 2025년도 사회복지시설 평가 결과 / 2026-07-13 / https://www.daegu.go.kr/index.do?menu_id=00000854&menu_link=/icms/bbs/selectBoardArticle.do&bbsId=BBS_00029&nttId=813207","1274"
"LGS-000045","대구광역시","중구","중구청","https://eminwon.jung.daegu.kr/emwp/gov/mogaha/ntis/web/ofr/action/OfrAction.do?context=NTIS&homepage_pbs_yn=Y&jndinm=OfrNotAncmtEJB&method=selectListOfrNotAncmt&methodnm=selectListOfrNotAncmtHomepage&not_ancmt_se_code=01%2C04&pageIndex=1&subCheck=Y&yyyy=","PASS","SAFE_SAEOL_EMINWON_LEGACY","20","20","0","200","","","공인중개사법 위반 과태료 부과 공시송달 공고 / 2026-07-14 / https://eminwon.jung.daegu.kr/emwp/gov/mogaha/ntis/web/ofr/action/OfrAction.do?context=NTIS&homepage_pbs_yn=Y&jndinm=OfrNotAncmtEJB&method=selectOfrNotAncmt&methodnm=selectOfrNotAncmtRegst&not_ancmt_mgt_no=34061&subCheck=Y | 소유자불명 무단방치 이륜차량 강제처분 공고 / 2026-07-13 / https://eminwon.jung.daegu.kr/emwp/gov/mogaha/ntis/web/ofr/action/OfrAction.do?context=NTIS&homepage_pbs_yn=Y&jndinm=OfrNotAncmtEJB&method=selectOfrNotAncmt&methodnm=selectOfrNotAncmtRegst&not_ancmt_mgt_no=34062&subCheck=Y | 대구광역시 중구 2026년 건설공사 안전점검 수행기관 모집 공고 / 2026-07-13 / https://eminwon.jung.daegu.kr/emwp/gov/mogaha/ntis/web/ofr/action/OfrAction.do?context=NTIS&homepage_pbs_yn=Y&jndinm=OfrNotAncmtEJB&method=selectOfrNotAncmt&methodnm=selectOfrNotAncmtRegst&not_ancmt_mgt_no=34057&subCheck=Y","2523"
"LGS-000046","대구광역시","동구","동구청","https://www.dong.daegu.kr/portal/board/post/list.do?bcIdx=500&mid=0201010000&token=1706162215124","PASS","SAFE_YH_BOARD_POST","13","13","0","200","","","2026년 대구 동구 여름축제 '두두썸동(두근두근썸머동구)' 개최 안내 / 2026-07-13 / https://www.dong.daegu.kr/portal/board/post/view.do?bcIdx=500&mid=0201010000&idx=194913 | 대구광역시 하수도 사용료 인상 안내문 / 2026-07-09 / https://www.dong.daegu.kr/portal/board/post/view.do?bcIdx=500&mid=0201010000&idx=194881 | 2026년 대구 동구 여름축제 두근두근썸머동구 댄스경연대회 「SUMMER MOVE IT」 본선진출팀 발표 / 2026-06-30 / https://www.dong.daegu.kr/portal/board/post/view.do?bcIdx=500&mid=0201010000&idx=194697","1939"
"LGS-000047","대구광역시","서구","서구청","https://www.dgs.go.kr/portal/board/post/list.do?bcIdx=566&mid=0601010000&token=1747370338925","PASS","SPRING_BBS","15","14","1","200","","","폭염 대비 취약집단별 온열질환 예방 행동요령 안내 / 2026-07-13 / https://www.dgs.go.kr/portal/board/post/view.do?bcIdx=566&mid=0601010000&idx=251316 | 공군 제11전투비행단 '26년 7월 야간비행훈련 계획 안내 / 2026-06-26 / https://www.dgs.go.kr/portal/board/post/view.do?bcIdx=566&mid=0601010000&idx=251136 | 「2026년도 지역특화형 비자사업」 지역 우수인재 및 외국 국적동포 모집 공고 / 2026-01-02 / https://www.dgs.go.kr/portal/board/post/view.do?bcIdx=566&mid=0601010000&idx=249127","1680"
"LGS-000048","대구광역시","남구","남구청","https://nam.daegu.kr/index.do?menu_id=00000848","PASS","SAFE_ICMS_BOARD","15","14","1","200","","","[공군] 제11전투비행단 '26년 7월 야간비행훈련 계획 / 2026-06-29 / https://nam.daegu.kr/index.do?menu_id=00000848&menu_link=/icms/bbs/selectBoardArticle.do&bbsId=BBSMSTR_000000000591&nttId=191666 | 소규모 공중이용시설 편의시설 설치 지원 사업 / 2026-04-07 / https://nam.daegu.kr/index.do?menu_id=00000848&menu_link=/icms/bbs/selectBoardArticle.do&bbsId=BBSMSTR_000000000591&nttId=190762 | 하천·계곡 구역 내 불법 점용시설 단속기간 안내 / 2026-03-25 / https://nam.daegu.kr/index.do?menu_id=00000848&menu_link=/icms/bbs/selectBoardArticle.do&bbsId=BBSMSTR_000000000591&nttId=190553","937"
"LGS-000049","대구광역시","북구","북구청","http://www.buk.daegu.kr/index.do?menu_id=00000195","PASS","SAFE_ICMS_BOARD_EXTENDED","10","10","0","200","","","대구광역시 하수도 사용료 인상 안내 / 2026-07-13 / http://www.buk.daegu.kr/index.do?menu_id=00000195&menu_link=/icms/bbs/selectBoardArticle.do&bbsId=BBSMSTR_000000001176&nttId=72707 | 미혼모부·한부모·조손가족 무료 건강검진 지원 안내 / 2026-07-02 / http://www.buk.daegu.kr/index.do?menu_id=00000195&menu_link=/icms/bbs/selectBoardArticle.do&bbsId=BBSMSTR_000000001176&nttId=72508 | 한부모가족 아동양육비 등 정부지원금 부정수급 집중신고기간 운영 / 2026-07-02 / http://www.buk.daegu.kr/index.do?menu_id=00000195&menu_link=/icms/bbs/selectBoardArticle.do&bbsId=BBSMSTR_000000001176&nttId=72507","1787"
"LGS-000050","대구광역시","수성구","수성구청","https://www.suseong.kr/?menu_id=00000063","PASS","SAFE_ICMS_BOARD","10","10","0","200","","","2026년 제4차 범어도서관 기간제근로자 채용 공고 / 2026-07-13 / https://www.suseong.kr/index.do?menu_id=00000063&menu_link=/icms/bbs/selectBoardArticle.do&bbsId=BBSMSTR_000000000015&nttId=138506 | 장애인 특별공급 “달서자이 제니크” 기관추천 접수 안내 / 2026-07-11 / https://www.suseong.kr/index.do?menu_id=00000063&menu_link=/icms/bbs/selectBoardArticle.do&bbsId=BBSMSTR_000000000015&nttId=138505 | 2026년 상반기 대부업 실태조사 자료 제출 / 2026-07-09 / https://www.suseong.kr/index.do?menu_id=00000063&menu_link=/icms/bbs/selectBoardArticle.do&bbsId=BBSMSTR_000000000015&nttId=138491","3216"
"LGS-000051","대구광역시","달서구","달서구청","https://dalseo.daegu.kr/?menu_id=10000102","PASS","SAFE_ICMS_BOARD","10","10","0","200","","","거주불명자 행정상주소이전 1차공고 / 2026-07-13 / https://dalseo.daegu.kr/index.do?menu_id=10000102&menu_link=/icms/bbs/selectBoardArticle.do&bbsId=BBS_00029&nttId=104617 | 주민등록 무단전출자에 대한 최고 공고 / 2026-07-13 / https://dalseo.daegu.kr/index.do?menu_id=10000102&menu_link=/icms/bbs/selectBoardArticle.do&bbsId=BBS_00029&nttId=104611 | 2026년 제2단계 공공근로사업 참여자 모집 공고 / 2026-07-13 / https://dalseo.daegu.kr/index.do?menu_id=10000102&menu_link=/icms/bbs/selectBoardArticle.do&bbsId=BBS_00029&nttId=104607","2521"
"LGS-000052","대구광역시","달성군","달성군청","https://eminwon.dalseong.daegu.kr/emwp/gov/mogaha/ntis/web/ofr/action/OfrAction.do?context=NTIS&homepage_pbs_yn=Y&jndinm=OfrNotAncmtEJB&method=selectListOfrNotAncmt&methodnm=selectListOfrNotAncmtHomepage&not_ancmt_se_code=01%2C04&pageIndex=1&subCheck=Y&yyyy=","PASS","SAFE_SAEOL_EMINWON","21","20","1","200","","","공원조성계획 결정 변경 및 지형도면 고시 / 2026-07-14 / https://eminwon.dalseong.daegu.kr/emwp/gov/mogaha/ntis/web/ofr/action/OfrAction.do?context=NTIS&homepage_pbs_yn=Y&jndinm=OfrNotAncmtEJB&method=selectOfrNotAncmt&methodnm=selectOfrNotAncmtRegst&not_ancmt_mgt_no=53261&subCheck=Y | 2026년 가업승계 농업인 지원사업 대상자 공모 / 2026-07-14 / https://eminwon.dalseong.daegu.kr/emwp/gov/mogaha/ntis/web/ofr/action/OfrAction.do?context=NTIS&homepage_pbs_yn=Y&jndinm=OfrNotAncmtEJB&method=selectOfrNotAncmt&methodnm=selectOfrNotAncmtRegst&not_ancmt_mgt_no=53291&subCheck=Y | 여객자동차 운수사업법 위반 사전통지서 반송분 공시송달 / 2026-07-14 / https://eminwon.dalseong.daegu.kr/emwp/gov/mogaha/ntis/web/ofr/action/OfrAction.do?context=NTIS&homepage_pbs_yn=Y&jndinm=OfrNotAncmtEJB&method=selectOfrNotAncmt&methodnm=selectOfrNotAncmtRegst&not_ancmt_mgt_no=53287&subCheck=Y","3498"
"LGS-000053","대구광역시","군위군","군위군청","https://www.gunwi.go.kr/ko/page.do?mnu_uid=666&boardType=notice","PASS","GUNWI_NOTICE_TABLE","10","10","0","200","","","2026년 효령면 농지 전수조사 조사원 추가 채용공고 / 2026-07-13 / https://www.gunwi.go.kr/ko/?board_code=&srchSDate=&srchKwd=&srchColumn=&srchDept=&srchEDate=&mnu_uid=666&not_ancmt_mgt_no=26123&pageNo=1&cmd=2 | 2026년 대구광역시 군위군 지방세입 체납관리단 기간제... / 2026-07-13 / https://www.gunwi.go.kr/ko/?board_code=&srchSDate=&srchKwd=&srchColumn=&srchDept=&srchEDate=&mnu_uid=666&not_ancmt_mgt_no=26122&pageNo=1&cmd=2 | 제298회 군위군의회 임시회 집회 공고 / 2026-07-10 / https://www.gunwi.go.kr/ko/?board_code=&srchSDate=&srchKwd=&srchColumn=&srchDept=&srchEDate=&mnu_uid=666&not_ancmt_mgt_no=26119&pageNo=1&cmd=2","1398"
"LGS-000054","인천광역시","인천광역시","인천광역시청","https://www.incheon.go.kr/IC010101","PASS","SPRING_BBS","11","11","0","200","","","공무원 사칭 물품 구매 사기(보이스피싱) 주의 / 2026-07-03 / https://www.incheon.go.kr/IC010101/view?nttNo=2045968&curPage=1 | (재)인천인재평생교육진흥원 상임이사(원장) 채용 공고 / 2026-07-13 / https://www.incheon.go.kr/IC010101/view?nttNo=2046002&curPage=1 | 2026년도 라돈 무료측정 및 저감 컨설팅 사업 안내 / 2026-07-13 / https://www.incheon.go.kr/IC010101/view?nttNo=2046001&curPage=1","2568"
"LGS-000055","인천광역시","제물포구","제물포구청","https://www.jemulpo.go.kr/main/information/news/notice.jsp","PASS","SPRING_BBS","10","8","2","200","","","행정체제 개편에 따른 전화번호 변경 안내(7. 6.) / 2026-07-03 / https://www.jemulpo.go.kr/main/bbs/bbsMsgDetail.do?msg_seq=59258&bcd=notice | 2026년 6월 수돗물 수질검사 결과 / 2026-07-10 / https://www.jemulpo.go.kr/main/bbs/bbsMsgDetail.do?msg_seq=59281&bcd=notice | 2026년 침수방지시설 지원사업 안내 / 2026-07-07 / https://www.jemulpo.go.kr/main/bbs/bbsMsgDetail.do?msg_seq=59270&bcd=notice","1502"
"LGS-000056","인천광역시","영종구","영종구청","https://yeongjong.go.kr/main/pst/list.do?pst_id=mn_ntc","PASS","SPRING_BBS","10","10","0","200","","","제6회 공항일자리 채용의 날 / 2026-07-06 / https://www.yeongjong.go.kr/main/pst/view.do?pst_id=mn_ntc&pst_sn=332033&search=c2xUTFRHb29DZVZtaUxhRGVtSk1XQT09 | [이벤트] 영종구는 처음이지? / 2026-07-01 / https://www.yeongjong.go.kr/main/pst/view.do?pst_id=mn_ntc&pst_sn=331941&search=c2xUTFRHb29DZVZtaUxhRGVtSk1XQT09 | 2026년 1월 1일 기준 개별공시지가 재결정 / 2026-06-26 / https://www.yeongjong.go.kr/main/pst/view.do?pst_id=mn_ntc&pst_sn=331842&search=c2xUTFRHb29DZVZtaUxhRGVtSk1XQT09","2596"
"LGS-000057","인천광역시","미추홀구","미추홀구청","https://www.michuhol.go.kr/main/board/list.do?board_code=board_1","PASS","SPRING_BBS","10","10","0","200","","","「제8회 레이저사격 체험교실」 참가 신청 안내 / 2026-07-13 / https://www.michuhol.go.kr/main/board/view.do?sq=309752&board_code=board_1&search=eyJib2FyZF9jb2RlIjoiYm9hcmRfMSJ9 | 미추홀구 주간행사계획 [2026. 7. 13.(월) ~ 2026. 7. 19.(일)] / 2026-07-10 / https://www.michuhol.go.kr/main/board/view.do?sq=309727&board_code=board_1&search=eyJib2FyZF9jb2RlIjoiYm9hcmRfMSJ9 | 2026년도 라돈 무료측정 및 저감 컨설팅 사업 홍보 / 2026-07-10 / https://www.michuhol.go.kr/main/board/view.do?sq=309721&board_code=board_1&search=eyJib2FyZF9jb2RlIjoiYm9hcmRfMSJ9","2358"
"LGS-000058","인천광역시","연수구","연수구청","http://www.yeonsu.go.kr/main/community/notify/notice.asp","PASS","SPRING_BBS","35","35","0","200","","","산전·후 우울예방교육 「엄마를 부탁해」 / 2026-07-13 / https://www.yeonsu.go.kr:443/main/community/notify/notice.asp?page=v&gotopage=1&seq=118819&keyfield=&keyword=&s_date=&e_date=&eminwon=&dept_idx=&head_idx=&se_dept_idx=&category=&head_idx_cateYN=&listCnt= | 규제합리화 대국민 공모전 안내 / 2026-07-10 / https://www.yeonsu.go.kr:443/main/community/notify/notice.asp?page=v&gotopage=1&seq=118801&keyfield=&keyword=&s_date=&e_date=&eminwon=&dept_idx=&head_idx=&se_dept_idx=&category=&head_idx_cateYN=&listCnt= | 불법 주방용 오물분쇄기 사용 근절 관련 안내 / 2026-07-10 / https://www.yeonsu.go.kr:443/main/community/notify/notice.asp?page=v&gotopage=1&seq=118800&keyfield=&keyword=&s_date=&e_date=&eminwon=&dept_idx=&head_idx=&se_dept_idx=&category=&head_idx_cateYN=&listCnt=","891"
"LGS-000059","인천광역시","남동구","남동구청","http://www.namdong.go.kr/main/bbs/bbsMsgList.do?bcd=notice","PASS","HEURISTIC_NOTICE","20","20","0","200","","","[공지] 2026년도 소규모 사업장 방지시설 설치 지원사업 공고(3차) 안내 / 2026-07-06 / https://www.namdong.go.kr/main/bbs/bbsMsgDetail.do?msg_seq=15882&bcd=notice | [공지] 사물인터넷(IoT) 측정기기 부착기한 연장 관련 부착계획서 제출 안내 / 2026-05-19 / https://www.namdong.go.kr/main/bbs/bbsMsgDetail.do?msg_seq=15841&bcd=notice | [공지] 65세 미만 장애인 통합돌봄 사업안내 / 2026-05-19 / https://www.namdong.go.kr/main/bbs/bbsMsgDetail.do?msg_seq=15838&bcd=notice","1984"
"LGS-000060","인천광역시","부평구","부평구청","http://www.icbp.go.kr/main/participation/news/notice.jsp","PASS","HEURISTIC_NOTICE","7","7","0","200","","","「2026년 인천광역시 중소기업 노동자 자녀 장학금 지원사업」모집 안내 / 2026-07-13 / https://www.icbp.go.kr/main/bbs/bbsMsgDetail.do?msg_seq=37451&bcd=notice | 제4차 사업장 노동법 교육 개최 안내 / 2026-07-10 / https://www.icbp.go.kr/main/bbs/bbsMsgDetail.do?msg_seq=37450&bcd=notice | 장애인 관련글 사회복지법인 성원 이사회 회의록 공개 / 2026-07-09 / https://www.icbp.go.kr/main/bbs/bbsMsgDetail.do?msg_seq=37449&bcd=notice","2270"
"LGS-000061","인천광역시","계양구","계양구청","http://www.gyeyang.go.kr/open_content/main/bbs/bbsMsgList.do?bcd=board_4","PASS","SPRING_BBS","10","10","0","200","","","2026년도 제32회 자랑스런 계양구민상 후보자를 접수합니다. / 2026-07-13 / https://www.gyeyang.go.kr/open_content/main/bbs/bbsMsgDetail.do?msg_seq=15524&bcd=board_4 | 2026년 양성평등주간 기념 유공자 표창후보자 추천 공고문 / 2026-07-12 / https://www.gyeyang.go.kr/open_content/main/bbs/bbsMsgDetail.do?msg_seq=15523&bcd=board_4 | 계양e음(인천e음) 캐시백 한시적 종료 안내 / 2026-07-10 / https://www.gyeyang.go.kr/open_content/main/bbs/bbsMsgDetail.do?msg_seq=15522&bcd=board_4","1898"
"LGS-000062","인천광역시","서해구","서해구청","https://seohae.go.kr/open_content/main/community/news/gosi.jsp","PASS","HEURISTIC_NOTICE","3","3","0","200","","","제3자에 대한 정보공개 결정 통지 공시송달 공고 / 2026-07-09 / https://seohae.go.kr/open_content/main/bbs/bbsMsgDetail.do?msg_seq=46075&bcd=gosi | 지방소득세 반송분 공시송달 공고(2026년 6월 수시분, 5월 독촉분, 4월 독촉분) / 2026-07-09 / https://seohae.go.kr/open_content/main/bbs/bbsMsgDetail.do?msg_seq=46074&bcd=gosi | 건설공사(건축분야) 안전점검 수행기관 지정 공고(원창동 27번지 외 2필지) / 2026-07-09 / https://seohae.go.kr/open_content/main/bbs/bbsMsgDetail.do?msg_seq=46073&bcd=gosi","2147"
"LGS-000063","인천광역시","검단구","검단구청","https://www.geomdan.go.kr/main/community/news/notice.jsp","PASS","SPRING_BBS","10","10","0","200","","","아라건강생활지원센터 [어린이 건강체험 교실] 개인 참여자 모집 안내 NEW / 2026-07-13 / https://www.geomdan.go.kr/main/bbs/bbsMsgDetail.do?msg_seq=38&bcd=notice | [게시글 이관] 인천광역시 검단구 공공디자인 진흥위원회 위원 공개모집 공고 NEW / 2026-07-13 / https://www.geomdan.go.kr/main/bbs/bbsMsgDetail.do?msg_seq=37&bcd=notice | 「인천광역시 검단구 물놀이장」개장 안내 NEW / 2026-07-13 / https://www.geomdan.go.kr/main/bbs/bbsMsgDetail.do?msg_seq=39&bcd=notice","1278"
"LGS-000064","인천광역시","강화군","강화군청","http://www.ganghwa.go.kr/open_content/main/ganghwa/news/notice.jsp","PASS","SPRING_BBS","10","9","1","200","","","청소년문화의집 방학특강 프로그램 ESG그린코딩캠프 참여자 모집 홍보! / 2026-07-09 / https://www.ganghwa.go.kr/open_content/main/bbs/bbsMsgDetail.do;jsessionid=1F9ADD0948AB84F50CEA8DAA6BB4F812?msg_seq=12350&bcd=notice | 2026년 상반기 강화역사박물관 기획전시 <강화의 불교미술Ⅱ: 전등사-삶과 죽음 사이, 명부세계> 개최 안내 / 2026-07-07 / https://www.ganghwa.go.kr/open_content/main/bbs/bbsMsgDetail.do;jsessionid=1F9ADD0948AB84F50CEA8DAA6BB4F812?msg_seq=12349&bcd=notice | 2026년 하반기 강화 청년 발돋움 인턴십 사업 모집 공고 / 2026-07-07 / https://www.ganghwa.go.kr/open_content/main/bbs/bbsMsgDetail.do;jsessionid=1F9ADD0948AB84F50CEA8DAA6BB4F812?msg_seq=12348&bcd=notice","1291"
"LGS-000065","인천광역시","옹진군","옹진군청","http://www.ongjin.go.kr/open_content/main/community/board/notice.jsp","PASS","SPRING_BBS","10","10","0","200","","","옹진군 택배 등 유통물류비 지원사업 안내사항 알림 / 2026-07-10 / https://www.ongjin.go.kr/open_content/main/bbs/bbsMsgDetail.do?msg_seq=26706&bcd=notice | (재)옹진군인재육성재단 임원(비상임 감사) 공개모집 / 2026-07-06 / https://www.ongjin.go.kr/open_content/main/bbs/bbsMsgDetail.do?msg_seq=26705&bcd=notice | 인천형 행정체제 개편에 따른 인천광역시 및 관련구 정보시스템 일시중단 안내 / 2026-06-26 / https://www.ongjin.go.kr/open_content/main/bbs/bbsMsgDetail.do?msg_seq=26703&bcd=notice","2468"
"LGS-000066","광주광역시","동구","동구청","http://www.donggu.kr/board.es?mid=a10101010000&bid=0001","PASS","HEURISTIC_NOTICE","9","9","0","200","","","2026년 대인시장 「대인예술야시장 시즌2」 개장 안내 / 2026-07-13 / https://www.donggu.kr/board.es?mid=a10101010000&bid=0001&act=view&list_no=48784&tag=&nPage=1 | 2026년 7월은 재산세(주택1기분, 건축물분) 납부의 달입니다. / 2026-07-13 / https://www.donggu.kr/board.es?mid=a10101010000&bid=0001&act=view&list_no=48783&tag=&nPage=1 | 2026년 정부혁신 유공 정부포상 후보자 국민공모 안내 / 2026-07-10 / https://www.donggu.kr/board.es?mid=a10101010000&bid=0001&act=view&list_no=48760&tag=&nPage=1","2514"
"LGS-000067","광주광역시","서구","서구청","https://www.seogu.gwangju.kr/board.es?mid=a10311010100&bid=0034&act=listC&gon=C","PASS","HEURISTIC_NOTICE","9","9","0","200","","","새글 무연고 사망자 공고(전경식) / 2026-07-13 / https://www.seogu.gwangju.kr/board.es?mid=a10311010100&bid=0034&act=viewC&list_no=142716&tag=&nPage=1 | 새글 [서빛마루북클럽 참여자 모집] '같이 읽고 쓰기' / 2026-07-13 / https://www.seogu.gwangju.kr/board.es?mid=a10311010100&bid=0034&act=viewC&list_no=142713&tag=&nPage=1 | 새글 관내 체류 외국인 재난문자 앱(Emergency Ready App) 안내 / 2026-07-10 / https://www.seogu.gwangju.kr/board.es?mid=a10311010100&bid=0034&act=viewC&list_no=142705&tag=&nPage=1","3291"
"LGS-000068","광주광역시","남구","남구청","http://www.namgu.gwangju.kr/board.es?mid=a10604010000&bid=0001","PASS","HEURISTIC_NOTICE","10","10","0","200","","","백운광장 미디어월 편성표(7월 3주) / 2026-07-13 / https://www.namgu.gwangju.kr/board.es?mid=a10604010000&bid=0001&act=view&list_no=8834&tag=&nPage=1 | 교복나눔공유센터 휴무 알림 / 2026-07-13 / https://www.namgu.gwangju.kr/board.es?mid=a10604010000&bid=0001&act=view&list_no=8833&tag=&nPage=1 | 교복나눔공유센터 운영 현황(2026.07.13. 기준) / 2026-07-13 / https://www.namgu.gwangju.kr/board.es?mid=a10604010000&bid=0001&act=view&list_no=8832&tag=&nPage=1","2265"
"LGS-000069","광주광역시","북구","북구청","https://bukgu.gwangju.kr/board.es?mid=a10201010000&bid=0114","PASS","HEURISTIC_NOTICE","10","10","0","200","","","제4회 전남광주통합특별시 북구청장배 청년창업 아이디어 경진대회 참가자 모집 안내 / 2026-07-13 / https://bukgu.gwangju.kr/board.es?mid=a10201010000&bid=0114&act=view&list_no=15150&tag=&nPage=1 | 전남·광주 행정구역 통합에 따른 식품 포장재 사용 안내 / 2026-07-13 / https://bukgu.gwangju.kr/board.es?mid=a10201010000&bid=0114&act=view&list_no=15151&tag=&nPage=1 | 2026년 저소득층 에너지 효율 개선(난방) 사업 알림 / 2026-07-10 / https://bukgu.gwangju.kr/board.es?mid=a10201010000&bid=0114&act=view&list_no=15149&tag=&nPage=1","229"
"LGS-000070","광주광역시","광산구","광산구청","https://www.gwangsan.go.kr/boardList.do?boardId=NEWS_NEW&pageId=www3","PASS","SUBJECT_NOTICE_TABLE","10","8","2","200","","","제1회 일하는 시민예술제@광산 개최 / 2026-06-19 / https://www.gwangsan.go.kr/boardView.do?pageId=www3&boardId=NEWS_NEW&seq=5190757&movePage=1 | 2026년 RFID기반 음식물류폐기물 종량기기 설치 사업 신청 안내 / 2026-06-05 / https://www.gwangsan.go.kr/boardView.do?pageId=www3&boardId=NEWS_NEW&seq=3945580&movePage=1 | 공공 음식물자원화시설 정기보수 일정 안내 및 음식물쓰레기 감량 협조 요청 / 2026-06-02 / https://www.gwangsan.go.kr/boardView.do?pageId=www3&boardId=NEWS_NEW&seq=930823&movePage=1","2006"
"LGS-000071","대전광역시","대전광역시","대전광역시청","http://www.daejeon.go.kr/drh/MediaList.do?menuSeq=2558","PASS","DAEJEON_EMINWON_AGGREGATOR","9","9","0","200","","","고유가 피해지원금 과다 지급에 대한 환수 처분 사전통지 공시송달 공고 / 2026-07-14 / https://eminwon.djjunggu.go.kr/emwp/gov/mogaha/ntis/web/ofr/action/OfrAction.do?subCheck=Y&jndinm=OfrNotAncmtEJB&context=NTIS&method=selectOfrNotAncmt&methodnm=selectOfrNotAncmtRegst&not_ancmt_mgt_no=47870 | 도로 점용 (굴착,복구) 허가내용 공고 / 2026-07-14 / https://eminwon.seogu.go.kr/emwp/gov/mogaha/ntis/web/ofr/action/OfrAction.do?subCheck=Y&jndinm=OfrNotAncmtEJB&context=NTIS&method=selectOfrNotAncmt&methodnm=selectOfrNotAncmtRegst&not_ancmt_mgt_no=51276 | 괴곡동 괴곡길(280-3번지~952번지) 도로정비사업 견적제출 안내공고 / 2026-07-14 / https://eminwon.seogu.go.kr/emwp/gov/mogaha/ntis/web/ofr/action/OfrAction.do?subCheck=Y&jndinm=OfrNotAncmtEJB&context=NTIS&method=selectOfrNotAncmt&methodnm=selectOfrNotAncmtRegst&not_ancmt_mgt_no=51284","1133"
"LGS-000072","대전광역시","동구","동구청","https://www.donggu.go.kr/dg/kor/article/newsNotice","PASS","SAFE_DONGGU_ARTICLE","12","12","0","200","","","낭월동 산내마루 창업실습공간 입주자 모집공고 / 2026-06-23 / https://www.donggu.go.kr/dg/kor/article/newsNotice/142571 | 2025년도 공공기관 종합청렴도 평가 결과 공개 / 국민권익위원회 주관 / 2026-01-01 / https://www.donggu.go.kr/dg/kor/article/newsNotice/140734 | 2026년 사전정보공개 운영 설문조사 참여 요청 new / 2026-07-13 / https://www.donggu.go.kr/dg/kor/article/newsNotice/142767","5402"
"LGS-000073","대전광역시","중구","중구청","https://www.djjunggu.go.kr/bbs/BBSMSTR_000000000136/list.do","PASS","SAFE_EGOV_DETAIL_CELL","10","10","0","200","","","폭염대비 행동요령 / 2026-07-13 / https://www.djjunggu.go.kr/bbs/BBSMSTR_000000000136/view.do?notAncmtMgtNo=B000000227347La2bM2 | 열대야주의보 시 행동요령 / 2026-07-13 / https://www.djjunggu.go.kr/bbs/BBSMSTR_000000000136/view.do?notAncmtMgtNo=B000000227341Bh7gB5 | 대전광역시 공무원 사칭 사례 발생 및 유의 안내 / 2026-07-13 / https://www.djjunggu.go.kr/bbs/BBSMSTR_000000000136/view.do?notAncmtMgtNo=B000000227337Oq8dF1","2529"
"LGS-000074","대전광역시","서구","서구청","https://www.seogu.go.kr/bbs/BBSMSTR_000000000275/list.do","PASS","SAFE_EGOV_DETAIL_BUTTON","21","21","0","200","","","서구청장 직통 문자소통폰 안내 / 2026-07-06 / https://www.seogu.go.kr/bbs/BBSMSTR_000000000275/view.do?nttId=B000000218321Vt7tG9 | 빗물받이 유지관리 안내 / 2026-07-09 / https://www.seogu.go.kr/bbs/BBSMSTR_000000000275/view.do?nttId=B000000218363Ny5xQ8 | 서구청장 직통 문자소통폰 안내 / 2026-07-06 / https://www.seogu.go.kr/bbs/BBSMSTR_000000000275/view.do?nttId=B000000218321Vt7tG9","3717"
"LGS-000075","대전광역시","유성구","유성구청","https://www.yuseong.go.kr/bbs/BBSMSTR_000000000099/list.do","PASS","SAFE_EGOV_DETAIL_CELL","10","10","0","200","","","청년 레벨업 프로젝트(내 마음에 꽃 피우기) 참여자 모집 / 2026-07-13 / https://www.yuseong.go.kr/bbs/BBSMSTR_000000000099/view.do?notAncmtMgtNo=B000000143181Yd0yK7 | 개인정보처리업무 위탁사항 공개(세외수입체납고지서제작_7월) / 2026-07-13 / https://www.yuseong.go.kr/bbs/BBSMSTR_000000000099/view.do?notAncmtMgtNo=B000000143172Bj8pF0 | 2026년 의료급여 수급권자 무료 건강검진 안내 / 2026-07-13 / https://www.yuseong.go.kr/bbs/BBSMSTR_000000000099/view.do?notAncmtMgtNo=B000000143164Rd7cA4","2649"
"LGS-000076","대전광역시","대덕구","대덕구청","http://www.daedeok.go.kr/dpt/dpt04/DPT040101_cmmBoardList.do","PASS","SPRING_BBS","10","10","0","200","","","2026-07-13 | 곽태훈 | 2026년 한부모가족 및 청소년부모 아동양육비 지원 안내 2026년 한부모가족 및 청소년부모 아동양육비 지원 안내 / 2026-07-13 / https://www.daedeok.go.kr/dpt/dpt04/DPT040101_cmmBoardView.do?boardId=DPT_000011&pageIndex=1&ntatcSeq=1106621444 | 2026-07-13 | 최서희 | 2026년 의료기관 법정의무교육 및 범죄경력 조회자 명단 제출 안내 2026년 의료기관 법정의무교육 및 범죄경력 조회자 명단 제출 안내 / 2026-07-13 / https://www.daedeok.go.kr/dpt/dpt04/DPT040101_cmmBoardView.do?boardId=DPT_000011&pageIndex=1&ntatcSeq=1106617225 | 2026-07-13 | 강고은 | 2026년 제30회 민원봉사대상 수상 후보자 공적요약서 게시 2026년 제30회 민원봉사대상 수상 후보자 공적요약서 게시 / 2026-07-13 / https://www.daedeok.go.kr/dpt/dpt04/DPT040101_cmmBoardView.do?boardId=DPT_000011&pageIndex=1&ntatcSeq=1106594521","1515"
"LGS-000077","울산광역시","울산광역시","울산광역시청","https://www.ulsan.go.kr/u/rep/bbs/list.ulsan?bbsId=BBS_0000000000000003&mId=001004001001000000","PASS","SPRING_BBS","10","10","0","200","","","광역이음 프로젝트 사업 홍보 / 2026-07-12 / https://www.ulsan.go.kr/u/rep/bbs/view.do?mId=001004001001000000&bbsId=BBS_0000000000000003&dataId=182337 | 자동차 산업 일자리연계 프로젝트 사업 홍보 / 2026-07-12 / https://www.ulsan.go.kr/u/rep/bbs/view.do?mId=001004001001000000&bbsId=BBS_0000000000000003&dataId=182336 | 「2026년 사회연대경제 청년 일경험 시범사업」참여기업 2차 추가 모.. / 2026-07-09 / https://www.ulsan.go.kr/u/rep/bbs/view.do?mId=001004001001000000&bbsId=BBS_0000000000000003&dataId=182305","2203"
"LGS-000078","울산광역시","중구","중구청","https://www.junggu.ulsan.kr/board/list.ulsan?boardId=BBS_0000057&contentsSid=1&menuCd=DOM_000000102003001000","PASS","SPRING_BBS","10","10","0","200","","","국민취업지원제도 홍보 / 2026-07-09 / https://www.junggu.ulsan.kr/board/view.ulsan?boardId=BBS_0000057&menuCd=DOM_000000102003001000&paging=ok&startPage=1&dataSid=723768 | 전기차 충전구역 과태료 부과기준 안내문 / 2026-07-09 / https://www.junggu.ulsan.kr/board/view.ulsan?boardId=BBS_0000057&menuCd=DOM_000000102003001000&paging=ok&startPage=1&dataSid=723712 | 2026년 제4차 현장맞춤형 취업역량강화 교육 / 2026-07-07 / https://www.junggu.ulsan.kr/board/view.ulsan?boardId=BBS_0000057&menuCd=DOM_000000102003001000&paging=ok&startPage=1&dataSid=723668","1433"
"LGS-000079","울산광역시","남구","남구청","http://www.ulsannamgu.go.kr/cop/bbs/selectBoardList.do?bbsId=namguNews","PASS","HEURISTIC_NOTICE","10","10","0","200","","","2026년 6월 수돗물 수질검사 결과 홍보 / 2026-07-13 / https://www.ulsannamgu.go.kr/cop/bbs/selectBoardArticle.do?bbsId=namguNews&nttId=526096 | 구립도서관 6월 카드뉴스 홍보 / 2026-07-08 / https://www.ulsannamgu.go.kr/cop/bbs/selectBoardArticle.do?bbsId=namguNews&nttId=525583 | 겸직허가 현황통계 및 겸직실태 조사결과 조치현황 공개(2025.12.31. 기준) / 2026-07-08 / https://www.ulsannamgu.go.kr/cop/bbs/selectBoardArticle.do?bbsId=namguNews&nttId=525582","5784"
"LGS-000080","울산광역시","동구","동구청","https://www.donggu.ulsan.kr/cop/bbs/selectBoardList.do?bbsId=BBSMSTR_000000000323","PASS","SUBJECT_NOTICE_TABLE","10","10","0","200","","","공공체육시설(화정체육관) 기간제근로자(시설관리) 1차 서류전형 합격자 및 면접전형 시행공고 알림 / 2026-07-13 / https://www.donggu.ulsan.kr/cop/bbs/selectBoardArticle.do?bbsId=BBSMSTR_000000000323&nttId=211277 | 공공체육시설(동부체육센터) 기간제근로자(환경미화) 1차 서류전형 합격자 및 면접전형 시행공고 알림 / 2026-07-13 / https://www.donggu.ulsan.kr/cop/bbs/selectBoardArticle.do?bbsId=BBSMSTR_000000000323&nttId=211276 | 소나무류 무단이동 금지 안내 / 2026-07-09 / https://www.donggu.ulsan.kr/cop/bbs/selectBoardArticle.do?bbsId=BBSMSTR_000000000323&nttId=211220","3313"
"LGS-000081","울산광역시","북구","북구청","http://www.bukgu.ulsan.kr/lay1/bbs/S1T62C83/A/1/list.do","PASS","SAEOL_GOSI","10","10","0","200","","","2026년 전통무예 택견 행사 개최 안내 / 2026-07-13 / https://www.bukgu.ulsan.kr/lay1/bbs/S1T62C83/A/1/view.do?article_seq=313760&cpage=1&rows=10&condition=&keyword= | 2026년 7월 이달의 우리고장 보훈인물 안내 / 2026-07-12 / https://www.bukgu.ulsan.kr/lay1/bbs/S1T62C83/A/1/view.do?article_seq=313758&cpage=1&rows=10&condition=&keyword= | 「2026 울산 지역사회 문제 해결을 위한 아이디어 공모전」 홍보 / 2026-07-10 / https://www.bukgu.ulsan.kr/lay1/bbs/S1T62C83/A/1/view.do?article_seq=313745&cpage=1&rows=10&condition=&keyword=","3298"
"LGS-000082","울산광역시","울주군","울주군청","https://www.ulju.ulsan.kr/ulju/bbs/list.do?ptIdx=145&mId=0404010000","PASS","SAFE_GOTO_VIEW","11","11","0","200","","","2026년도 새울원자력본부 희망미래 ... / 2026-07-10 / https://www.ulju.ulsan.kr/ulju/bbs/view.do?mId=0404010000&bIdx=67285&ptIdx=145 | 「2026 일상 속 여성폭력 예방·대... / 2026-07-08 / https://www.ulju.ulsan.kr/ulju/bbs/view.do?mId=0404010000&bIdx=67172&ptIdx=145 | 2026 진하해양레저 체험교실 및 해... / 2026-07-06 / https://www.ulju.ulsan.kr/ulju/bbs/view.do?mId=0404010000&bIdx=67088&ptIdx=145","1229"
"LGS-000083","세종특별자치시","세종특별자치시","세종특별자치시청","http://www.sejong.go.kr/bbs/R0071/list.do","PASS","SPRING_BBS","15","15","0","200","","","제14회 세종시민대상 및 2026년 명예시민 후보자 추천·접수(~8.7) / 2026-07-13 / https://www.sejong.go.kr:443/bbs/R0071/view.do?nttId=B000000157624Vt6sM1j&mno=sub02_01&cmsNoStr=&kind=&pageIndex=1 | 제24회 세종 조치원복숭아축제 안내(7.6~7.26) / 2026-07-13 / https://www.sejong.go.kr:443/bbs/R0071/view.do?nttId=B000000157621Pf7pW5i&mno=sub02_01&cmsNoStr=&kind=&pageIndex=1 | 시정 5기 읍면동 초도순방 주민과의 대화 참여 안내 / 2026-07-10 / https://www.sejong.go.kr:443/bbs/R0071/view.do?nttId=B000000157518Yo3wO9v&mno=sub02_01&cmsNoStr=&kind=&pageIndex=1","301"
"LGS-000084","경기도","경기도","경기도청","https://gnews.gg.go.kr/briefing/brief_gongbo.do","PASS","HEURISTIC_NOTICE","10","10","0","200","","","경기도 바다향기수목원, 산림복원용 ‘씨드볼’ 만들기 체험 운영 / 2026-07-14 / https://gnews.gg.go.kr/briefing/brief_gongbo_view.do;jsessionid=31E3D996AF4E70C5C68B0FCDE0F5E01A.ajp13?BS_CODE=s017&number=70914&period_1=&period_2=&search=0&keyword=&subject_Code=BO01&page=1 | 경기도, ‘뉴욕 투자유치 프로그램’ 참가 스타트업 모집…글로벌 진출 전폭 지원 / 2026-07-14 / https://gnews.gg.go.kr/briefing/brief_gongbo_view.do;jsessionid=31E3D996AF4E70C5C68B0FCDE0F5E01A.ajp13?BS_CODE=s017&number=70912&period_1=&period_2=&search=0&keyword=&subject_Code=BO01&page=1 | 경기연구원, 교통약자 이동권 강화와 대기시간 개선방안 제시 / 2026-07-14 / https://gnews.gg.go.kr/briefing/brief_gongbo_view.do;jsessionid=31E3D996AF4E70C5C68B0FCDE0F5E01A.ajp13?BS_CODE=s017&number=70910&period_1=&period_2=&search=0&keyword=&subject_Code=BO01&page=1","869"
"LGS-000085","경기도","수원시","수원시청","http://www.suwon.go.kr/web/board/BD_board.list.do?bbsCd=1042","PASS","SAFE_OPENWORKS_BOARD","10","10","0","200","","","우만동 276번지 단수안내 / 2026-07-14 / http://www.suwon.go.kr/web/board/BD_board.view.do?bbsCd=1042&seq=20260714084008402 | 제63회 수원화성문화제 수원판타지 '야조' 시민퍼포머 모집 / 2026-07-13 / http://www.suwon.go.kr/web/board/BD_board.view.do?bbsCd=1042&seq=20260713174548126 | [2026년 3기] 수원시 청개구리 스펙 원어민 화상영어(초등 4~6학년) 수강생 모집[기간 연장] / 2026-07-13 / http://www.suwon.go.kr/web/board/BD_board.view.do?bbsCd=1042&seq=20260713145810441","6462"
"LGS-000086","경기도","용인시","용인시청","http://www.yongin.go.kr/user/bbs/BD_selectBbsList.do?q_bbsCode=1001&q_clCode=1","PASS","SPRING_BBS","10","10","0","200","","","[농업기술] 2026년 하반기 도시농업 분야 4개 과정 교육생 모집(교육 4개 과정) / 2026-07-13 / http://www.yongin.go.kr/user/bbs/BD_selectBbs.do?q_bbsCode=1018&q_clCode=2&q_bbscttSn=20260713105529661 | [농업기술] 2026년 하반기 <도시농업관리사 육성 교육> 교육생 모집 / 2026-07-13 / http://www.yongin.go.kr/user/bbs/BD_selectBbs.do?q_bbsCode=1018&q_clCode=2&q_bbscttSn=20260713105226074 | [농업기술] 2026년 하반기 <반려식물 원예테라피> 교육생 모집 / 2026-07-13 / http://www.yongin.go.kr/user/bbs/BD_selectBbs.do?q_bbsCode=1018&q_clCode=2&q_bbscttSn=20260713104533306","2095"
"LGS-000087","경기도","고양시","고양시청","https://www.goyang.go.kr/www/user/bbs/BD_selectBbsList.do?q_bbsCode=1030","PASS","SAFE_BD_SELECT_BBS","10","10","0","200","","","중산2동 제1통 통장 공개 모집 공고 / 2026-07-13 / https://www.goyang.go.kr/www/user/bbs/BD_selectBbs.do?q_bbsCode=1030&q_bbscttSn=20260713101520651&q_currPage=1&q_pClCode= | 한강변 유실지뢰 안전사고 예방을 위한 방법 안내 / 2026-07-10 / https://www.goyang.go.kr/www/user/bbs/BD_selectBbs.do?q_bbsCode=1030&q_bbscttSn=20260710163618733&q_currPage=1&q_pClCode= | 2026년 고양가와지볍씨박물관 임시 휴관 안내 / 2026-07-10 / https://www.goyang.go.kr/www/user/bbs/BD_selectBbs.do?q_bbsCode=1030&q_bbscttSn=20260710142320211&q_currPage=1&q_pClCode=","1805"
"LGS-000088","경기도","화성시","화성시청","http://www.hscity.go.kr/www/user/bbs/BD_selectBbsList.do?q_bbsCode=1019","PASS","SAEOL_GOSI","10","10","0","200","","","부천 「소사본1-1구역(가칭)」 장애인 특별공급 안내 / 2026-07-11 / https://www.hscity.go.kr/www/user/bbs/BD_selectBbs.do?q_bbsCode=1019&q_bbscttSn=20260711105934537 | 2026년 학교체육시설 사용료 지원 신청 안내[2분기] / 2026-07-10 / https://www.hscity.go.kr/www/user/bbs/BD_selectBbs.do?q_bbsCode=1019&q_bbscttSn=20260710151733652 | 김포 「한강 푸르지오 리버프론트」 장애인 특별공급 안내 / 2026-07-08 / https://www.hscity.go.kr/www/user/bbs/BD_selectBbs.do?q_bbsCode=1019&q_bbscttSn=20260708201113532","1616"
"LGS-000089","경기도","성남시","성남시청","https://eminwon.seongnam.go.kr/emwp/jsp/ofr/OfrNotAncmtLSub.jsp?not_ancmt_se_code=01%2C02%2C03%2C04%2C05%2C06%2C07","PASS","SAFE_SAEOL_EMINWON","10","10","0","200","","","분당구 공원 화장실 시설개선공사(서현공원) 소액수의 견적제출 안내공고 / 2026-07-14 / https://eminwon.seongnam.go.kr/emwp/gov/mogaha/ntis/web/ofr/action/OfrAction.do?context=NTIS&homepage_pbs_yn=Y&jndinm=OfrNotAncmtEJB&method=selectOfrNotAncmt&methodnm=selectOfrNotAncmtRegst&not_ancmt_mgt_no=151428&subCheck=Y | 중원구 공원 내 노후화장실 교체공사 소액수의 견적제출 안내공고 / 2026-07-14 / https://eminwon.seongnam.go.kr/emwp/gov/mogaha/ntis/web/ofr/action/OfrAction.do?context=NTIS&homepage_pbs_yn=Y&jndinm=OfrNotAncmtEJB&method=selectOfrNotAncmt&methodnm=selectOfrNotAncmtRegst&not_ancmt_mgt_no=151422&subCheck=Y | [성남 S-BRT 1단계 설치공사 도로점용을 위한 교통소통대책 수립용역]... / 2026-07-14 / https://eminwon.seongnam.go.kr/emwp/gov/mogaha/ntis/web/ofr/action/OfrAction.do?context=NTIS&homepage_pbs_yn=Y&jndinm=OfrNotAncmtEJB&method=selectOfrNotAncmt&methodnm=selectOfrNotAncmtRegst&not_ancmt_mgt_no=151367&subCheck=Y","1555"
"LGS-000090","경기도","부천시","부천시청","https://www.bucheon.go.kr/site/program/board/basicboard/list?boardtypeid=26736&menuid=148002001001","PASS","SPRING_BBS","20","20","0","200","","","2026년 하반기 지역사회서비스투자사업 이용자 모집 안내 / 2026-07-13 / https://www.bucheon.go.kr/site/program/board/basicboard/view?menuid=148002001001&pagesize=20&boardtypeid=26736&encid=yz/A9UxuMwTxO+ibuzl2oQ== | 우리동네 가까운곳에서 시작하는 배움! 하반기 학습반디 프로그램 학습자 모집 / 2026-07-13 / https://www.bucheon.go.kr/site/program/board/basicboard/view?menuid=148002001001&pagesize=20&boardtypeid=26736&encid=anJwhIcBMZGmKJCtYtmbfQ== | 2026년 6월 학교급식 수산물 안전성검사 결과 알림 / 2026-07-13 / https://www.bucheon.go.kr/site/program/board/basicboard/view?menuid=148002001001&pagesize=20&boardtypeid=26736&encid=WbLYfcq0lR7kXV+2wkwyPw==","2073"
"LGS-000091","경기도","남양주시","남양주시청","https://www.nyj.go.kr/www/selectBbsNttList.do?key=2481&bbsNo=62","PASS","SAEOL_GOSI","11","11","0","200","","","정약용유적지 기념관 한시적 관람제한 안내 / 2026-04-23 / https://www.nyj.go.kr/www/selectBbsNttView.do?key=2481&bbsNo=62&nttNo=531572&pageUnit=10&pageIndex=1&searchCnd=all | 2026년 7월 공휴일 생활폐기물 수거 일정 안내 / 2026-07-13 / https://www.nyj.go.kr/www/selectBbsNttView.do?key=2481&bbsNo=62&nttNo=544961&pageUnit=10&pageIndex=1&searchCnd=all | 2026년 주민등록 사실조사 실시 안내 / 2026-07-10 / https://www.nyj.go.kr/www/selectBbsNttView.do?key=2481&bbsNo=62&nttNo=544836&pageUnit=10&pageIndex=1&searchCnd=all","1253"
"LGS-000092","경기도","안산시","안산시청","https://www.ansan.go.kr/www/common/bbs/selectPageListBbs.do?bbs_code=B0214","PASS","SAFE_ANSAN_BBS","19","19","0","200","","","2026 주민등록 사실조사 안내 / 2026-07-10 / https://www.ansan.go.kr/www/common/bbs/selectBbsDetail.do?bbs_code=B0214&bbs_seq=1677032 | 2026년도 글로컬 창의융합 플랫폼 ""꿈꾸는 로봇데이"" 참가자 모집 공고 / 2026-07-01 / https://www.ansan.go.kr/www/common/bbs/selectBbsDetail.do?bbs_code=B0214&bbs_seq=1676119 | 2026년 안산시 「양성평등 실천 우수사례 공모」개최 / 2026-06-18 / https://www.ansan.go.kr/www/common/bbs/selectBbsDetail.do?bbs_code=B0214&bbs_seq=1674997","2564"
"LGS-000093","경기도","평택시","평택시청","https://www.pyeongtaek.go.kr/pyeongtaek/board/post/list.do?bcIdx=41&mid=0401010000","PASS","SAFE_PYEONGTAEK_BOARD_RENEWAL","26","26","0","200","","","2026 평택시 청소년 대학탐방 신청 안내 / 2026-07-09 / https://www.pyeongtaek.go.kr/pyeongtaek/board/post/view.do?bcIdx=41&idx=356403&mid=0401010000 | 안중출장소 신청사 명칭 공모 / 2026-06-29 / https://www.pyeongtaek.go.kr/pyeongtaek/board/post/view.do?bcIdx=41&idx=355781&mid=0401010000 | [배다리도서관] 위메이저 대학생 멘토와 함께 하는 진로 특강 / 2026-06-18 / https://www.pyeongtaek.go.kr/pyeongtaek/board/post/view.do?bcIdx=41&idx=355299&mid=0401010000","4553"
"LGS-000094","경기도","안양시","안양시청","https://www.anyang.go.kr/main/emwsWebList.do?key=4101&searchGosiSe=01%2C03%2C04","PASS","SPRING_BBS","10","10","0","200","","","안양6동 주민자치위원회 위원 공개모집 공고 / 2026-07-14 / https://www.anyang.go.kr/main/emwsWebView.do?key=4101&searchGosiSe=01,03,04&regiNo=31155&pageUnit=10&pageIndex=1&searchCnd=all&searchKrwd= | 인덕원동 주민자치위원회 신규위원 인적사항 공개 / 2026-07-14 / https://www.anyang.go.kr/main/emwsWebView.do?key=4101&searchGosiSe=01,03,04&regiNo=31154&pageUnit=10&pageIndex=1&searchCnd=all&searchKrwd= | 담배소매업 폐업에 따른 담배소매인 지정신청 공고 / 2026-07-14 / https://www.anyang.go.kr/main/emwsWebView.do?key=4101&searchGosiSe=01,03,04&regiNo=31153&pageUnit=10&pageIndex=1&searchCnd=all&searchKrwd=","2422"
"LGS-000095","경기도","시흥시","시흥시청","http://www.siheung.go.kr/main/bbs/list.do?ptIdx=46&mId=0401010000","PASS","SAFE_GOTO_VIEW","10","10","0","200","","","2026년 벼 병해충 항공방제 실시 안내 / 2026-07-10 / http://www.siheung.go.kr/main/bbs/view.do?mId=0401010000&bIdx=188225&ptIdx=46 | [청년스테이션] 7월 4주차 청년성장프로젝트 프로그램 / 2026-07-09 / http://www.siheung.go.kr/main/bbs/view.do?mId=0401010000&bIdx=188196&ptIdx=46 | [2026년 7월 구인구직만남의 날 참가기업 안내] / 2026-07-09 / http://www.siheung.go.kr/main/bbs/view.do?mId=0401010000&bIdx=188187&ptIdx=46","1293"
"LGS-000096","경기도","파주시","파주시청","http://www.paju.go.kr/user/board/BD_board.list.do?bbsCd=2001","PASS","SAFE_PAJU_SUMMARY","8","8","0","200","","","심폐소생술 응급처치 교육희망자 모집 안내 N / 2026-07-13 / http://www.paju.go.kr/user/board/BD_board.view.do?bbsCd=2001&seq=20260713171230778 | 경기도 중장년 커뮤니티 「행복아지트」 프로그램(7월) 참여자 모집 N / 2026-07-13 / http://www.paju.go.kr/user/board/BD_board.view.do?bbsCd=2001&seq=20260713164702262 | 2026년 파주시 평생학습관 특별강좌 수강생 모집 N / 2026-07-13 / http://www.paju.go.kr/user/board/BD_board.view.do?bbsCd=2001&seq=20260713153847841","1062"
"LGS-000097","경기도","김포시","김포시청","https://www.gimpo.go.kr/portal/selectBbsNttList.do?bbsNo=292&key=999","PASS","SPRING_BBS","12","12","0","200","","","고유가 피해지원금 사용처 스티커 파일 게시 / 2026-04-28 / https://www.gimpo.go.kr/portal/selectBbsNttView.do?key=999&bbsNo=292&searchCnd=all&deleteAt=N&pageUnit=10&pageIndex=1&nttNo=971641 | 고유가 피해지원금（김포페이） 잔액 확인 및 질문 모음 / 2026-04-22 / https://www.gimpo.go.kr/portal/selectBbsNttView.do?key=999&bbsNo=292&searchCnd=all&deleteAt=N&pageUnit=10&pageIndex=1&nttNo=971205 | 2026년 중소기업 맞춤형 역량강화 지원사업 DX전환 4차 세미나 알림 새글 / 2026-07-13 / https://www.gimpo.go.kr/portal/selectBbsNttView.do?key=999&bbsNo=292&searchCnd=all&deleteAt=N&pageUnit=10&pageIndex=1&nttNo=981884","240"
"LGS-000098","경기도","의정부시","의정부시청","http://www.ui4u.go.kr/portal/bbs/list.do?ptIdx=35&mId=0301010000","PASS","SAFE_BOARD_VIEW_SITE","58","58","0","200","","","2026년 전략작물직불사업(하계) 신청기간 및 소득기준 변경 안내 / 2026-07-13 / http://www.ui4u.go.kr/portal/bbs/view.do?mId=0301010000&bIdx=365145&ptIdx=35 | 전남광주 행정통합에 따른 일부 민원서비스 전국 일시 중단 안내 / 2026-06-23 / http://www.ui4u.go.kr/portal/bbs/view.do?mId=0301010000&bIdx=364335&ptIdx=35 | (홍보-신청기간 연장)청년 ADsP(데이터분석 준전문가) 온라인 교육 참여자 모집[관학협력 청년일자리 플랫폼 사업] / 2026-06-22 / http://www.ui4u.go.kr/portal/bbs/view.do?mId=0301010000&bIdx=364294&ptIdx=35","12060"
"LGS-000099","경기도","광주시","광주시청","http://www.gjcity.go.kr/portal/bbs/list.do?ptIdx=1&mId=0201010000","PASS","SAFE_GOTO_VIEW","12","12","0","200","","","'27년 공동주택 소방·안전시설 등 주거환경개선 지원사업 수요조사 / 2026-07-13 / http://www.gjcity.go.kr/portal/bbs/view.do?mId=0201010000&bIdx=345873&ptIdx=1 | 「2026년 지진안전 AI 영상 공모전」 개최 알림 / 2026-07-13 / http://www.gjcity.go.kr/portal/bbs/view.do?mId=0201010000&bIdx=345869&ptIdx=1 | 폭염정보 받고, 「부모님께 효도안부전화 드리기」 캠페인 안내 / 2026-07-13 / http://www.gjcity.go.kr/portal/bbs/view.do?mId=0201010000&bIdx=345868&ptIdx=1","1424"
"LGS-000100","경기도","하남시","하남시청","http://www.hanam.go.kr/www/selectBbsNttList.do?bbsNo=30&key=170","PASS","SPRING_BBS","10","10","0","200","","","2026년 하남시 「청년재정상담소」 하반기 참여자 모집핫이슈 / 2026-07-10 / https://www.hanam.go.kr/www/selectBbsNttView.do?key=170&bbsNo=30&nttNo=500662&searchCtgry=&searchCnd=all&searchKrwd=&pageIndex=1&integrDeptCode=&selectPageUnit= | 경기도 사회연대경제 청년 일경험 시범사업 참여기업 모집 안내 / 2026-07-09 / https://www.hanam.go.kr/www/selectBbsNttView.do?key=170&bbsNo=30&nttNo=500633&searchCtgry=&searchCnd=all&searchKrwd=&pageIndex=1&integrDeptCode=&selectPageUnit= | 「일상 속 불필요한 플라스틱 및 재활용 걸림돌 개선」국민 제안 공모전 알림 / 2026-07-08 / https://www.hanam.go.kr/www/selectBbsNttView.do?key=170&bbsNo=30&nttNo=500578&searchCtgry=&searchCnd=all&searchKrwd=&pageIndex=1&integrDeptCode=&selectPageUnit=","2497"
"LGS-000101","경기도","양주시","양주시청","http://www.yangju.go.kr/www/selectBbsNttList.do?bbsNo=13&key=202","PASS","SPRING_BBS","14","14","0","200","","","2026년 양주시 노후 자동차 조기폐차 보조금 지원사업 재공고 새글 / 2026-07-14 / http://www.yangju.go.kr/www/selectBbsNttView.do?key=202&bbsNo=13&nttNo=206414&searchCtgry=&searchCnd=all&searchKrwd=&pageIndex=1&integrDeptCode= | 양주시보건소 7월 「여름방학 가족 걷기챌린지」 참여자 모집 / 2026-07-08 / http://www.yangju.go.kr/www/selectBbsNttView.do?key=202&bbsNo=13&nttNo=206275&searchCtgry=&searchCnd=all&searchKrwd=&pageIndex=1&integrDeptCode= | 2026-2027절기 인플루엔자 및 코로나19 예방접종 위탁계약 체결 안내 / 2026-07-06 / http://www.yangju.go.kr/www/selectBbsNttView.do?key=202&bbsNo=13&nttNo=206202&searchCtgry=&searchCnd=all&searchKrwd=&pageIndex=1&integrDeptCode=","2141"
"LGS-000102","경기도","광명시","광명시청","http://www.gm.go.kr/pt/user/bbs/BD_selectBbsList.do?q_bbsCode=2032","PASS","SPRING_BBS","10","10","0","200","","","한국대학교육협의회 주관 <2027학년도 수시 대학입학 정보박람회> 체험지원 참가자 모집 / 2026-07-13 / http://www.gm.go.kr/pt/user/bbs/BD_selectBbs.do?q_bbsCode=2032&q_bbscttSn=20260713111751749 | 2026년 하반기 경기도 마을기업 지정계획 공고 / 2026-07-13 / http://www.gm.go.kr/pt/user/bbs/BD_selectBbs.do?q_bbsCode=2032&q_bbscttSn=20260713103638318 | 광명시 여성비전센터 하반기 정규교육 수강생 모집 / 2026-07-13 / http://www.gm.go.kr/pt/user/bbs/BD_selectBbs.do?q_bbsCode=2032&q_bbscttSn=20260713085806125","1448"
"LGS-000103","경기도","군포시","군포시청","http://www.gunpo.go.kr/www/selectBbsNttList.do?bbsNo=675&key=3890","PASS","HEURISTIC_NOTICE","10","10","0","200","","","2026년 사회연대경제 일경험 시범사업 청년 모집 안내 / 2026-07-13 / https://www.gunpo.go.kr/www/selectBbsNttView.do?key=3890&bbsNo=675&nttNo=321888&searchCtgry=&searchCnd=all&searchKrwd=&pageIndex=1&integrDeptCode= | 2026년 7월 군포시민 걷기 챌린지 안내 / 2026-07-13 / https://www.gunpo.go.kr/www/selectBbsNttView.do?key=3890&bbsNo=675&nttNo=321857&searchCtgry=&searchCnd=all&searchKrwd=&pageIndex=1&integrDeptCode= | 2026년 모두의 토론회(광화문 현판 한글 병기 관련) 안내 / 2026-07-13 / https://www.gunpo.go.kr/www/selectBbsNttView.do?key=3890&bbsNo=675&nttNo=321856&searchCtgry=&searchCnd=all&searchKrwd=&pageIndex=1&integrDeptCode=","5152"
"LGS-000104","경기도","오산시","오산시청","https://www.osan.go.kr/portal/saeol/gosi/list.do?mId=0302010000","PASS","SAEOL_GOSI","10","10","0","200","","","오산시 장기요양기관 지정심사기준 고시 / 2026-07-14 / https://www.osan.go.kr/portal/saeol/gosi/view.do?notAncmtMgtNo=52150&mId=0302010000 | 2026년『오산 오~랜맛집』노포맛집선정 모집 재공고 / 2026-07-13 / https://www.osan.go.kr/portal/saeol/gosi/view.do?notAncmtMgtNo=52148&mId=0302010000 | 주민등록증 발급통지 안내문 반송에 따른 공고 / 2026-07-13 / https://www.osan.go.kr/portal/saeol/gosi/view.do?notAncmtMgtNo=52153&mId=0302010000","1792"
"LGS-000105","경기도","이천시","이천시청","https://www.icheon.go.kr/portal/board/post/list.do?bcIdx=698&mid=0401010000&token=1717053488493","PASS","SAFE_YH_BOARD_POST","16","16","0","200","","","2026년 이천여성새로일하기센터 어린이 방학프로그램 참여자 모집 / 2026-07-08 / https://www.icheon.go.kr/portal/board/post/view.do?bcIdx=698&mid=0401010000&idx=319924 | 신둔면 평생학습 하반기(8월~12월) 수강생 모집 안내 / 2026-07-07 / https://www.icheon.go.kr/portal/board/post/view.do?bcIdx=698&mid=0401010000&idx=319867 | 이천시보건소 휴진 안내(진료 및 예방접종) / 2026-07-03 / https://www.icheon.go.kr/portal/board/post/view.do?bcIdx=698&mid=0401010000&idx=319817","499"
"LGS-000106","경기도","안성시","안성시청","https://www.anseong.go.kr/portal/bbs/list.do?ptIdx=16&mId=0501010000&token=1719299868283","PASS","SAFE_GOTO_VIEW","13","13","0","200","","","7월 디지털배움터 교육 안내 / 2026-07-01 / https://www.anseong.go.kr/portal/bbs/view.do?mId=0501010000&bIdx=197865&ptIdx=16 | 안성시 공무원 사칭사기 피해예방 안내문 / 2025-10-17 / https://www.anseong.go.kr/portal/bbs/view.do?mId=0501010000&bIdx=185869&ptIdx=16 | 불법 주정차 단속 문자 알림서비스 시행안내 / 2025-07-28 / https://www.anseong.go.kr/portal/bbs/view.do?mId=0501010000&bIdx=183576&ptIdx=16","4781"
"LGS-000107","경기도","구리시","구리시청","https://www.guri.go.kr/www/selectBbsNttList.do?bbsNo=36&key=380","PASS","SPRING_BBS","10","10","0","200","","","7월은 재산세(주택1/2,건축물) 납부의 달입니다. / 2026-07-13 / https://www.guri.go.kr/www/selectBbsNttView.do?key=380&bbsNo=36&nttNo=145693&searchCtgry=&searchCnd=all&searchKrwd=&integrDeptCode=&pageIndex=1 | 부천 「소사본1-1구역(가칭)」장애인 특별공급 안내 / 2026-07-10 / https://www.guri.go.kr/www/selectBbsNttView.do?key=380&bbsNo=36&nttNo=145616&searchCtgry=&searchCnd=all&searchKrwd=&integrDeptCode=&pageIndex=1 | 2026. 7. 9.(목) 물놀이장 휴장 안내 / 2026-07-09 / https://www.guri.go.kr/www/selectBbsNttView.do?key=380&bbsNo=36&nttNo=145539&searchCtgry=&searchCnd=all&searchKrwd=&integrDeptCode=&pageIndex=1","1306"
"LGS-000108","경기도","포천시","포천시청","https://pocheon.go.kr/www/selectEminwonList.do?key=3712&notAncmtSeCode=01","PASS","SAEOL_GOSI","10","10","0","200","","","도로지정 공고[군내면 좌의리 86] / 2026-07-13 / https://pocheon.go.kr/www/selectEminwonView.do?pageUnit=10&searchCnd=all&pageIndex=1&key=3712&notAncmtMgtNo=67224&notAncmtSeCode=01 | 2026년 상반기 군내면 주민자치센터 프로그램 수강료 수입 및 지출내역 공고 / 2026-07-13 / https://pocheon.go.kr/www/selectEminwonView.do?pageUnit=10&searchCnd=all&pageIndex=1&key=3712&notAncmtMgtNo=67214&notAncmtSeCode=01 | 이륜자동차 책임보험 미가입 과태료 처분통지 반송에 따른 공시송달 공고 / 2026-07-13 / https://pocheon.go.kr/www/selectEminwonView.do?pageUnit=10&searchCnd=all&pageIndex=1&key=3712&notAncmtMgtNo=67210&notAncmtSeCode=01","1763"
"LGS-000109","경기도","의왕시","의왕시청","http://www.uiwang.go.kr/UWKORINFO0101","PASS","SPRING_BBS","20","20","0","200","","","(일정수정) 내손라구역(인덕원퍼스비엘) 단지 내 ""국공립 비엘숲어린이집"" 원아모집 안내첨부파일 / 2026-07-13 / https://www.uiwang.go.kr/UWKORINFO0101/7002929/?curPage=1 | ▶2026년 경기도 사회연대경제 청년 일경험 시범사업 참여기업 모집 안내◀첨부파일 / 2026-07-10 / https://www.uiwang.go.kr/UWKORINFO0101/7002869/?curPage=1 | ""옴부즈만과 납세자보호관이 함께하는 현장 민원 상담"" 안내첨부파일 / 2026-07-07 / https://www.uiwang.go.kr/UWKORINFO0101/6998180/?curPage=1","1560"
"LGS-000110","경기도","양평군","양평군청","https://www.yp21.go.kr/www/selectBbsNttList.do?bbsNo=1&key=1111","PASS","HEURISTIC_NOTICE","10","10","0","200","","","제2회 여성농업인 농기계 챌린지 부대행사 『농작업 런웨이』 참가자 추가 모집 알림 새글 / 2026-07-13 / https://www.yp21.go.kr/www/selectBbsNttView.do?key=1111&bbsNo=1&nttNo=309864&searchCtgry=&searchCnd=all&searchKrwd=&pageIndex=1&integrDeptCode= | 2026년 양평 매력캠퍼스 「2026년 평생교육 강사학교」참여자 모집 / 2026-07-10 / https://www.yp21.go.kr/www/selectBbsNttView.do?key=1111&bbsNo=1&nttNo=309789&searchCtgry=&searchCnd=all&searchKrwd=&pageIndex=1&integrDeptCode= | 제2회 양평 외래어종퇴치 낚시대회 안내 / 2026-07-09 / https://www.yp21.go.kr/www/selectBbsNttView.do?key=1111&bbsNo=1&nttNo=309745&searchCtgry=&searchCnd=all&searchKrwd=&pageIndex=1&integrDeptCode=","1582"
"LGS-000111","경기도","여주시","여주시청","https://www.yeoju.go.kr/www/selectBbsNttList.do?bbsNo=44&key=409","PASS","SPRING_BBS","15","15","0","200","","","<2026년 현대백화점 사회적경제조직 팝업행사> 참여기업 모집 공고 / 2026-07-10 / https://www.yeoju.go.kr/www/selectBbsNttView.do?key=409&bbsNo=44&nttNo=90425&searchCtgry=&searchCnd=all&searchKrwd=&integrDeptCode=&pageIndex=1 | 2026년 경기도 사회연대경제 청년 일경험 시범사업 참여기업 모집 공고 / 2026-07-09 / https://www.yeoju.go.kr/www/selectBbsNttView.do?key=409&bbsNo=44&nttNo=90414&searchCtgry=&searchCnd=all&searchKrwd=&integrDeptCode=&pageIndex=1 | (사)여주시자원봉사센터 사무국장 공개채용 재공고 / 2026-07-08 / https://www.yeoju.go.kr/www/selectBbsNttView.do?key=409&bbsNo=44&nttNo=90384&searchCtgry=&searchCnd=all&searchKrwd=&integrDeptCode=&pageIndex=1","1876"
"LGS-000112","경기도","동두천시","동두천시청","http://www.ddc.go.kr/ddc/selectBbsNttList.do?bbsNo=24&key=104","PASS","SPRING_BBS","10","10","0","200","","","노야산 공용화기사격장 박격포 고폭탄 사격훈련 안내 / 2026-07-14 / http://www.ddc.go.kr/ddc/selectBbsNttView.do?key=104&bbsNo=24&nttNo=158310&searchCtgry=&searchCnd=all&searchKrwd=&pageIndex=1&integrDeptCode= | 합동방공훈련시 소형무인기 오인신고 방지를 위한 안내 / 2026-07-14 / http://www.ddc.go.kr/ddc/selectBbsNttView.do?key=104&bbsNo=24&nttNo=158309&searchCtgry=&searchCnd=all&searchKrwd=&pageIndex=1&integrDeptCode= | 외국인 주민 정주 여건 지원을 위한 「운전면허 취득과정」 참여자 추가 모집 / 2026-07-13 / http://www.ddc.go.kr/ddc/selectBbsNttView.do?key=104&bbsNo=24&nttNo=158305&searchCtgry=&searchCnd=all&searchKrwd=&pageIndex=1&integrDeptCode=","3287"
"LGS-000113","경기도","과천시","과천시청","https://www.gccity.go.kr/portal/bbs/list.do?ptIdx=111&mId=0301010000","PASS","SAFE_GOTO_VIEW","38","35","3","200","","","2026 과천공연예술축제 「집합쇼(GPAF-Show)」 참가팀 공모 안내 / 2026-07-07 / https://www.gccity.go.kr/portal/bbs/view.do?mId=0301010000&bIdx=193465&ptIdx=111 | 2026 과천 전국 마라톤대회 개최일정 및 참가 안내 / 2026-07-03 / https://www.gccity.go.kr/portal/bbs/view.do?mId=0301010000&bIdx=193378&ptIdx=111 | 여름철 고농도 오존 대비 시민 행동 요령 및 실천법 / 2026-06-29 / https://www.gccity.go.kr/portal/bbs/view.do?mId=0301010000&bIdx=193244&ptIdx=111","594"
"LGS-000114","경기도","가평군","가평군청","http://www.gp.go.kr/portal/selectBbsNttList.do?bbsNo=150&key=501","PASS","SPRING_BBS","20","20","0","200","","","말라리아 예방수칙 등 안내 / 2026-07-13 / http://www.gp.go.kr/portal/selectBbsNttView.do?key=501&bbsNo=150&nttNo=285977&searchCtgry=&searchCnd=all&searchKrwd=&pageIndex=1&integrDeptCode= | 2026년 나만 알고싶은 우리동네 산책길 / 2026-07-13 / http://www.gp.go.kr/portal/selectBbsNttView.do?key=501&bbsNo=150&nttNo=285952&searchCtgry=&searchCnd=all&searchKrwd=&pageIndex=1&integrDeptCode= | (경기도)「2026년 현대백화점 사회적경제조직 팝업행사」 참여기업 모집 홍보 / 2026-07-13 / http://www.gp.go.kr/portal/selectBbsNttView.do?key=501&bbsNo=150&nttNo=285900&searchCtgry=&searchCnd=all&searchKrwd=&pageIndex=1&integrDeptCode=","1956"
"LGS-000115","경기도","연천군","연천군청","https://www.yeoncheon.go.kr/www/selectBbsNttList.do?bbsNo=8&key=3386","PASS","SAEOL_GOSI","10","10","0","200","","","[연천군XDMZ생태연구소] 경계의 생태인문학 프로그램 참가자 모집 안내 새글 / 2026-07-13 / https://www.yeoncheon.go.kr/www/selectBbsNttView.do?key=3386&id=&bbsNo=8&nttNo=107500&searchCtgry=&searchCnd=all&searchKrwd=&pageIndex=1&&frstRegisterPnttmSdt=&frstRegisterPnttmEdt=&searchDeleteAt=N&integrDeptCode=&searchDeptCode= | 제16회 지방행정의 달인 후보자 공개검증 / 2026-07-09 / https://www.yeoncheon.go.kr/www/selectBbsNttView.do?key=3386&id=&bbsNo=8&nttNo=107444&searchCtgry=&searchCnd=all&searchKrwd=&pageIndex=1&&frstRegisterPnttmSdt=&frstRegisterPnttmEdt=&searchDeleteAt=N&integrDeptCode=&searchDeptCode= | 「외국인 숙련기능인력(E-7-4), 지역특화(E-7-4R)」리플렛 및 포스터 배부 / 2026-07-08 / https://www.yeoncheon.go.kr/www/selectBbsNttView.do?key=3386&id=&bbsNo=8&nttNo=107423&searchCtgry=&searchCnd=all&searchKrwd=&pageIndex=1&&frstRegisterPnttmSdt=&frstRegisterPnttmEdt=&searchDeleteAt=N&integrDeptCode=&searchDeptCode=","429"
"LGS-000116","강원특별자치도","강원특별자치도","강원특별자치도청","https://state.gwd.go.kr/portal/bulletin/notice","PASS","SAFE_GWD_BULLETIN","15","15","0","200","","","민선9기 강원특별자치도 우상호 도지사 취임사 / 2026-07-01 / https://state.gwd.go.kr/portal/bulletin/notice?articleSeq=270625 | 공무원 사칭 사기 주의!!! / 2025-10-20 / https://state.gwd.go.kr/portal/bulletin/notice?articleSeq=266125 | 강원특별자치도 브랜드관 1주년 기념 경품 이벤트 알림 / 2026-07-13 / https://state.gwd.go.kr/portal/bulletin/notice?articleSeq=270868","1377"
"LGS-000117","강원특별자치도","춘천시","춘천시청","https://www.chuncheon.go.kr/cityhall/administrative-info/notice-info/notice-announcement/","PASS","CHUNCHEON_NOTICE_JSON","10","10","0","200","","","지방세 체납자 재산 인도명령서 공시송달 공고 / 2026-07-14 / https://www.chuncheon.go.kr/cityhall/administrative-info/notice-info/notice-announcement/view/?notAncmtMgtNo=75474 | 2026년 공공기관 종합청렴도 평가 관련 개인정보 제3자 제공사항 알림 / 2026-07-14 / https://www.chuncheon.go.kr/cityhall/administrative-info/notice-info/notice-announcement/view/?notAncmtMgtNo=75472 | 2026년 기초영농기술교육(귀농귀촌) 교육생 모집 공고 / 2026-07-14 / https://www.chuncheon.go.kr/cityhall/administrative-info/notice-info/notice-announcement/view/?notAncmtMgtNo=75466","574"
"LGS-000118","강원특별자치도","원주시","원주시청","http://www.wonju.go.kr/www/selectBbsNttList.do?bbsNo=1&key=211","PASS","SAEOL_GOSI","10","10","0","200","","","동부복합생활지원센터 건강요리 특강 「제철 건강 반찬 만들기」 참여자 모집 / 2026-07-13 / https://www.wonju.go.kr/www/selectBbsNttView.do?key=211&bbsNo=1&nttNo=487808&searchCtgry=&searchCnd=all&searchKrwd=&pageIndex=1&integrDeptCode= | 2026년 반려동물과의 동행캠페인: 유실·유기 없는 여름 / 2026-07-11 / https://www.wonju.go.kr/www/selectBbsNttView.do?key=211&bbsNo=1&nttNo=487780&searchCtgry=&searchCnd=all&searchKrwd=&pageIndex=1&integrDeptCode= | [2026년 새일여성인턴제 참가 모집 공고] / 2026-07-10 / https://www.wonju.go.kr/www/selectBbsNttView.do?key=211&bbsNo=1&nttNo=487700&searchCtgry=&searchCnd=all&searchKrwd=&pageIndex=1&integrDeptCode=","3273"
"LGS-000119","강원특별자치도","강릉시","강릉시청","https://www.gn.go.kr/www/selectGosiNttList.do?key=263&pageIndex=1&pageUnit=10&searchCnd=all&searchGosiSe=01%2C04%2C06","PASS","SAEOL_GOSI","10","10","0","200","","","도로명주소 고시 / 2026-07-13 / https://www.gn.go.kr/www/selectGosiNttView.do?pageUnit=10&pageIndex=1&searchCnd=all&key=263&searchGosiSe=01,04,06&gosiNttNo=61128 | 폐기물 불법투기에 따른 과태료 부과 전 의견진술 기회부여 공시송달 공고 / 2026-07-14 / https://www.gn.go.kr/www/selectGosiNttView.do?pageUnit=10&pageIndex=1&searchCnd=all&key=263&searchGosiSe=01,04,06&gosiNttNo=61125 | 「폐기물관리법」위반 과태료부과 통지 반송에 따른 공시송달 공고 / 2026-07-14 / https://www.gn.go.kr/www/selectGosiNttView.do?pageUnit=10&pageIndex=1&searchCnd=all&key=263&searchGosiSe=01,04,06&gosiNttNo=61124","2165"
"LGS-000120","강원특별자치도","동해시","동해시청","https://eminwon.dh.go.kr/emwp/gov/mogaha/ntis/web/ofr/action/OfrAction.do?context=NTIS&homepage_pbs_yn=Y&jndinm=OfrNotAncmtEJB&method=selectListOfrNotAncmt&methodnm=selectListOfrNotAncmtHomepage&not_ancmt_se_code=01%2C04&pageIndex=1&subCheck=Y&yyyy=","PASS","SAFE_SAEOL_EMINWON_CELL","21","20","1","200","","","명예도로명 부여 의견 수렴 공고 / 2026-07-14 / https://eminwon.dh.go.kr/emwp/gov/mogaha/ntis/web/ofr/action/OfrAction.do?context=NTIS&homepage_pbs_yn=Y&jndinm=OfrNotAncmtEJB&method=selectOfrNotAncmt&methodnm=selectOfrNotAncmtRegst&not_ancmt_mgt_no=38417&subCheck=Y | 2026년 6월말 동해시 국내 및 국제결혼중개업체 공시 / 2026-07-13 / https://eminwon.dh.go.kr/emwp/gov/mogaha/ntis/web/ofr/action/OfrAction.do?context=NTIS&homepage_pbs_yn=Y&jndinm=OfrNotAncmtEJB&method=selectOfrNotAncmt&methodnm=selectOfrNotAncmtRegst&not_ancmt_mgt_no=38418&subCheck=Y | 2026년 제2차 귀어 창업 및 주택구입 지원(융자) 사업 모집 공고 / 2026-07-13 / https://eminwon.dh.go.kr/emwp/gov/mogaha/ntis/web/ofr/action/OfrAction.do?context=NTIS&homepage_pbs_yn=Y&jndinm=OfrNotAncmtEJB&method=selectOfrNotAncmt&methodnm=selectOfrNotAncmtRegst&not_ancmt_mgt_no=38416&subCheck=Y","2850"
"LGS-000121","강원특별자치도","태백시","태백시청","http://www.taebaek.go.kr/www/selectBbsNttList.do?bbsNo=24&key=351","PASS","SPRING_BBS","10","10","0","200","","","태백 청년 제과제빵·바리스타 직무교육 참여자 모집 / 2026-07-13 / http://www.taebaek.go.kr/www/selectBbsNttView.do?key=351&bbsNo=24&nttNo=182477&searchCtgry=&searchCnd=all&searchKrwd=&pageIndex=1&integrDeptCode= | [금연] 울퉁불퉁한 다리! 하지정맥류 원인, 흡연 / 2026-07-13 / http://www.taebaek.go.kr/www/selectBbsNttView.do?key=351&bbsNo=24&nttNo=182445&searchCtgry=&searchCnd=all&searchKrwd=&pageIndex=1&integrDeptCode= | 2026년 태백시 시민안전보험 안내 / 2026-07-10 / http://www.taebaek.go.kr/www/selectBbsNttView.do?key=351&bbsNo=24&nttNo=182405&searchCtgry=&searchCnd=all&searchKrwd=&pageIndex=1&integrDeptCode=","735"
"LGS-000122","강원특별자치도","속초시","속초시청","https://eminwon.sokcho.go.kr/emwp/gov/mogaha/ntis/web/ofr/action/OfrAction.do?context=NTIS&homepage_pbs_yn=Y&jndinm=OfrNotAncmtEJB&method=selectListOfrNotAncmt&methodnm=selectListOfrNotAncmtHomepage&not_ancmt_se_code=01%2C04&pageIndex=1&subCheck=Y&yyyy=","PASS","SAFE_SAEOL_EMINWON","20","20","0","200","","","토양환경보전법 위반에 따른 행정처분(토양정밀조사명령) 및 과태료 사전통지 반송에 따른 공시송달 공고 / 2026-07-13 / https://eminwon.sokcho.go.kr/emwp/gov/mogaha/ntis/web/ofr/action/OfrAction.do?context=NTIS&homepage_pbs_yn=Y&jndinm=OfrNotAncmtEJB&method=selectOfrNotAncmt&methodnm=selectOfrNotAncmtRegst&not_ancmt_mgt_no=34044&subCheck=Y | 주정차 위반 과태료 공시송달 공고(사전고지서 반송분) / 2026-07-13 / https://eminwon.sokcho.go.kr/emwp/gov/mogaha/ntis/web/ofr/action/OfrAction.do?context=NTIS&homepage_pbs_yn=Y&jndinm=OfrNotAncmtEJB&method=selectOfrNotAncmt&methodnm=selectOfrNotAncmtRegst&not_ancmt_mgt_no=34042&subCheck=Y | 독촉고지서 반송에 따른 공시송달 / 2026-07-13 / https://eminwon.sokcho.go.kr/emwp/gov/mogaha/ntis/web/ofr/action/OfrAction.do?context=NTIS&homepage_pbs_yn=Y&jndinm=OfrNotAncmtEJB&method=selectOfrNotAncmt&methodnm=selectOfrNotAncmtRegst&not_ancmt_mgt_no=34040&subCheck=Y","5007"
"LGS-000123","강원특별자치도","삼척시","삼척시청","http://www.samcheok.go.kr/media/00083/00089.web","PASS","SCMS_CARD_NOTICE","20","20","0","200","","","삼척시 공무원 사칭 사기전화 발생 알림 새 글 / 2026-07-13 / https://www.samcheok.go.kr/media/00083/?gcode=1002&idx=141668&amode=view& | 2026년 삼척시청소년 어울림마당 [Dreaming Day] 홍보 안내 새 글 / 2026-07-13 / https://www.samcheok.go.kr/media/00083/?gcode=1002&idx=141648&amode=view& | 식품위생법 위반사실 공표 새 글 / 2026-07-13 / https://www.samcheok.go.kr/media/00083/?gcode=1002&idx=141646&amode=view&","1226"
"LGS-000124","강원특별자치도","홍천군","홍천군청","https://www.hongcheon.go.kr/www/selectBbsNttList.do?bbsNo=1&key=255","PASS","SPRING_BBS","10","10","0","200","","","2026년 청년 문화예술패스 발급자 지원금 회수 기준 및 협력예매처별 지원금 사용 안내 새글 / 2026-07-13 / https://www.hongcheon.go.kr/www/selectBbsNttView.do?key=255&bbsNo=1&nttNo=142520&searchCtgry=&searchCnd=all&searchKrwd=&pageIndex=1 | 홍천군 고향사랑기부제 기금사업 아이디어 공모(홍천군 공고 제2026-1179호) 새글 / 2026-07-13 / https://www.hongcheon.go.kr/www/selectBbsNttView.do?key=255&bbsNo=1&nttNo=142518&searchCtgry=&searchCnd=all&searchKrwd=&pageIndex=1 | 춘천 「리버뷰 아이파크」 장애인 기관추천 특별공급(일정변경) / 2026-07-05 / https://www.hongcheon.go.kr/www/selectBbsNttView.do?key=255&bbsNo=1&nttNo=142170&searchCtgry=&searchCnd=all&searchKrwd=&pageIndex=1","1408"
"LGS-000125","강원특별자치도","횡성군","횡성군청","https://www.hsg.go.kr/www/selectBbsNttList.do?bbsNo=59&key=812&searchCtgry=%EB%8C%80%ED%91%9C&","PASS","SPRING_BBS","10","10","0","200","","","[대표] 2026년 청년문화예술패스 ＇첫예매 이벤트＇ 안내 / 2026-07-13 / https://www.hsg.go.kr/www/selectBbsNttView.do;jsessionid=CCA6986B176A9DB9C3C0A254B7AC1492?key=812&bbsNo=59&nttNo=422848&pageUnit=10&searchCtgry=%eb%8c%80%ed%91%9c&searchCnd=all | [대표] 2026년 하반기 여성회관 교육프로그램 수강생 모집 공고 / 2026-07-13 / https://www.hsg.go.kr/www/selectBbsNttView.do;jsessionid=CCA6986B176A9DB9C3C0A254B7AC1492?key=812&bbsNo=59&nttNo=422841&pageUnit=10&searchCtgry=%eb%8c%80%ed%91%9c&searchCnd=all | [대표] ＂나는 자연인이다＂ 개그맨 ＂이승윤＂ 특강 개최 알림 / 2026-07-09 / https://www.hsg.go.kr/www/selectBbsNttView.do;jsessionid=CCA6986B176A9DB9C3C0A254B7AC1492?key=812&bbsNo=59&nttNo=422743&pageUnit=10&searchCtgry=%eb%8c%80%ed%91%9c&searchCnd=all","2041"
"LGS-000126","강원특별자치도","영월군","영월군청","http://www.yw.go.kr/www/selectBbsNttList.do?bbsNo=15&key=25","PASS","SPRING_BBS","10","10","0","200","","","주간계획(7.6.~7.12.) / 2026-07-03 / https://www.yw.go.kr/www/selectBbsNttView.do?key=25&bbsNo=15&nttNo=155298&searchCtgry=&searchCnd=all&searchKrwd=&pageIndex=1&integrDeptCode=&pageUnit=10 | 2026년 7월 휴일 및 저녁시간 운영 당번약국 안내입니다. / 2026-06-29 / https://www.yw.go.kr/www/selectBbsNttView.do?key=25&bbsNo=15&nttNo=155167&searchCtgry=&searchCnd=all&searchKrwd=&pageIndex=1&integrDeptCode=&pageUnit=10 | 주간계획(6.29.~7.5.) / 2026-06-26 / https://www.yw.go.kr/www/selectBbsNttView.do?key=25&bbsNo=15&nttNo=155083&searchCtgry=&searchCnd=all&searchKrwd=&pageIndex=1&integrDeptCode=&pageUnit=10","977"
"LGS-000127","강원특별자치도","평창군","평창군청","http://www.pc.go.kr/portal/government/government-news/government-news-agency","PASS","SPRING_BBS","15","15","0","200","","","[안전수칙] 여름 계곡 다슬기 채취가 생각보다 '더' 위험한 이유 / 2026-06-25 / https://www.pc.go.kr/portal/government/government-news/government-news-agency?articleSeq=328783 | '26년 여름철 재난·안전 집중신고제 운영('26.6.1.~'26.8.31.) / 2026-06-05 / https://www.pc.go.kr/portal/government/government-news/government-news-agency?articleSeq=328159 | 2027년 유기질비료 지원사업 신청 안내(연장) / 2026-07-01 / https://www.pc.go.kr/portal/government/government-news/government-news-agency?articleSeq=328023","2121"
"LGS-000128","강원특별자치도","정선군","정선군청","http://www.jeongseon.go.kr/portal/openadmin/adminnews/notice","PASS","SAFE_GWD_GOPAGE2","15","15","0","200","","","고유가 피해지원금 지급 및 사용처 안내 / 2026-04-21 / http://www.jeongseon.go.kr/portal/openadmin/adminnews/notice?articleSeq=306236 | 정선군 농어촌 기본소득 안내(사용처 및 가맹점조회) / 2026-02-27 / http://www.jeongseon.go.kr/portal/openadmin/adminnews/notice?articleSeq=304637 | 공무원 사칭 사기 전화 피해 유의 안내 / 2025-10-10 / http://www.jeongseon.go.kr/portal/openadmin/adminnews/notice?articleSeq=300799","2994"
"LGS-000129","강원특별자치도","철원군","철원군청","https://www.cwg.go.kr/www/selectBbsNttList.do?bbsNo=24&key=206","PASS","SAEOL_GOSI","10","10","0","200","","","철원동송통합보건지소 물리치료실 휴진 안내 새글 / 2026-07-13 / https://www.cwg.go.kr/www/selectBbsNttView.do;CWG_JSESSIONID=41F41A7691F218FB4BEFDE756F2BC64B?key=206&bbsNo=24&nttNo=284336&searchCtgry=&searchCnd=all&searchKrwd=&integrDeptCode=&pageIndex=1&pageUnit=10 | 철원종합문화복지센터 ""청소년 제과기능사(실기반)"" 참가자 모집 / 2026-07-10 / https://www.cwg.go.kr/www/selectBbsNttView.do;CWG_JSESSIONID=41F41A7691F218FB4BEFDE756F2BC64B?key=206&bbsNo=24&nttNo=283918&searchCtgry=&searchCnd=all&searchKrwd=&integrDeptCode=&pageIndex=1&pageUnit=10 | 2027년도 과수분야 보조사업(도,군비) 수요조사 실시 / 2026-07-10 / https://www.cwg.go.kr/www/selectBbsNttView.do;CWG_JSESSIONID=41F41A7691F218FB4BEFDE756F2BC64B?key=206&bbsNo=24&nttNo=283883&searchCtgry=&searchCnd=all&searchKrwd=&integrDeptCode=&pageIndex=1&pageUnit=10","1462"
"LGS-000130","강원특별자치도","화천군","화천군청","https://eminwon.ihc.go.kr/emwp/gov/mogaha/ntis/web/ofr/action/OfrAction.do?context=NTIS&homepage_pbs_yn=Y&jndinm=OfrNotAncmtEJB&method=selectListOfrNotAncmt&methodnm=selectListOfrNotAncmtHomepage&not_ancmt_se_code=01%2C04&pageIndex=1&subCheck=N&yyyy=","PASS","SAFE_SAEOL_EMINWON_LEGACY","20","20","0","200","","","하천 점용 허가 고시 / 2026-07-14 / https://eminwon.ihc.go.kr/emwp/gov/mogaha/ntis/web/ofr/action/OfrAction.do?context=NTIS&homepage_pbs_yn=Y&jndinm=OfrNotAncmtEJB&method=selectOfrNotAncmt&methodnm=selectOfrNotAncmtRegst&not_ancmt_mgt_no=33569&subCheck=N | 화천군 간동면 간척리 농촌활력촉진지구 지정 기본계획(안) 주민공람·공고 / 2026-07-13 / https://eminwon.ihc.go.kr/emwp/gov/mogaha/ntis/web/ofr/action/OfrAction.do?context=NTIS&homepage_pbs_yn=Y&jndinm=OfrNotAncmtEJB&method=selectOfrNotAncmt&methodnm=selectOfrNotAncmtRegst&not_ancmt_mgt_no=33574&subCheck=N | 2026년 하반기 산림소득 보조사업 신청 공고 / 2026-07-13 / https://eminwon.ihc.go.kr/emwp/gov/mogaha/ntis/web/ofr/action/OfrAction.do?context=NTIS&homepage_pbs_yn=Y&jndinm=OfrNotAncmtEJB&method=selectOfrNotAncmt&methodnm=selectOfrNotAncmtRegst&not_ancmt_mgt_no=33566&subCheck=N","2193"
"LGS-000131","강원특별자치도","양구군","양구군청","https://www.yanggu.go.kr/user_sub?gfnc=www&mu_idx=225","PASS","SAEOL_GOSI","11","10","1","200","","","2026년 하반기 어린이 이용시설 종사자 안전교육 안내 / 2026-07-12 / https://www.yanggu.go.kr/user_sub?gfnc=www&pg=1&bk=YWIOU260712174015015&mu_idx=225&bt=rd&pgsize=10&bcd=yanggu_news | 2026년 7월 반상회 홍보자료 안내 / 2026-07-09 / https://www.yanggu.go.kr/user_sub?gfnc=www&pg=1&bk=JWRNO260709181208362&mu_idx=225&bt=rd&pgsize=10&bcd=yanggu_news | 2026년 식품안심업소(음식점 위생등급제) 기술지원 사업 참여업소 모집 ... / 2026-07-09 / https://www.yanggu.go.kr/user_sub?gfnc=www&pg=1&bk=MOPEG260709163101445&mu_idx=225&bt=rd&pgsize=10&bcd=yanggu_news","3302"
"LGS-000132","강원특별자치도","인제군","인제군청","https://www.inje.go.kr/portal/adm/notice","PASS","SPRING_BBS","20","20","0","200","","","[경희사이버대학교] 2026학년도 2학기 관학협력장학 신·편입생 1차 모집 안내(★~7/15 1차 모집 마감★ / 2026-07-09 / https://www.inje.go.kr/portal/adm/notice?articleSeq=251584 | 2026년 인제군평생학습 박람회 홍보체험ㆍ발표ㆍ전시 참가신청 공고 / 2026-07-06 / https://www.inje.go.kr/portal/adm/notice?articleSeq=251472 | [공지] 2026 강원 AI 에듀톤 참가팀 모집 안내 / 2026-07-06 / https://www.inje.go.kr/portal/adm/notice?articleSeq=251469","1502"
"LGS-000133","강원특별자치도","고성군","고성군청","https://eminwon.gwgs.go.kr/emwp/gov/mogaha/ntis/web/ofr/action/OfrAction.do?context=NTIS&homepage_pbs_yn=Y&jndinm=OfrNotAncmtEJB&method=selectListOfrNotAncmt&methodnm=selectListOfrNotAncmtHomepage&not_ancmt_se_code=01%2C04&pageIndex=1&subCheck=Y&yyyy=","PASS","SAFE_SAEOL_EMINWON_LEGACY","20","20","0","200","","","2026년 하반기 죽왕면 주민자치센터 프로그램 수강생 모집 / 2026-07-14 / https://eminwon.gwgs.go.kr/emwp/gov/mogaha/ntis/web/ofr/action/OfrAction.do?context=NTIS&homepage_pbs_yn=Y&jndinm=OfrNotAncmtEJB&method=selectOfrNotAncmt&methodnm=selectOfrNotAncmtRegst&not_ancmt_mgt_no=33875&subCheck=Y | 2026년 피서철 생활폐기물 수거지원 기간제근로자 최종합격자 공고 / 2026-07-13 / https://eminwon.gwgs.go.kr/emwp/gov/mogaha/ntis/web/ofr/action/OfrAction.do?context=NTIS&homepage_pbs_yn=Y&jndinm=OfrNotAncmtEJB&method=selectOfrNotAncmt&methodnm=selectOfrNotAncmtRegst&not_ancmt_mgt_no=33892&subCheck=Y | 농업생산기반시설 사용허가 신청에 따른 의견 청취 공고(현내면 죽정리 785번지 외 5필지) / 2026-07-13 / https://eminwon.gwgs.go.kr/emwp/gov/mogaha/ntis/web/ofr/action/OfrAction.do?context=NTIS&homepage_pbs_yn=Y&jndinm=OfrNotAncmtEJB&method=selectOfrNotAncmt&methodnm=selectOfrNotAncmtRegst&not_ancmt_mgt_no=33888&subCheck=Y","3704"
"LGS-000134","강원특별자치도","양양군","양양군청","https://www.yangyang.go.kr/gw/portal/yyc_news_notice","PASS","SAFE_YANGYANG_READ","15","15","0","200","","","[보건정책과]속초의료원 응급의료센터 휴무일 안내(정정) / 2026-06-18 / https://www.yangyang.go.kr/gw/portal/yyc_news_notice?mode=readForm&boardCode=BDAABB01&articleSeq=254720 | [스마트교통과]양양국제공항 무료셔틀버스 운행(변경) 안내(2026. 7. 1.~12. 31.) / 2026-01-12 / https://www.yangyang.go.kr/gw/portal/yyc_news_notice?mode=readForm&boardCode=BDAABB01&articleSeq=251784 | [세무회계과]7월은 재산세 납부의 달 입니다. / 2026-07-13 / https://www.yangyang.go.kr/gw/portal/yyc_news_notice?mode=readForm&boardCode=BDAABB01&articleSeq=255396","1195"
"LGS-000135","충청북도","충청북도","충청북도청","https://www.chungbuk.go.kr/www/selectGosiPblancList.do?key=422","PASS","SAEOL_GOSI","10","10","0","200","","","2026년 민주시민교육 공모사업 선정 결과 공고 / 2026-07-13 / https://www.chungbuk.go.kr/www/selectGosiPblancView.do?key=422&no=68908&pageUnit=10&pageIndex=1&searchCnd=all | 񟭚년도 충북혁신도시 문화의 날 운영 지원사업 용역' 입찰 공고 / 2026-07-13 / https://www.chungbuk.go.kr/www/selectGosiPblancView.do?key=422&no=68909&pageUnit=10&pageIndex=1&searchCnd=all | '2026년도 충북혁신도시 문화의 날 운영 지원사업 용역' 입찰 취소 공고 / 2026-07-13 / https://www.chungbuk.go.kr/www/selectGosiPblancView.do?key=422&no=68906&pageUnit=10&pageIndex=1&searchCnd=all","354"
"LGS-000136","충청북도","청주시","청주시청","https://www.cheongju.go.kr/www/selectBbsNttList.do?bbsNo=510&key=280&integrDeptCode=000100101","PASS","SAEOL_GOSI","10","10","0","200","","","2026년 하반기 「항공진로 체험(청주 에어아카데미)」 운영 안내(기관ㆍ단체) / 2026-07-13 / https://www.cheongju.go.kr/www/selectBbsNttView.do?key=280&bbsNo=510&nttNo=263633&searchCtgry=&searchCnd=all&searchKrwd=&pageIndex=1&integrDeptCode=000100101 | 청주시 외국인근로자 지원센터 정착한국어플러스 학습자 모집 안내 / 2026-07-13 / https://www.cheongju.go.kr/www/selectBbsNttView.do?key=280&bbsNo=510&nttNo=263599&searchCtgry=&searchCnd=all&searchKrwd=&pageIndex=1&integrDeptCode=000100101 | 청주시 외국인근로자지원센터 법률행정자문단(변호사,행정사,노무사) 모집 공고 / 2026-07-13 / https://www.cheongju.go.kr/www/selectBbsNttView.do?key=280&bbsNo=510&nttNo=263598&searchCtgry=&searchCnd=all&searchKrwd=&pageIndex=1&integrDeptCode=000100101","987"
"LGS-000137","충청북도","충주시","충주시청","http://www.chungju.go.kr/www/selectBbsNttList.do?bbsNo=5&key=506","PASS","SPRING_BBS","10","10","0","200","","","자원봉사 전문교육(아로마테라피 손마사지) 수강생 모집 / 2026-07-10 / https://www.chungju.go.kr/www/selectBbsNttView.do?key=506&bbsNo=5&nttNo=322379&searchCtgry=&searchCnd=all&searchKrwd=&pageIndex=1&integrDeptCode= | 복여울교(앙성~소태간 세월교) 통제 해제 알림 / 2026-07-10 / https://www.chungju.go.kr/www/selectBbsNttView.do?key=506&bbsNo=5&nttNo=322373&searchCtgry=&searchCnd=all&searchKrwd=&pageIndex=1&integrDeptCode= | 2026년 충청북도 품질경영대상 및 품질경영 우수기업 지정 공고 / 2026-07-10 / https://www.chungju.go.kr/www/selectBbsNttView.do?key=506&bbsNo=5&nttNo=322368&searchCtgry=&searchCnd=all&searchKrwd=&pageIndex=1&integrDeptCode=","2677"
"LGS-000138","충청북도","제천시","제천시청","http://www.jecheon.go.kr/www/selectBbsNttList.do?key=114&bbsNo=11","PASS","SPRING_BBS","11","11","0","200","","","비룡담 데크길 보수공사 통행제한 안내 / 2026-07-09 / https://www.jecheon.go.kr/www/selectBbsNttView.do?key=114&bbsNo=11&nttNo=401411&searchCtgry=&searchCnd=all&searchKrwd=&pageIndex=1&integrDeptCode= | 2026년 7월 13일자 인사발령사항 알림 / 2026-07-10 / https://www.jecheon.go.kr/www/selectBbsNttView.do?key=114&id=&&bbsNo=11&nttNo=401507&searchCtgry=&searchCnd=&searchKrwd=&pageIndex=1&integrDeptCode= | 2026년 충청북도 품질경영대상 및 우수기업 지정 공고 알림 / 2026-07-10 / https://www.jecheon.go.kr/www/selectBbsNttView.do?key=114&id=&&bbsNo=11&nttNo=401489&searchCtgry=&searchCnd=&searchKrwd=&pageIndex=1&integrDeptCode=","2579"
"LGS-000139","충청북도","보은군","보은군청","https://www.boeun.go.kr/www/selectBbsNttList.do?bbsNo=4&key=134","PASS","HEURISTIC_NOTICE","10","10","0","200","","","보은 대야리 고분군 정비사업부지 내 유적 유물 소유자 확인 공고 / 2026-07-10 / https://www.boeun.go.kr/www/selectBbsNttView.do?key=134&bbsNo=4&nttNo=220138&searchCtgry=&searchCnd=all&searchKrwd=&integrDeptCode=&pageIndex=1 | '보은 어암리 용천산 이평근린공원 조성 사업 부지 내 유적' 소유자 확인 공고 / 2026-07-10 / https://www.boeun.go.kr/www/selectBbsNttView.do?key=134&bbsNo=4&nttNo=220137&searchCtgry=&searchCnd=all&searchKrwd=&integrDeptCode=&pageIndex=1 | 보은파크골프장 휴장 안내 / 2026-07-10 / https://www.boeun.go.kr/www/selectBbsNttView.do?key=134&bbsNo=4&nttNo=220133&searchCtgry=&searchCnd=all&searchKrwd=&integrDeptCode=&pageIndex=1","3128"
"LGS-000140","충청북도","옥천군","옥천군청","http://www.oc.go.kr/www/selectBbsNttList.do?bbsNo=36&key=232&","PASS","HEURISTIC_NOTICE","8","8","0","200","","","2026년 옥천군청소년수련관 여름방학 프로그램 운영 강사 모집 안내 새글 / 2026-07-13 / https://www.oc.go.kr/www/selectBbsNttView.do?key=232&bbsNo=36&nttNo=191874&searchCtgry=&searchCnd=all&searchKrwd=&integrDeptCode=&pageIndex=1 | 2026년 정기분 재산세(주택,건축물) 납부안내 새글 / 2026-07-13 / https://www.oc.go.kr/www/selectBbsNttView.do?key=232&bbsNo=36&nttNo=191868&searchCtgry=&searchCnd=all&searchKrwd=&integrDeptCode=&pageIndex=1 | 2027년 공동주택 공공시설 유지보수사업 수요조사 안내 / 2026-07-10 / https://www.oc.go.kr/www/selectBbsNttView.do?key=232&bbsNo=36&nttNo=191845&searchCtgry=&searchCnd=all&searchKrwd=&integrDeptCode=&pageIndex=1","2518"
"LGS-000141","충청북도","영동군","영동군청","https://www.yd21.go.kr/kr/html/sub02/020103.html?GotoPage=1&mode=L","PASS","SAEOL_GOSI","15","15","0","200","","","친환경자동차법 위반에 따른 과태료 고지서 반송분 공시송달 공고 / 2026-07-13 / https://www.yd21.go.kr/kr/html/sub02/?mode=V&no=f08b0254ccd6c0b79012b0175c6a1817&GotoPage=1 | 제343회 영동군의회 임시회 부의안건 재공고 / 2026-07-13 / https://www.yd21.go.kr/kr/html/sub02/?mode=V&no=951bd3f4cbd1496da921d0e6a762db48&GotoPage=1 | 2026년 학산면 농지 전수조사(심층조사) 기간제 근로자 채용 공고 / 2026-07-13 / https://www.yd21.go.kr/kr/html/sub02/?mode=V&no=4a6dae3dc5925d31c193c8118af3acea&GotoPage=1","1430"
"LGS-000142","충청북도","증평군","증평군청","http://www.jp.go.kr/kor/cop/bbs/BBSMSTR_000000000134/selectBoardList.do","PASS","EGOV_DIRECT_NOTICE_TABLE","10","10","0","200","","","청주기지 7월 13일(월) ~ 7월 14일(화) 전투기 및 헬기 야간 비행일정 안내 / 2026-07-13 / https://www.jp.go.kr/kor/cop/bbs/BBSMSTR_000000000134/selectBoardArticle.do?nttId=B00000059342wx6rO9ze&kind=&mno=sitemap_12&pageIndex=1&searchCnd=&searchWrd=&startRegDate=&endRegDate=&articleSeList= | 폭염 대비 국민행동요령 홍보 / 2026-07-13 / https://www.jp.go.kr/kor/cop/bbs/BBSMSTR_000000000134/selectBoardArticle.do?nttId=B00000059335ak0eK1xh&kind=&mno=sitemap_12&pageIndex=1&searchCnd=&searchWrd=&startRegDate=&endRegDate=&articleSeList= | 2026년 하반기 증평군 소상공인 이차보전금 지원자금 신청 안내 / 2026-07-13 / https://www.jp.go.kr/kor/cop/bbs/BBSMSTR_000000000134/selectBoardArticle.do?nttId=B00000059327vm1nZ8qw&kind=&mno=sitemap_12&pageIndex=1&searchCnd=&searchWrd=&startRegDate=&endRegDate=&articleSeList=","3944"
"LGS-000143","충청북도","진천군","진천군청","https://www.jincheon.go.kr/home/sub.do?menukey=2908","PASS","HEURISTIC_NOTICE","14","14","0","200","","","국가정보시스템 장애 관련 민원 업무 안내 / 2025-09-27 / https://www.jincheon.go.kr/home/?menukey=2908&mode=view&no=910182373 | 생거진천페이 운영자금 보유관리 현황(2026년 상반기) / 2026-07-13 / https://www.jincheon.go.kr/home/?menukey=2908&mode=view&no=999439363 | 진천사랑상품권 운영자금 보유관리 현황(2025년 하반기... / 2026-07-13 / https://www.jincheon.go.kr/home/?menukey=2908&mode=view&no=999421863","1499"
"LGS-000144","충청북도","괴산군","괴산군청","https://www.goesan.go.kr/www/selectBbsNttList.do?bbsNo=190&key=135","PASS","HEURISTIC_NOTICE","10","10","0","200","","","가족관계교육 주간 운영 안내 / 2026-07-13 / https://www.goesan.go.kr/www/selectBbsNttView.do?key=135&bbsNo=190&nttNo=133867&searchCtgry=&searchCnd=all&searchKrwd=&pageIndex=1&integrDeptCode= | 행복보금자리주택(불정) 입주자 수시모집 공고 / 2026-07-10 / https://www.goesan.go.kr/www/selectBbsNttView.do?key=135&bbsNo=190&nttNo=133799&searchCtgry=&searchCnd=all&searchKrwd=&pageIndex=1&integrDeptCode= | < 저소득층 기저귀·조제분유 지원사업 소득기준 변경 ... / 2026-07-10 / https://www.goesan.go.kr/www/selectBbsNttView.do?key=135&bbsNo=190&nttNo=133762&searchCtgry=&searchCnd=all&searchKrwd=&pageIndex=1&integrDeptCode=","797"
"LGS-000145","충청북도","음성군","음성군청","https://eminwon.eumseong.go.kr/emwp/gov/mogaha/ntis/web/ofr/action/OfrAction.do?context=NTIS&homepage_pbs_yn=Y&jndinm=OfrNotAncmtEJB&method=selectListOfrNotAncmt&methodnm=selectListOfrNotAncmtHomepage&not_ancmt_se_code=01%2C04&pageIndex=1&subCheck=Y&yyyy=","PASS","SAFE_SAEOL_EMINWON_CELL","20","20","0","200","","","불법주정차 단속시간 조정 및 단속 개시에 따른 행정예고 / 2026-07-14 / https://eminwon.eumseong.go.kr/emwp/gov/mogaha/ntis/web/ofr/action/OfrAction.do?context=NTIS&homepage_pbs_yn=Y&jndinm=OfrNotAncmtEJB&method=selectOfrNotAncmt&methodnm=selectOfrNotAncmtRegst&not_ancmt_mgt_no=52608&subCheck=Y | 금왕테크노밸리산업단지 내 처분신청 산업시설용지 매각 공고 / 2026-07-14 / https://eminwon.eumseong.go.kr/emwp/gov/mogaha/ntis/web/ofr/action/OfrAction.do?context=NTIS&homepage_pbs_yn=Y&jndinm=OfrNotAncmtEJB&method=selectOfrNotAncmt&methodnm=selectOfrNotAncmtRegst&not_ancmt_mgt_no=52606&subCheck=Y | 분묘개장공고(2차)(대소 파크골프장 조성사업) / 2026-07-14 / https://eminwon.eumseong.go.kr/emwp/gov/mogaha/ntis/web/ofr/action/OfrAction.do?context=NTIS&homepage_pbs_yn=Y&jndinm=OfrNotAncmtEJB&method=selectOfrNotAncmt&methodnm=selectOfrNotAncmtRegst&not_ancmt_mgt_no=52601&subCheck=Y","3935"
"LGS-000146","충청북도","단양군","단양군청","https://www.danyang.go.kr/dy21/975","PASS","SAEOL_GOSI","22","22","0","200","","","여름철 무더위 쉼터 현황 안내 / 2026-06-09 / https://www.danyang.go.kr/dy21/?action=read&action-value=cc31598ebeb18302302fbaa4bc71d511 | 고유가 피해지원금 신청 안내 / 2026-04-22 / https://www.danyang.go.kr/dy21/?action=read&action-value=de85fb15aa8cebaa4a92af28775f82a1 | 2026년 07월 첫째주(06.29.~07.05.)공공하수처리장 운영현황(단양,매포하수처리장) / 2026-07-13 / https://www.danyang.go.kr/dy21/?action=read&action-value=1da91336e7ac2cbc062b18780a95a8dd","823"
"LGS-000147","충청남도","충청남도","충청남도청","https://www.chungnam.go.kr/cnportal/bbs/B0000230/list.do?menuNo=500497","PASS","HEURISTIC_NOTICE","7","7","0","200","","","[2026년도 충청남도 건축물 미술작품 심의위원회] 공모대행 절차 및 신청서식 모음 / 2026-05-19 / https://www.chungnam.go.kr/cnportal/bbs/B0000230/view.do?nttId=2177313&menuNo=500497&pageUnit=10&pageIndex=1 | [2026년도 충청남도 건축물 미술작품 심의위원회] 심의 절차 및 신청서식 모음 / 2026-03-25 / https://www.chungnam.go.kr/cnportal/bbs/B0000230/view.do?nttId=2174408&menuNo=500497&pageUnit=10&pageIndex=1 | [일상돌봄서비스] 돌봄이 필요한 순간, 일상을 함께 돌봐드립니다 / 2026-06-23 / https://www.chungnam.go.kr/cnportal/bbs/B0000230/view.do?nttId=2179181&menuNo=500497&pageUnit=10&pageIndex=1","1251"
"LGS-000148","충청남도","천안시","천안시청","https://www.cheonan.go.kr/bbs/BBSMSTR_000000000450/list.do","PASS","SAFE_EGOV_BOARD_BUTTON","14","14","0","200","","","먹는물공동시설(약수터) 수질검사 결과 안내 게시판 변경 안내 / 2026-07-09 / https://www.cheonan.go.kr/bbs/BBSMSTR_000000000450/view.do?nttId=B000000510275Wf6gJ4 | 세종 [우미 린 센터파크] 장애인 기관추천 특별공급 신청안내 / 2026-07-08 / https://www.cheonan.go.kr/bbs/BBSMSTR_000000000450/view.do?nttId=B000000510254Gz7fL3 | 치매관리주치의 시범사업 연장 시행에 따른 참여 의사(의료기관) 모집 안내 / 2026-07-08 / https://www.cheonan.go.kr/bbs/BBSMSTR_000000000450/view.do?nttId=B000000510218Hs5eQ7","3858"
"LGS-000149","충청남도","공주시","공주시청","https://www.gongju.go.kr/prog/saeolGosi/GOSI_03/sub04_03_03/list.do","PASS","SAFE_EGOV_DETAIL_CELL","10","10","0","200","","","제2회 공주야(夜)밤 맥주축제 푸드트럭 입점 업체(팀단위) 모집 공고 / 2026-07-14 / https://www.gongju.go.kr/prog/saeolGosi/GOSI_03/sub04_03_03/view.do?notAncmtMgtNo=59407 | 탄천면 정치리(리도207호) 확포장공사 사업인정을 위한 이해관계인(주민) 등의 의견청취 공람공고 / 2026-07-14 / https://www.gongju.go.kr/prog/saeolGosi/GOSI_03/sub04_03_03/view.do?notAncmtMgtNo=59364 | 환경친화적 자동차 과태료 본부과 반송분 공시송달 공고 / 2026-07-13 / https://www.gongju.go.kr/prog/saeolGosi/GOSI_03/sub04_03_03/view.do?notAncmtMgtNo=59413","2628"
"LGS-000150","충청남도","보령시","보령시청","http://www.brcn.go.kr/cop/bbs/BBSMSTR_000000000263/selectBoardList.do","PASS","EGOV_DIRECT_NOTICE_TABLE","10","10","0","200","","","[대천1동] 대천1동 주간행사계획(07. 13.~07. 19.) / 2026-07-14 / http://www.brcn.go.kr/cop/bbs/BBSMSTR_000000000263/selectBoardArticle.do;jsessionid=F1SwGL9FIzn1IUtkm1DpKDC17BykcH8T6jLZwytSwrP4FlMaTFian7bQfmHS6GjS.brwas2_servlet_engine1?bbsId=BBSMSTR_000000000318&nttId=197261&kind=&mno=sitemap_02&pageIndex=1&searchCnd=&searchWrd=&isExpired=N&moveBbsId= | [보건소] 중장년 비만프로그램 대상자 모집 / 2026-07-13 / http://www.brcn.go.kr/cop/bbs/BBSMSTR_000000000263/selectBoardArticle.do;jsessionid=F1SwGL9FIzn1IUtkm1DpKDC17BykcH8T6jLZwytSwrP4FlMaTFian7bQfmHS6GjS.brwas2_servlet_engine1?bbsId=BBSMSTR_000000000286&nttId=197226&kind=&mno=sitemap_02&pageIndex=1&searchCnd=&searchWrd=&isExpired=N&moveBbsId= | [경로장애인과] 2026년 시각청각 장애인용 TV 보급사업(유상) 신청 안내 / 2026-07-13 / http://www.brcn.go.kr/cop/bbs/BBSMSTR_000000000263/selectBoardArticle.do;jsessionid=F1SwGL9FIzn1IUtkm1DpKDC17BykcH8T6jLZwytSwrP4FlMaTFian7bQfmHS6GjS.brwas2_servlet_engine1?bbsId=BBSMSTR_000000001522&nttId=197222&kind=&mno=sitemap_02&pageIndex=1&searchCnd=&searchWrd=&isExpired=N&moveBbsId=","2041"
"LGS-000151","충청남도","아산시","아산시청","http://www.asan.go.kr/main/cms/?no=131","PASS","SUBJECT_NOTICE_TABLE","10","10","0","200","","","7월 2차 현수막 게시사진(7.13. ~ 7.17.) / 2026-07-13 / https://www.asan.go.kr/main/cms/?tb_nm=city_news_notice&m_mode=view&pds_no=2026071317582721865&PageNo=1&no=131 | 석면해체·제거작업 계획[(학)호서대학교] / 2026-07-13 / https://www.asan.go.kr/main/cms/?tb_nm=city_news_notice&m_mode=view&pds_no=2026071309063332159&PageNo=1&no=131 | D-10 2026년 아산시 제2차 무역사절단 참여기업 모집 안내 / 2026-07-13 / https://www.asan.go.kr/main/cms/?tb_nm=city_news_notice&m_mode=view&pds_no=2026071309060901800&PageNo=1&no=131","1807"
"LGS-000152","충청남도","서산시","서산시청","http://www.seosan.go.kr/www/selectBbsNttList.do?bbsNo=97&key=1256","PASS","SPRING_BBS","10","10","0","200","","","2026 서산시 시민배심원 모집 안내 / 2026-07-13 / https://www.seosan.go.kr/www/selectBbsNttView.do?key=1256&bbsNo=97&nttNo=336999&searchCtgry=&searchCnd=all&searchKrwd=&pageIndex=1&integrDeptCode= | 시내버스 노선개편을 위한 서산시 대중교통 이용에 대한 설문조사 / 2026-07-09 / https://www.seosan.go.kr/www/selectBbsNttView.do?key=1256&bbsNo=97&nttNo=336875&searchCtgry=&searchCnd=all&searchKrwd=&pageIndex=1&integrDeptCode= | 스마트도시계획 수립을 위한 설문조사 참여 요청 / 2026-07-08 / https://www.seosan.go.kr/www/selectBbsNttView.do?key=1256&bbsNo=97&nttNo=336830&searchCtgry=&searchCnd=all&searchKrwd=&pageIndex=1&integrDeptCode=","1380"
"LGS-000153","충청남도","논산시","논산시청","http://www.nonsan.go.kr/kor/html/sub03/030101.html","PASS","SPRING_BBS","15","15","0","200","","","논산시 제11기 SNS 서포터즈 모집 / 2026-07-01 / https://www.nonsan.go.kr/kor/html/sub03/?mode=V&no=1e4ae0fd59ba675042ad026289ea80fe&GotoPage=1 | [논산시 SNS이벤트] 민선9기 논산을 구(9)해줘 이벤트! / 2026-07-01 / https://www.nonsan.go.kr/kor/html/sub03/?mode=V&no=1293a9b64195ec94815f6009e8f707aa&GotoPage=1 | 여름철 수인성, 식품매개감염병 예방 안내 / 2026-07-13 / https://www.nonsan.go.kr/kor/html/sub03/?mode=V&no=7f609b3a7aeaeac1bfe8416a62f9143b&GotoPage=1","2876"
"LGS-000154","충청남도","계룡시","계룡시청","http://www.gyeryong.go.kr/kr/html/sub03/030101.html","PASS","SAEOL_GOSI","15","15","0","200","","","2026 계룡시 청년 기업탐방 프로그램 참여 안내 / 2026-07-07 / https://www.gyeryong.go.kr/kr/html/sub03/?mode=V&site_dvs_cd=kr&menu_dvs_cd=030101&code=kr_030101&no=73338f92ac824c0d2695e4272f938be1&GotoPage=1&group_at=kr_030101 | 계룡 SNS 맛집멋집 홍보 중단 안내 / 2026-06-18 / https://www.gyeryong.go.kr/kr/html/sub03/?mode=V&site_dvs_cd=kr&menu_dvs_cd=030101&code=kr_030101&no=936fb5d21a164b6470713b3bd6441045&GotoPage=1&group_at=kr_030101 | 계룡시 공무원 사칭사기 피해예방 안내문 / 2026-01-16 / https://www.gyeryong.go.kr/kr/html/sub03/?mode=V&site_dvs_cd=kr&menu_dvs_cd=030101&code=kr_030101&no=7f2b31888f33befea4a9b707b7c40adf&GotoPage=1&group_at=kr_030101","3489"
"LGS-000155","충청남도","당진시","당진시청","http://www.dangjin.go.kr/cop/bbs/BBSMSTR_000000000013/selectBoardList.do","PASS","EGOV_DIRECT_NOTICE_TABLE","12","10","2","200","","","2026년도 무역의 날 유공자 포상요령 공고 / 2026-07-13 / https://www.dangjin.go.kr/cop/bbs/BBSMSTR_000000000013/selectBoardArticle.do?nttId=1133176 | 2026년 삼선산수목원 가족 생태놀이 목공 체험 신청 접수 안내 / 2026-07-13 / https://www.dangjin.go.kr/cop/bbs/BBSMSTR_000000000013/selectBoardArticle.do?nttId=1133161 | 2026년 중국 인촨시 청소년 교류 프로그램 참가자 선발 결과 알림 / 2026-07-10 / https://www.dangjin.go.kr/cop/bbs/BBSMSTR_000000000013/selectBoardArticle.do?nttId=1133086","1911"
"LGS-000156","충청남도","금산군","금산군청","https://www.geumsan.go.kr/kr/html/sub03/030101.html","PASS","SAEOL_GOSI","15","15","0","200","","","2026 충남 아이키움 서포터즈 모집 / 2026-07-13 / https://www.geumsan.go.kr/kr/html/sub03/?mode=V&site_dvs_cd=kr&menu_dvs_cd=030101&code=kr_04050701&no=854d1acec68415cd8ab47b9c8d5f8a1a&GotoPage=1&group_at=kr_030101 | 7월 10일(금) 금산 삼계탕 축제 개막식으로 인한 단축 운영 안내 / 2026-07-10 / https://www.geumsan.go.kr/kr/html/sub03/?mode=V&site_dvs_cd=kr&menu_dvs_cd=030101&code=museum_0601&no=4382455bb79702094d9f0305fca2010c&GotoPage=1&group_at=kr_030101 | 2026년 구석구석 문화가 있는 날 추억의 영화 OST 콘서트 개최 / 2026-07-09 / https://www.geumsan.go.kr/kr/html/sub03/?mode=V&site_dvs_cd=kr&menu_dvs_cd=030101&code=kr_030101&no=3f7b27c76fdcbb905619150cdcd55c78&GotoPage=1&group_at=kr_030101","5225"
"LGS-000157","충청남도","부여군","부여군청","https://www.buyeo.go.kr/_prog/_board/?code=news_01&site_dvs_cd=kr&menu_dvs_cd=0401","PASS","SUBJECT_NOTICE_TABLE","12","12","0","200","","","2026년 본인서명사실확인제도 안내 / 2026-05-13 / https://www.buyeo.go.kr/_prog/_board/?mode=V&no=-bIGon1fmVRn8u6h8UM3SA&code=news_01&site_dvs_cd=kr&menu_dvs_cd=0401&skey=&sval=&site_dvs=&gubun=&GotoPage=0 | 보조금 집행시 활용하는 보조금 상담 전용 AI / 2026-05-08 / https://www.buyeo.go.kr/_prog/_board/?mode=V&no=D-t9pmN2XsRNbwLP9o1hMg&code=news_01&site_dvs_cd=kr&menu_dvs_cd=0401&skey=&sval=&site_dvs=&gubun=&GotoPage=0 | 2026년 성범죄 경력자 취업 점검확인 결과 공개 / 2026-07-13 / https://www.buyeo.go.kr/_prog/_board/?mode=V&no=iwjRB8vuqtUn_dpaIQ5dYQ&code=news_01&site_dvs_cd=kr&menu_dvs_cd=0401&skey=&sval=&site_dvs=&gubun=&GotoPage=0","2847"
"LGS-000158","충청남도","서천군","서천군청","https://www.seocheon.go.kr/bbs/BBSMSTR_000000000268/list.do","PASS","SAFE_EGOV_DATA_BUTTON","14","14","0","200","","","제2회 충청남도 청년 농산업 아이디어 경진대회 새글 / 2026-07-13 / https://www.seocheon.go.kr/bbs/BBSMSTR_000000000268/view.do?nttId=B000000201243Ya8jS3 | 충남 준비위원회 도민 보고대회 개최 / 2026-07-11 / https://www.seocheon.go.kr/bbs/BBSMSTR_000000000268/view.do?nttId=B000000201224Yb6bJ2 | 「공공생리대 지원 시범사업」 무료 이용시설 안내 / 2026-07-03 / https://www.seocheon.go.kr/bbs/BBSMSTR_000000000268/view.do?nttId=B000000201090Kt3sC4","2211"
"LGS-000159","충청남도","청양군","청양군청","http://www.cheongyang.go.kr/cop/bbs/BBSMSTR_000000000037/selectBoardList.do","PASS","EGOV_DIRECT_NOTICE_TABLE","14","14","0","200","","","충청남도서부장애인종합복지관 청양분관 운전기사 채용 재공고 / 2026-07-11 / https://www.cheongyang.go.kr/cop/bbs/BBSMSTR_000000000037/selectBoardArticle.do;jsessionid=avP0WAVmh8RpdYmWmus3F0OLpdDvnyPN6F4OAQ8tpeU9cBZoTDpt4yYv9Ax4FjCu.cy-was_servlet_engine1?nttId=207531&kind=&mno=sitemap_02&pageIndex=1&searchCnd=&searchWrd= | 2026 자매도시(금천구) 어린이 문화체험단 모집 / 2026-07-10 / https://www.cheongyang.go.kr/cop/bbs/BBSMSTR_000000000037/selectBoardArticle.do;jsessionid=avP0WAVmh8RpdYmWmus3F0OLpdDvnyPN6F4OAQ8tpeU9cBZoTDpt4yYv9Ax4FjCu.cy-was_servlet_engine1?nttId=207496&kind=&mno=sitemap_02&pageIndex=1&searchCnd=&searchWrd= | 농어촌 기본소득 시범사업 Q&A / 2025-12-31 / https://www.cheongyang.go.kr/cop/bbs/BBSMSTR_000000000037/selectBoardArticle.do;jsessionid=avP0WAVmh8RpdYmWmus3F0OLpdDvnyPN6F4OAQ8tpeU9cBZoTDpt4yYv9Ax4FjCu.cy-was_servlet_engine1?nttId=201611&kind=&mno=sitemap_02&pageIndex=1&searchCnd=&searchWrd=","2303"
"LGS-000160","충청남도","홍성군","홍성군청","https://www.hongseong.go.kr/prog/bbsArticle/BBSMSTR_000000000841/list.do","PASS","SAFE_EGOV_DETAIL_CELL","15","15","0","200","","","2026 충청남도 외국인 친화 음식점 모집 연장 공고 / 2026-07-08 / https://www.hongseong.go.kr/prog/bbsArticle/BBSMSTR_000000000841/view.do?notAncmtMgtNo=B000000281374Gn7yH1 | 사)일농서승태기념사업회 창립1주년 기념 <광복음악회> / 2026-07-08 / https://www.hongseong.go.kr/prog/bbsArticle/BBSMSTR_000000000841/view.do?notAncmtMgtNo=B000000281367Ft5qD8 | 서해랑길 63코스 길동무(서해랑人) 참여자 모집 공고 / 2026-07-08 / https://www.hongseong.go.kr/prog/bbsArticle/BBSMSTR_000000000841/view.do?notAncmtMgtNo=B000000281366My3cY3","3198"
"LGS-000161","충청남도","예산군","예산군청","https://www.yesan.go.kr/bbs/BBSMSTR_000000000046/list.do","PASS","SAFE_EGOV_DETAIL_BUTTON","20","20","0","200","","","새글 2026년 주민등록 사실조사 실시 / 2026-07-13 / https://www.yesan.go.kr/bbs/BBSMSTR_000000000046/view.do?nttId=B000000177049Iw5zR3 | 새글 2026 제78회 충청남도민체육대회 임원복 구매 입찰 재공고 / 2026-07-13 / https://www.yesan.go.kr/bbs/BBSMSTR_000000000046/view.do?nttId=B000000177047Lc0hF9 | 새글 2026년 하반기 여성사회교육 수강생 모집 / 2026-07-13 / https://www.yesan.go.kr/bbs/BBSMSTR_000000000046/view.do?nttId=B000000177027Ub7sN8","1119"
"LGS-000162","충청남도","태안군","태안군청","http://www.taean.go.kr/cop/bbs/BBSMSTR_000000000036/selectBoardList.do","PASS","EGOV_DIRECT_NOTICE_TABLE","10","10","0","200","","","충청남도 도민보고대회 개최 안내 / 2026-07-13 / https://www.taean.go.kr/cop/bbs/BBSMSTR_000000000036/selectBoardArticle.do;jsessionid=74305C12C7BDDE7D23872F66306B4676?nttId=1514303220&kind=&mno=sitemap_12&pageIndex=1&searchCnd=&searchWrd=&pageUnit=10 | 2026년도 제3, 4회 태안군 임기제공무원 경력경쟁 임용시험 최종합격자 발표 및 임용후보자 등록요령 공고 / 2026-07-09 / https://www.taean.go.kr/cop/bbs/BBSMSTR_000000000036/selectBoardArticle.do;jsessionid=74305C12C7BDDE7D23872F66306B4676?nttId=1514303153&kind=&mno=sitemap_12&pageIndex=1&searchCnd=&searchWrd=&pageUnit=10 | 폐전지 분리배출 / 2026-07-09 / https://www.taean.go.kr/cop/bbs/BBSMSTR_000000000036/selectBoardArticle.do;jsessionid=74305C12C7BDDE7D23872F66306B4676?nttId=1514303167&kind=&mno=sitemap_12&pageIndex=1&searchCnd=&searchWrd=&pageUnit=10","1187"
"LGS-000163","전북특별자치도","전북특별자치도","전북특별자치도청","https://www.jeonbuk.go.kr/board/list.jeonbuk?boardId=BBS_0000005&menuCd=DOM_000000102001001000&contentsSid=76&cpath=","PASS","SPRING_BBS","10","10","0","200","","","전주 아르티엠 라 테라스 장애인 기관추천 특별공급 추천 대상자 모집 / 2026-07-14 / https://www.jeonbuk.go.kr/board/view.jeonbuk?boardId=BBS_0000005&menuCd=DOM_000000102001001000&orderBy=REGISTER_DATE:DESC&paging=ok&startPage=1&dataSid=666410 | 전북 기능성식품 규제자유특구 실증특례 이용자고지 안내 / 2026-07-13 / https://www.jeonbuk.go.kr/board/view.jeonbuk?boardId=BBS_0000005&menuCd=DOM_000000102001001000&orderBy=REGISTER_DATE:DESC&paging=ok&startPage=1&dataSid=666340 | 전북특별자치도 감염병 주간소식지 제26-26호(2026년 27주차) / 2026-07-10 / https://www.jeonbuk.go.kr/board/view.jeonbuk?boardId=BBS_0000005&menuCd=DOM_000000102001001000&orderBy=REGISTER_DATE:DESC&paging=ok&startPage=1&dataSid=666081","1358"
"LGS-000164","전북특별자치도","전주시","전주시청","https://www.jeonju.go.kr/planweb/board/list.9is?contentUid=ff8080818990c349018b041a87373953&boardUid=ff8080818990c349018b1dbaa78e4b41","PASS","SPRING_BBS","10","10","0","200","","","「2026 IFTM 프랑스 국제관광박람회」 한지 체험 프로그램 운영 한지공예가 공모 공고 / 2026-07-13 / https://www.jeonju.go.kr/planweb/board/view.9is?dataUid=9be517a89eb4c412019f5a92cf2421b1&&contentUid=ff8080818990c349018b041a87373953&tmpField14=&boardUid=ff8080818990c349018b1dbaa78e4b41&page=1 | '아르티엠 라 테라스' 장애인 특별공급 대상자 모집 안내 / 2026-07-13 / https://www.jeonju.go.kr/planweb/board/view.9is?dataUid=9be517a89eb4c412019f5a11c65f0cab&&contentUid=ff8080818990c349018b041a87373953&tmpField14=&boardUid=ff8080818990c349018b1dbaa78e4b41&page=1 | 전주시새활용센터 「다시봄」, 선풍기 상담소 매주 목요일 운영(~8.27.) / 2026-07-10 / https://www.jeonju.go.kr/planweb/board/view.9is?dataUid=9be517a89eb4c412019f4c1557a2257f&&contentUid=ff8080818990c349018b041a87373953&tmpField14=&boardUid=ff8080818990c349018b1dbaa78e4b41&page=1","2109"
"LGS-000165","전북특별자치도","군산시","군산시청","http://www.gunsan.go.kr/main/m140","PASS","SPRING_BBS","10","10","0","200","","","2026년 군산시 시민의장 수상후보자 시민의견 수렴 안내 / 2026-07-12 / https://www.gunsan.go.kr/main/m140/view/9832233? | 「군산 8월의 크리스마스 단편 영화제 공모전」 안내 / 2026-07-08 / https://www.gunsan.go.kr/main/m140/view/9832065? | 군산시 노후 상수관망 정비사업(나운1,2구역) 긴급복구 협력업체 지정공고 / 2026-07-06 / https://www.gunsan.go.kr/main/m140/view/9832033?","3171"
"LGS-000166","전북특별자치도","익산시","익산시청","https://www.iksan.go.kr/board/post/list.do?boardUid=ff80808199dd1d7d0199e15235920a20&menuUid=ff80808198eafcbd019902aad8302bfa","PASS","SPRING_BBS","11","11","0","200","","","익산시 고유가 피해지원금 지급 개요 알림 / 2026-04-12 / https://www.iksan.go.kr/board/post/view.do?boardUid=ff80808199dd1d7d0199e15235920a20&menuUid=ff80808198eafcbd019902aad8302bfa&postUid=4028a6119d299352019d7fecbb66033e | 제279회 익산시의회(임시회) 부의안건 / 2026-07-09 / https://www.iksan.go.kr/board/post/view.do?boardUid=ff80808199dd1d7d0199e15235920a20&menuUid=ff80808198eafcbd019902aad8302bfa&postUid=4028a6119efea131019f43d706834ddb | (재)익산사랑장학재단 2026년 2학기 수도권 행복기숙사 추천 입주생 모집 및 선발 공고 / 2026-07-08 / https://www.iksan.go.kr/board/post/view.do?boardUid=ff80808199dd1d7d0199e15235920a20&menuUid=ff80808198eafcbd019902aad8302bfa&postUid=4028a6109efe9f4f019f40191d9d29c1","486"
"LGS-000167","전북특별자치도","정읍시","정읍시청","http://www.jeongeup.go.kr/board/list.jeongeup?boardId=BBS_0000012&menuCd=DOM_000000101001001000&contentsSid=5&cpath=","PASS","SPRING_BBS","14","14","0","200","","","자동차세, 지방소득세 납부기간 연장 안내(2026. 7. 7.(화)일까지 연장) / 2026-07-02 / https://www.jeongeup.go.kr/board/view.jeongeup?boardId=BBS_0000012&menuCd=DOM_000000101001001000&orderBy=REGISTER_DATE%20DESC&paging=ok&startPage=1&dataSid=1415032 | 2026년 달리는 국민신문고 운영 안내 / 2026-06-16 / https://www.jeongeup.go.kr/board/view.jeongeup?boardId=BBS_0000012&menuCd=DOM_000000101001001000&orderBy=REGISTER_DATE%20DESC&paging=ok&startPage=1&dataSid=1413992 | 6월 상반기 정기분 자동차세 납부의 달 / 2026-06-12 / https://www.jeongeup.go.kr/board/view.jeongeup?boardId=BBS_0000012&menuCd=DOM_000000101001001000&orderBy=REGISTER_DATE%20DESC&paging=ok&startPage=1&dataSid=1413796","1514"
"LGS-000168","전북특별자치도","남원시","남원시청","https://www.namwon.go.kr/board/post/list.do?boardUid=ff8080818ea1b850018ea1e3e9ad0081&menuUid=ff8080818e3beff0018e4075e410006e","PASS","SPRING_BBS","12","12","0","200","","","2026년 농업용 면세유 유가연동 보조금 지원사업 안내 / 2026-05-05 / https://www.namwon.go.kr/board/post/view.do?boardUid=ff8080818ea1b850018ea1e3e9ad0081&menuUid=ff8080818e3beff0018e4075e410006e&postUid=9be51b0f9d52602b019df62a9451319e | 2026년 남원시 농림축산지원사업 신청 안내 / 2025-12-23 / https://www.namwon.go.kr/board/post/view.do?boardUid=ff8080818ea1b850018ea1e3e9ad0081&menuUid=ff8080818e3beff0018e4075e410006e&postUid=9be51b0f9ae3d6e5019b496ea4e94e4f | 7월은 재산세 납부의 달 / 2026-07-13 / https://www.namwon.go.kr/board/post/view.do?boardUid=ff8080818ea1b850018ea1e3e9ad0081&menuUid=ff8080818e3beff0018e4075e410006e&postUid=9be51b0f9efe03dc019f5b1de0a62c5f","1232"
"LGS-000169","전북특별자치도","김제시","김제시청","https://www.gimje.go.kr/board/list.gimje?boardId=BBS_0000027&menuCd=DOM_000000104001000000&contentsSid=194&cpath=","PASS","HEURISTIC_NOTICE","7","7","0","200","","","김제시 주간행사계획(7.13.~7.19.) 첨부파일 있음 / 2026-07-13 / https://www.gimje.go.kr/board/view.gimje?boardId=BBS_0000027&menuCd=DOM_000000104001000000&orderBy=REGISTER_DATE%20DESC&paging=ok&startPage=1&categoryCode1=DEPART01,DEPART2005_1,DEPART02,DEPART03,DEPART06,DEPART07,DEPART08,DEPART09,DEPART11,DEPART22,DEPART15,DEPART13,DEPART10,DEPART42,DEPART04,DEPART2003_1,DEPART05,DEPART20,DEPART43,DEPART44,DEPART18,DEPART16,DEPART17,DEPART14,DEPART21,DEPART41,HEALTH1,HEALTH2,HEALTH3,JPS_1,JPS_2,JPS_3,JPS_4,JPS_5,JPS_6,DEPART19,LIB,ARIRANG&dataSid=351025 | 지평선아카데미 휴강 안내(7월 넷째주, 8월 둘째주) 첨부파일 있음 / 2026-07-09 / https://www.gimje.go.kr/board/view.gimje?boardId=BBS_0000027&menuCd=DOM_000000104001000000&orderBy=REGISTER_DATE%20DESC&paging=ok&startPage=1&categoryCode1=DEPART01,DEPART2005_1,DEPART02,DEPART03,DEPART06,DEPART07,DEPART08,DEPART09,DEPART11,DEPART22,DEPART15,DEPART13,DEPART10,DEPART42,DEPART04,DEPART2003_1,DEPART05,DEPART20,DEPART43,DEPART44,DEPART18,DEPART16,DEPART17,DEPART14,DEPART21,DEPART41,HEALTH1,HEALTH2,HEALTH3,JPS_1,JPS_2,JPS_3,JPS_4,JPS_5,JPS_6,DEPART19,LIB,ARIRANG&dataSid=350747 | 김제시 주간행사계획(7.6.~7.12.) 첨부파일 있음 / 2026-07-06 / https://www.gimje.go.kr/board/view.gimje?boardId=BBS_0000027&menuCd=DOM_000000104001000000&orderBy=REGISTER_DATE%20DESC&paging=ok&startPage=1&categoryCode1=DEPART01,DEPART2005_1,DEPART02,DEPART03,DEPART06,DEPART07,DEPART08,DEPART09,DEPART11,DEPART22,DEPART15,DEPART13,DEPART10,DEPART42,DEPART04,DEPART2003_1,DEPART05,DEPART20,DEPART43,DEPART44,DEPART18,DEPART16,DEPART17,DEPART14,DEPART21,DEPART41,HEALTH1,HEALTH2,HEALTH3,JPS_1,JPS_2,JPS_3,JPS_4,JPS_5,JPS_6,DEPART19,LIB,ARIRANG&dataSid=350563","1481"
"LGS-000170","전북특별자치도","완주군","완주군청","https://www.wanju.go.kr/planweb/board/list.9is?contentUid=ff8080818b024d8e018b274f3fdd2ae2&boardUid=ff8080818a49961a018ab011af3543bc&categoryUid2=ff8080818bc7fa7c018bd69c596z9039&contentUid=ff8080818b024d8e018b274f3fdd2ae2&subPath=","PASS","SPRING_BBS","20","20","0","200","","","2026년도 기본직불 등록정보 공개 / 2026-07-01 / https://www.wanju.go.kr/planweb/board/view.9is?dataUid=4028a6029dcd6861019f1c2d37ad6406&&contentUid=ff8080818b024d8e018b274f3fdd2ae2&categoryUid2=ff8080818bc7fa7c018bd69c596z9039&boardUid=ff8080818a49961a018ab011af3543bc&page=1&subPath= | 2026년 제20회 빛공해 공모전 / 2026-06-09 / https://www.wanju.go.kr/planweb/board/view.9is?dataUid=4028a6029dcd6861019eaa9afb841298&&contentUid=ff8080818b024d8e018b274f3fdd2ae2&categoryUid2=ff8080818bc7fa7c018bd69c596z9039&boardUid=ff8080818a49961a018ab011af3543bc&page=1&subPath= | 2026년 1인가구 주거안전 방문지킴이 지원사업 안내 / 2026-05-29 / https://www.wanju.go.kr/planweb/board/view.9is?dataUid=4028a6029dcd6861019e7177f39a7f03&&contentUid=ff8080818b024d8e018b274f3fdd2ae2&categoryUid2=ff8080818bc7fa7c018bd69c596z9039&boardUid=ff8080818a49961a018ab011af3543bc&page=1&subPath=","2997"
"LGS-000171","전북특별자치도","진안군","진안군청","https://www.jinan.go.kr/board/list.jinan?boardId=BBS_0000026&menuCd=DOM_000000107001000000&contentsSid=179&cpath=","PASS","HEURISTIC_NOTICE","8","8","0","200","","","2026년 창업 식품기업 인프라 지원사업 신청 안내 / 2026-07-13 / https://www.jinan.go.kr/board/view.jinan?boardId=BBS_0000026&&menuCd=DOM_000000107001000000&paging=ok&startPage=1&categoryCode3=COM01&dataSid=213165 | 2026년 절임염수 재활용 설비 구축 지원사업 3차 공모 안내 / 2026-07-13 / https://www.jinan.go.kr/board/view.jinan?boardId=BBS_0000026&&menuCd=DOM_000000107001000000&paging=ok&startPage=1&categoryCode3=COM01&dataSid=213162 | 럼피스킨병(LSD) 위험경보 발령에 따른 방제요령 알림 / 2026-07-13 / https://www.jinan.go.kr/board/view.jinan?boardId=BBS_0000026&&menuCd=DOM_000000107001000000&paging=ok&startPage=1&categoryCode3=COM01&dataSid=213125","495"
"LGS-000172","전북특별자치도","무주군","무주군청","https://www.muju.go.kr/planweb/board/list.9is?contentUid=ff8080816c5f9d47016cbd3ae19f006b&boardUid=ff8080816d135a54016d1ecde9d8001a","PASS","SUBJECT_NOTICE_TABLE","29","29","0","200","","","[군청] 「2026 무주군 민생규제 집중 발굴기간」 ... / 2026-07-10 / https://www.muju.go.kr/planweb/board/view.9is?dataUid=4028a6d2928a60a5019f4985d1a8601e&page=1&contentUid=ff8080816c5f9d47016cbd3ae19f006b&boardUid=ff8080816d135a54016d1ecde9d8001a&searchType=&keyword=&categoryUid1=&categoryUid2=&categoryUid3= | [군청] 반딧불체육관 테니스장 이용제한 안내 / 2026-07-09 / https://www.muju.go.kr/planweb/board/view.9is?dataUid=4028a6d2928a60a5019f44bc3e2f1cf7&page=1&contentUid=ff8080816c5f9d47016cbd3ae19f006b&boardUid=ff8080816d135a54016d1ecde9d8001a&searchType=&keyword=&categoryUid1=&categoryUid2=&categoryUid3= | [군청] 무주시니어클럽 노인일자리 담당자(계약직) 채용... / 2026-06-24 / https://www.muju.go.kr/planweb/board/view.9is?dataUid=4028a6d2928a60a5019ef82ea0e930ca&page=1&contentUid=ff8080816c5f9d47016cbd3ae19f006b&boardUid=ff8080816d135a54016d1ecde9d8001a&searchType=&keyword=&categoryUid1=&categoryUid2=&categoryUid3=","881"
"LGS-000173","전북특별자치도","장수군","장수군청","https://www.jangsu.go.kr/board/list.jangsu?boardId=BBS_0000003&menuCd=DOM_000000102001001000&contentsSid=13&cpath=","PASS","HEURISTIC_NOTICE","70","70","0","200","","","*청년활력센터 입주자 모집 공고 / 2026-07-08 / https://www.jangsu.go.kr/board/view.jangsu?boardId=BBS_0000003&menuCd=DOM_000000102001001000&paging=ok&startPage=1&dataSid=577729 | 260707_청년활력센터_입주자_모집공고(최종).hwpx 전용뷰어 새창으로 열립니다. / 2026-07-08 / https://www.jangsu.go.kr/board/SynapViewer.jangsu?boardId=BBS_0000003&menuCd=DOM_000000102001001000&paging=ok&startPage=1&dataSid=577729&command=update&fileSid=373523 | *2026년 7월 장수읍 소재지권 군단위LPG배관망 가스요금 안내 / 2026-07-08 / https://www.jangsu.go.kr/board/view.jangsu?boardId=BBS_0000003&menuCd=DOM_000000102001001000&paging=ok&startPage=1&dataSid=577727","576"
"LGS-000174","전북특별자치도","임실군","임실군청","http://www.imsil.go.kr/board/list.imsil?boardId=BBS_0000002&menuCd=DOM_000000103001001000&contentsSid=161&cpath=","PASS","SUBJECT_NOTICE_TABLE","22","22","0","200","","","농기계임대사업소 임대 농기계 구입을 위한 수요조사 공고 / 2026-07-08 / https://www.imsil.go.kr/board/view.imsil?boardId=BBS_0000002&menuCd=DOM_000000103001001000&orderBy=REGISTER_DATE%20DESC&paging=ok&startPage=1&dataSid=147467 | 2026년 배추 재배기술 상설교육 안내 / 2026-07-07 / https://www.imsil.go.kr/board/view.imsil?boardId=BBS_0000002&menuCd=DOM_000000103001001000&orderBy=REGISTER_DATE%20DESC&paging=ok&startPage=1&dataSid=147429 | 한우 사양관리 전문기술 교육 안내 / 2026-06-15 / https://www.imsil.go.kr/board/view.imsil?boardId=BBS_0000002&menuCd=DOM_000000103001001000&orderBy=REGISTER_DATE%20DESC&paging=ok&startPage=1&dataSid=146304","805"
"LGS-000175","전북특별자치도","순창군","순창군청","https://www.sunchang.go.kr/index.do?menuUid=ff8080819a2f0e3b019a5d1b0c40164a","PASS","SPRING_BBS","10","10","0","200","","","서울시 상설행사 연계 서로장터 참여 지자체 수요조사 / 2026-07-13 / https://www.sunchang.go.kr/board/post/view.do?boardUid=ff8080819a2f0e3b019a6c0c17ba1fd9&menuUid=ff8080819a2f0e3b019a5d1b0c40164a&postUid=4028a6f09f4b44cb019f59287b071efe | 2026년 순창군 청년농업인 경영실습 임대농장(제4호) 임차인 모집 재공고 / 2026-07-13 / https://www.sunchang.go.kr/board/post/view.do?boardUid=ff8080819a2f0e3b019a6c0c17ba1fd9&menuUid=ff8080819a2f0e3b019a5d1b0c40164a&postUid=4028a6f09f4b44cb019f590c413c17b5 | 2026년 하반기 사회적경제 컨설팅 지원사업 참여기업 모집공 / 2026-07-10 / https://www.sunchang.go.kr/board/post/view.do?boardUid=ff8080819a2f0e3b019a6c0c17ba1fd9&menuUid=ff8080819a2f0e3b019a5d1b0c40164a&postUid=4028a6f09efe140d019f4950e08c16a9","1023"
"LGS-000176","전북특별자치도","고창군","고창군청","http://www.gochang.go.kr/board/list.gochang?boardId=BBS_0000083&menuCd=DOM_000000102001001000&paging=ok&startPage=1","PASS","HEURISTIC_NOTICE","9","9","0","200","","","2027년 중소기업 환경개선사업 수요조사 신청 첨부파일 있음 / 2026-07-13 / http://www.gochang.go.kr/board/view.gochang?boardId=BBS_0000083&menuCd=DOM_000000102001001000&orderBy=REGISTER_DATE%20DESC&paging=ok&startPage=1&dataSid=825850 | 2027년 전북특별자치도 우수상품 선정계획 공고 첨부파일 있음 / 2026-07-13 / http://www.gochang.go.kr/board/view.gochang?boardId=BBS_0000083&menuCd=DOM_000000102001001000&orderBy=REGISTER_DATE%20DESC&paging=ok&startPage=1&dataSid=825849 | 대국민 감염병 예방 캠페인(올바른 손씻기) 홍보 영상 첨부파일 있음 / 2026-07-13 / http://www.gochang.go.kr/board/view.gochang?boardId=BBS_0000083&menuCd=DOM_000000102001001000&orderBy=REGISTER_DATE%20DESC&paging=ok&startPage=1&dataSid=825837","1161"
"LGS-000177","전북특별자치도","부안군","부안군청","http://www.buan.go.kr/board/list.buan?boardId=BBS_0000053&menuCd=DOM_000000103001001000&contentsSid=687&cpath=","PASS","SUBJECT_NOTICE_TABLE","11","10","1","200","","","주간행사계획표(7.13. ~ 7.19.)(예정) / 2026-07-13 / https://www.buan.go.kr/board/view.buan?boardId=BBS_0000053&menuCd=DOM_000000103001001000&paging=ok&startPage=1&dataSid=365829 | 주간행사계획표(7.6. ~ 7.12.)(예정) / 2026-07-06 / https://www.buan.go.kr/board/view.buan?boardId=BBS_0000053&menuCd=DOM_000000103001001000&paging=ok&startPage=1&dataSid=365565 | 주간행사계획표(6.29. ~ 7.5.)(예정) / 2026-06-29 / https://www.buan.go.kr/board/view.buan?boardId=BBS_0000053&menuCd=DOM_000000103001001000&paging=ok&startPage=1&dataSid=365242","347"
"LGS-000178","전라남도","목포시","목포시청","https://www.mokpo.go.kr/www/mokpo_news/notice","PASS","SPRING_BBS","15","15","0","200","","","식품의약품안전처 또는 지자체 사칭 사기 주의 요청 / 2026-07-09 / https://www.mokpo.go.kr/www/mokpo_news/notice?idx=546688&mode=view | 제78주년 제헌절 나라사랑 태극기 달기 운동 알림 / 2026-07-09 / https://www.mokpo.go.kr/www/mokpo_news/notice?idx=546686&mode=view | [AI메타버스센터] 「AI캠퍼스 AI 개발자 양성 과정」 교육생 모집 안내 / 2026-07-09 / https://www.mokpo.go.kr/www/mokpo_news/notice?idx=546663&mode=view","2226"
"LGS-000179","전라남도","여수시","여수시청","https://www.yeosu.go.kr/www/govt/news/notice","PASS","SPRING_BBS","15","15","0","200","","","2026년 「꿈사다리 공부방」 사업 청년학습선생님 수시 6차 채용공고 안내새로운글 / 2026-07-13 / https://www.yeosu.go.kr/www/govt/news/notice?idx=579356&mode=view | 2026년 주민등록 사실조사 실시 안내새로운글 / 2026-07-13 / https://www.yeosu.go.kr/www/govt/news/notice?idx=579355&mode=view | 「AI기반 인력양성·스타트업 성장지원 사업」 생성형 AI 전문 강사 양성과정 교육생 모집 안내새로운글 / 2026-07-13 / https://www.yeosu.go.kr/www/govt/news/notice?idx=579352&mode=view","1989"
"LGS-000180","전라남도","순천시","순천시청","https://www.suncheon.go.kr/kr/news/0001/0001/?mode=list","PASS","SUBJECT_NOTICE_TABLE","15","15","0","200","","","8월 시민 정보화교육 수강생 모집 안내 / 2026-07-13 / https://www.suncheon.go.kr/kr/news/0001/0001/?boardId=BBS_0000000000000130&mode=view&cntId=12442&category=&pageIdx= | 순천만국가정원 「도파민가든」 개최 / 2026-07-10 / https://www.suncheon.go.kr/kr/news/0001/0001/?boardId=BBS_0000000000000130&mode=view&cntId=12441&category=&pageIdx= | 2026 일상문화예술실험실 「아쉬움을 예술로」 참가팀 모집 / 2026-07-10 / https://www.suncheon.go.kr/kr/news/0001/0001/?boardId=BBS_0000000000000130&mode=view&cntId=12440&category=&pageIdx=","3046"
"LGS-000181","전라남도","나주시","나주시청","http://www.naju.go.kr/www/administration/new/notify","PASS","SPRING_BBS","15","15","0","200","","","2026년 4차 영양플러스 사업 신규 대상자 모집 / 2026-07-10 / https://www.naju.go.kr/www/administration/new/notify?idx=608445&mode=view | 전남광주통합특별시 인구감소지역 대응 기본계획 수립을 위한 시민 설문조사 / 2026-07-09 / https://www.naju.go.kr/www/administration/new/notify?idx=608392&mode=view | 2027년도 병역지정업체(농산물가공 분야) 신규 선정 신청 안내 / 2026-07-09 / https://www.naju.go.kr/www/administration/new/notify?idx=608391&mode=view","887"
"LGS-000182","전라남도","광양시","광양시청","https://gwangyang.go.kr/board.es?mid=a11001000000&bid=0001","PASS","SPRING_BBS","10","10","0","200","","","새글 1Day 교육 - 합격을 부르는 면접 메이크업 / 2026-07-13 / https://gwangyang.go.kr/board.es?mid=a11001000000&bid=0001&act=view&list_no=201841&tag=&nPage=1 | 새글 2026년 광양시 아동권리 정책제안 공모전 실시 / 2026-07-13 / https://gwangyang.go.kr/board.es?mid=a11001000000&bid=0001&act=view&list_no=201812&tag=&nPage=1 | 새글 「광양만권 야외 물놀이장」 운영 알림 / 2026-07-13 / https://gwangyang.go.kr/board.es?mid=a11001000000&bid=0001&act=view&list_no=201811&tag=&nPage=1","1771"
"LGS-000183","전라남도","담양군","담양군청","https://www.damyang.go.kr/board/list?boardId=BBS_0000001&domainId=DOM_0000001&contentsSid=1&menuCd=DOM_000000190001001000","PASS","DAMYANG_NOTICE_JSON","10","8","2","200","","","「담양~광주(첨단)」간 시외 직행형 버스 운행재개 / 2026-05-21 / https://www.damyang.go.kr/board/detail?dataSid=816696&boardId=BBS_0000001&domainId=DOM_0000001&contentsSid=1&menuCd=DOM_000000190001001000 | (재)담양군문화재단 직원 채용 공고 / 2026-07-09 / https://www.damyang.go.kr/board/detail?dataSid=818466&boardId=BBS_0000001&domainId=DOM_0000001&contentsSid=1&menuCd=DOM_000000190001001000 | 「담양글로벌문화관」과 함께 하는 '청소년 글로벌 앰배서더' 모집 안내(수정) / 2026-07-13 / https://www.damyang.go.kr/board/detail?dataSid=818407&boardId=BBS_0000001&domainId=DOM_0000001&contentsSid=1&menuCd=DOM_000000190001001000","551"
"LGS-000184","전라남도","곡성군","곡성군청","https://www.gokseong.go.kr/kr/board/list.do?bbsId=BBS_000000000000150&menuNo=102001001000","PASS","GURYE_BOARD_NOTICE","15","15","0","200","","","(농협은행)전남청년 문화복지카드 가맹점 현황(20260630기준) / 2026-07-10 / https://www.gokseong.go.kr/kr/board/view.do;jsessionid=9893233106B71E4F558F8F16DD7B40F4?bbsId=BBS_000000000000150&pageIndex=1&nttId=111137&menuNo=102001001000&searchCategory1=&searchCategory2=&searchCategory3= | 2026년 음식점업 외국인근로자 고용허가 신청 안내 / 2026-06-29 / https://www.gokseong.go.kr/kr/board/view.do;jsessionid=9893233106B71E4F558F8F16DD7B40F4?bbsId=BBS_000000000000150&pageIndex=1&nttId=110632&menuNo=102001001000&searchCategory1=&searchCategory2=&searchCategory3= | 전남 청년 정책 길라잡이 / 2026-06-25 / https://www.gokseong.go.kr/kr/board/view.do;jsessionid=9893233106B71E4F558F8F16DD7B40F4?bbsId=BBS_000000000000150&pageIndex=1&nttId=110549&menuNo=102001001000&searchCategory1=&searchCategory2=&searchCategory3=","229"
"LGS-000185","전라남도","구례군","구례군청","https://www.gurye.go.kr/board/list.do?bbsId=BBS_0000000000000056&menuNo=115004001000","PASS","GURYE_BOARD_NOTICE","15","15","0","200","","","생명나눔 헌혈 참여 안내 / 2026-07-09 / https://www.gurye.go.kr/board/view.do;gurye.go.kr=00A9D9DCB324D33BFFC118A273AC08D8?bbsId=BBS_0000000000000056&pageIndex=1&nttId=80116&menuNo=115004001000&searchCategory1=&searchCategory2=&searchCategory3= | 석면해체 제거사업장의 석면 비산측정 결과공개(구례군 구례읍 용방로 41- / 2026-07-07 / https://www.gurye.go.kr/board/view.do;gurye.go.kr=00A9D9DCB324D33BFFC118A273AC08D8?bbsId=BBS_0000000000000056&pageIndex=1&nttId=80066&menuNo=115004001000&searchCategory1=&searchCategory2=&searchCategory3= | 석면해체 제거사업장의 석면 비산측정 결과공개(구례 어울샌터 1차부지 철거 / 2026-07-07 / https://www.gurye.go.kr/board/view.do;gurye.go.kr=00A9D9DCB324D33BFFC118A273AC08D8?bbsId=BBS_0000000000000056&pageIndex=1&nttId=80064&menuNo=115004001000&searchCategory1=&searchCategory2=&searchCategory3=","2073"
"LGS-000186","전라남도","고흥군","고흥군청","https://www.goheung.go.kr/boardList.do?pageId=www96&boardId=BD_00018","PASS","HEURISTIC_NOTICE","10","10","0","200","","","(수정) 2026년 6월, 자동차세 등 지방세 납부기한 연장 안내 / 2026-06-19 / https://www.goheung.go.kr/boardView.do?pageId=www96&boardId=BD_00018&seq=7607123&movePage=1 | 2026년 전라남도 평생교육이용권 신청 접수 안내(3차) / 2026-06-15 / https://www.goheung.go.kr/boardView.do?pageId=www96&boardId=BD_00018&seq=3674887&movePage=1 | 2026년 하반기 공정선거지원단 모집 안내 / 2026-06-09 / https://www.goheung.go.kr/boardView.do?pageId=www96&boardId=BD_00018&seq=2102136&movePage=1","839"
"LGS-000187","전라남도","보성군","보성군청","http://www.boseong.go.kr/www/open_administration/city_news/notice","PASS","SPRING_BBS","17","17","0","200","","","2026년 민방위 기본교육 일정 안내 / 2026-05-12 / https://www.boseong.go.kr/www/open_administration/city_news/notice?idx=1157614&mode=view | 2026년 보성 청년 DREAM UP 프로젝트 참여자 모집 / 2026-04-02 / https://www.boseong.go.kr/www/open_administration/city_news/notice?idx=1156891&mode=view | 보성읍 도시재생 뉴딜사업 집수리 지원사업 신청 접수 / 2026-07-08 / https://www.boseong.go.kr/www/open_administration/city_news/notice?idx=1158715&mode=view","2746"
"LGS-000188","전라남도","화순군","화순군청","https://www.hwasun.go.kr/board.do?S=S01&M=020102000000&b_code=0000000002","PASS","HEURISTIC_NOTICE","10","10","0","200","","","EBS 고교강의 무상교재 지원 사업 안내 / 2026-07-10 / https://www.hwasun.go.kr/board.do?S=S01&M=020102000000&b_code=0000000002&act=view&list_no=6392&nPage=1&cg_code=제4유형 | 2026년 전남청년 문화복지카드 가맹점 안내 / 2026-07-09 / https://www.hwasun.go.kr/board.do?S=S01&M=020102000000&b_code=0000000002&act=view&list_no=6391&nPage=1&cg_code=제4유형 | 2026년 하반기 공정선거지원단 안내 / 2026-07-09 / https://www.hwasun.go.kr/board.do?S=S01&M=020102000000&b_code=0000000002&act=view&list_no=6390&nPage=1&cg_code=제4유형","534"
"LGS-000189","전라남도","장흥군","장흥군청","http://www.jangheung.go.kr/www/organization/news/notice","PASS","SPRING_BBS","15","15","0","200","","","장흥군가족센터, 공동육아나눔터 꼼지락 쿠킹클래스 참여자 모집 / 2026-07-13 / https://www.jangheung.go.kr/www/organization/news/notice?idx=376262&mode=view | [장흥군가족센터] 요양보호사 자격증반 수요조사 / 2026-07-13 / https://www.jangheung.go.kr/www/organization/news/notice?idx=376261&mode=view | 장흥군청소년수련관 방과후아카데미 팀장 채용 3차 공고 / 2026-07-10 / https://www.jangheung.go.kr/www/organization/news/notice?idx=376159&mode=view","1237"
"LGS-000190","전라남도","강진군","강진군청","http://www.gangjin.go.kr/www/government/news/notice","PASS","SPRING_BBS","18","18","0","200","","","국립공원 기후행동 청년 봉사단 모집 홍보 새로운글 / 2026-07-13 / https://www.gangjin.go.kr/www/government/news/notice?idx=664504&mode=view | 2026년 유기농 생태마을 유튜브 크리에이터 활동 지원사업 알림 / 2026-06-10 / https://www.gangjin.go.kr/www/government/news/notice?idx=662496&mode=view | 제3기 진실화해위원회 진실규명사건 신청 접수 안내 / 2026-02-20 / https://www.gangjin.go.kr/www/government/news/notice?idx=655803&mode=view","3782"
"LGS-000191","전라남도","해남군","해남군청","https://www.haenam.go.kr/planweb/board/list.9is?contentUid=18e3368f5d745106015de95ebe732057&boardUid=18e3368f5fb80fdc015fdc42b7e003e0&contentUid=18e3368f5d745106015de95ebe732057","PASS","SPRING_BBS","10","10","0","200","","","2026년도 제1회 해남군 일반임기제공무원(법률전문가) 임용시험 계획 재공고 / 2026-07-14 / https://www.haenam.go.kr/planweb/board/view.9is?dataUid=18e3368f5d542987015d63ee65c202ff&nttId=122596&boardUid=18e3368f5fb80fdc015fdc42b7e003e0&contentUid=18e3368f5d745106015de95ebe732057&layoutUid=&pBoardId=BBSMSTR_000000000231&recordCountPerPage=10&nowPageNum=1 | 2027년 유통지원과 소관분야 지원사업 수요조사 신청·접수 안내 / 2026-07-13 / https://www.haenam.go.kr/planweb/board/view.9is?dataUid=18e3368f5d542987015d63ee65c202ff&nttId=122562&boardUid=18e3368f5fb80fdc015fdc42b7e003e0&contentUid=18e3368f5d745106015de95ebe732057&layoutUid=&pBoardId=BBSMSTR_000000000231&recordCountPerPage=10&nowPageNum=1 | 제19회 전국 해남 시조백일장 작품 공모 안내 / 2026-07-13 / https://www.haenam.go.kr/planweb/board/view.9is?dataUid=18e3368f5d542987015d63ee65c202ff&nttId=122539&boardUid=18e3368f5fb80fdc015fdc42b7e003e0&contentUid=18e3368f5d745106015de95ebe732057&layoutUid=&pBoardId=BBSMSTR_000000000231&recordCountPerPage=10&nowPageNum=1","8146"
"LGS-000192","전라남도","영암군","영암군청","http://www.yeongam.go.kr/home/www/open_information/yeongam_news/notice","PASS","SPRING_BBS","15","15","0","200","","","2026년 하반기 (재)영암군미래교육재단 행복기숙사 입사생(추천입주생... / 2026-07-10 / https://www.yeongam.go.kr/home/www/open_information/yeongam_news/notice/show/zmhme273qxv5ost9r29k?page=1 | 2026년 전남청년 문화복지카드 가맹점 현황(6. 30.기준) / 2026-07-09 / https://www.yeongam.go.kr/home/www/open_information/yeongam_news/notice/show/tcpxubl7x8t526pzsfr6?page=1 | 정보통신설비 유지보수 제도 2단계 대상 계도기간 부여 안내 / 2026-07-07 / https://www.yeongam.go.kr/home/www/open_information/yeongam_news/notice/show/jxxrmn91z7cotutevhc2b?page=1","393"
"LGS-000193","전라남도","무안군","무안군청","http://www.muan.go.kr/www/openmuan/new/notice","PASS","SPRING_BBS","16","16","0","200","","","2026년 무안군 입학축하금 지원 일시중단 안내 / 2026-04-17 / https://www.muan.go.kr/www/openmuan/new/notice?idx=15200236&mode=view | 한부모가족 아동양육비 등 정부지원금 부정수급 집중신고기간 운영 .. / 2026-07-13 / https://www.muan.go.kr/www/openmuan/new/notice?idx=15202771&mode=view | 2026년 한부모가족 및 청소년부모 아동양육비 지원 안내 / 2026-07-13 / https://www.muan.go.kr/www/openmuan/new/notice?idx=15202770&mode=view","2984"
"LGS-000194","전라남도","함평군","함평군청","http://www.hampyeong.go.kr/boardList.do?pageId=www272&boardId=NOTICE","PASS","HEURISTIC_NOTICE","10","10","0","200","","","함평군 대표홈페이지 사용편의성 만족도 조사 안내 / 2026-07-07 / https://www.hampyeong.go.kr/boardView.do?pageId=www272&boardId=NOTICE&seq=4002074&movePage=1&recordCnt=10 | 2026년 6월 함평수도센터 수질검사 결과 / 2026-07-06 / https://www.hampyeong.go.kr/boardView.do?pageId=www272&boardId=NOTICE&seq=8327468&movePage=1&recordCnt=10 | 2026 함평군 AI디지털배움터 정보화교육 수요조사 / 2026-07-02 / https://www.hampyeong.go.kr/boardView.do?pageId=www272&boardId=NOTICE&seq=7737680&movePage=1&recordCnt=10","208"
"LGS-000195","전라남도","영광군","영광군청","https://www.yeonggwang.go.kr/bbs/?b_id=news_notice&site=headquarter_new&mn=9054","PASS","HEURISTIC_NOTICE","15","15","0","200","","","서울시 상설행사 연계 서로장터 참여업체 모집 안내 / 2026-07-13 / https://www.yeonggwang.go.kr/bbs/?b_id=news_notice&site=headquarter_new&mn=9054&type=view&bs_idx=1169232 | 2026년 관내 해수욕장 개장 전 해수 방사능 안전성 조사결과 홈페이지 게시 / 2026-07-13 / https://www.yeonggwang.go.kr/bbs/?b_id=news_notice&site=headquarter_new&mn=9054&type=view&bs_idx=1169186 | 2025년 영광문화예술의전당 기획공연 개그뮤지컬 (아는 노래) 공연 안내 / 2026-07-13 / https://www.yeonggwang.go.kr/bbs/?b_id=news_notice&site=headquarter_new&mn=9054&type=view&bs_idx=1169150","2648"
"LGS-000196","전라남도","장성군","장성군청","http://www.jangseong.go.kr/home/www/news/jangseong/notice","PASS","SPRING_BBS","15","15","0","200","","","도전! 필암 유생 골든벨 참가자 모집 / 2026-07-13 / https://www.jangseong.go.kr/home/www/news/jangseong/notice/show/6490?page=1&search=&keyword= | 2026년 하반기(2차수) 생활체육강좌 수강생 모집 공고 / 2026-07-10 / https://www.jangseong.go.kr/home/www/news/jangseong/notice/show/6488?page=1&search=&keyword= | 토지거래허가구역 지정 알림 / 2026-07-10 / https://www.jangseong.go.kr/home/www/news/jangseong/notice/show/6487?page=1&search=&keyword=","426"
"LGS-000197","전라남도","완도군","완도군청","https://www.wando.go.kr/wando/sub.cs?m=298","PASS","SPRING_BBS","15","15","0","200","","","2026년 전남청년 문화복지카드 바우처 가맹점 안내(6. 30.기... / 2026-07-10 / https://www.wando.go.kr/wando/sub.cs?m=1019&nttId=10013483&pBoardId=BBSMSTR_000000000035 | 전남광주통합특별시 출범 홍보 안내 / 2026-07-09 / https://www.wando.go.kr/wando/sub.cs?m=1019&nttId=10013465&pBoardId=BBSMSTR_000000000035 | 완도해양치유관리공단 제2026-30호 완도해양치유관리공단... / 2026-07-07 / https://www.wando.go.kr/wando/sub.cs?m=1019&nttId=10013420&pBoardId=BBSMSTR_000000000035","1610"
"LGS-000198","전라남도","진도군","진도군청","http://www.jindo.go.kr/home/board/B0052.cs?m=23","PASS","SPRING_BBS","15","15","0","200","","","2026년 진도군 문화진흥기금 지원사업(지역예술육성) 안내 / 2026-07-09 / https://www.jindo.go.kr/home/board/?act=read&articleId=189241&categoryId=0&m=&searchCondition=&searchKeyword=&pageIndex=1 | 진도토요민속여행 상설공연 7월11일프로그램안내 / 2026-07-08 / https://www.jindo.go.kr/home/board/?act=read&articleId=189188&categoryId=0&m=&searchCondition=&searchKeyword=&pageIndex=1 | 2026년「소담스퀘어 전남」소상공인 지원사업 안내 / 2026-07-08 / https://www.jindo.go.kr/home/board/?act=read&articleId=189159&categoryId=0&m=&searchCondition=&searchKeyword=&pageIndex=1","2090"
"LGS-000199","전라남도","신안군","신안군청","http://www.shinan.go.kr/home/www/openinfo/participation_07/participation_07_02","PASS","SPRING_BBS","16","16","0","200","","","2026년 한국조폐공사 chak서포터즈 모집 / 2026-07-01 / https://www.shinan.go.kr/home/www/openinfo/participation_07/participation_07_02/show/3621?page=1 | 7월 성인과 유아 건강식단표 및 영양관련 소식 / 2026-06-25 / https://www.shinan.go.kr/home/www/openinfo/participation_07/participation_07_02/show/3619?page=1 | 2027년 식품소재 및 반가공산업 육성사업 신청 안내 / 2026-06-22 / https://www.shinan.go.kr/home/www/openinfo/participation_07/participation_07_02/show/3617?page=1","1369"
"LGS-000200","경상북도","경상북도","경상북도청","https://www.gb.go.kr/Main/page.do?mnu_uid=6786&BD_CODE=bbs_gongji","PASS","SAEOL_GOSI","10","10","0","200","","","재난안전일일상황관리(7.14.화) / 2026-07-14 / https://www.gb.go.kr/Main/page.do?mnu_uid=6786&dept_code=&dept_name=&BD_CODE=bbs_gongji&bdName=&cmd=2&Start=0&B_NUM=510014801&B_STEP=510014800&B_LEVEL=0&key=4&word=&p1=0&p2=0&V_NUM=25857&tbbscode1=bbs_gongji | 경북저수율(2026.7.13. 기준) / 2026-07-13 / https://www.gb.go.kr/Main/page.do?mnu_uid=6786&dept_code=&dept_name=&BD_CODE=bbs_gongji&bdName=&cmd=2&Start=0&B_NUM=509970801&B_STEP=509970800&B_LEVEL=0&key=4&word=&p1=0&p2=0&V_NUM=25857&tbbscode1=bbs_gongji | 경상북도 국민안전체험관 전시‧체험시설 제작‧설치 제안서 평가위원회 예비평가위원 모집 공고 / 2026-07-13 / https://www.gb.go.kr/Main/page.do?mnu_uid=6786&dept_code=&dept_name=&BD_CODE=bbs_gongji&bdName=&cmd=2&Start=0&B_NUM=509941101&B_STEP=509941100&B_LEVEL=0&key=4&word=&p1=0&p2=0&V_NUM=25857&tbbscode1=bbs_gongji","1501"
"LGS-000201","경상북도","포항시","포항시청","https://www.pohang.go.kr/portal/saeol/gosi/list.do?mid=0202010000&token=1710896483460","PASS","SAEOL_GOSI","10","10","0","200","","","2026년 2차 포항시 유물 구입 공고 / 2026-07-14 / https://www.pohang.go.kr/portal/saeol/gosi/view.do?notAncmtMgtNo=74075&mid=0202010000 | 주민등록 사실조사에 따른 최고공고 / 2026-07-14 / https://www.pohang.go.kr/portal/saeol/gosi/view.do?notAncmtMgtNo=74069&mid=0202010000 | 전문건설업 신규 등록사항 공고 / 2026-07-14 / https://www.pohang.go.kr/portal/saeol/gosi/view.do?notAncmtMgtNo=74058&mid=0202010000","2435"
"LGS-000202","경상북도","경주시","경주시청","http://www.gyeongju.go.kr/open_content/ko/page.do?mnu_uid=416","PASS","SPRING_BBS","20","20","0","200","","","2026 경주시 민선9기 공약실천계획 점검 주민배심원 모집 안내 / 2026-07-08 / https://www.gyeongju.go.kr/open_content/ko/page.do?pageNo=1&pagePrvNxt=1&pageRef=0&pageOrder=0&step=258&parm_bod_uid=324342&srchVoteType=-1&parm_mnu_uid=0&srchEnable=1&srchBgpUid=-1&srchKeyword=&srchSDate=1960-01-01&srchColumn=&srchEDate=9999-12-31&mnu_uid=416& | 소화물배송대행서비스 종사자 무상실습 교통안전교육 안내 / 2026-07-02 / https://www.gyeongju.go.kr/open_content/ko/page.do?pageNo=1&pagePrvNxt=1&pageRef=0&pageOrder=0&step=258&parm_bod_uid=323793&srchVoteType=-1&parm_mnu_uid=0&srchEnable=1&srchBgpUid=-1&srchKeyword=&srchSDate=1960-01-01&srchColumn=&srchEDate=9999-12-31&mnu_uid=416& | 2026년 상반기 대기배출사업장 반기별 자가측정 결과 보고 안내 / 2026-07-01 / https://www.gyeongju.go.kr/open_content/ko/page.do?pageNo=1&pagePrvNxt=1&pageRef=0&pageOrder=0&step=258&parm_bod_uid=311420&srchVoteType=-1&parm_mnu_uid=0&srchEnable=1&srchBgpUid=-1&srchKeyword=&srchSDate=1960-01-01&srchColumn=&srchEDate=9999-12-31&mnu_uid=416&","1303"
"LGS-000203","경상북도","김천시","김천시청","https://www.gc.go.kr/portal/bbs/list.do?ptIdx=1807&mId=1202100000","PASS","SAFE_GOTO_VIEW_EXTENDED","48","48","0","200","","","2026년도 농촌신활력플러스 재능나눔팀 모집공고 안내 / 2026-07-12 / https://www.gc.go.kr/portal/bbs/view.do?mId=1202100000&bIdx=4531380&ptIdx=1807 | 「2026년 하반기 평생교육 정기강좌」수강생 모집 안내 / 2026-07-10 / https://www.gc.go.kr/portal/bbs/view.do?mId=1202100000&bIdx=4530817&ptIdx=1807 | 김천여성새로일하기센터 AI*컴퓨터활용 실무과정 수강생 모집 / 2026-07-07 / https://www.gc.go.kr/portal/bbs/view.do?mId=1202100000&bIdx=4529400&ptIdx=1807","3714"
"LGS-000204","경상북도","안동시","안동시청","https://www.andong.go.kr/portal/saeol/gosi/list.do?mId=0401020100","PASS","SPRING_BBS","10","10","0","200","","","2026년 7월 안동시 생활폐기물처리시설 기간제근로자 채용 공고 / 2026-07-14 / https://www.andong.go.kr/portal/saeol/gosi/view.do?notAncmtMgtNo=63929&isLinkage=Y&mId=0401020100 | 2026년 안동시 지방세입 체납관리단 기간제근로자 추가 모집 공고(3차) / 2026-07-14 / https://www.andong.go.kr/portal/saeol/gosi/view.do?notAncmtMgtNo=63926&isLinkage=Y&mId=0401020100 | 채권 압류 통지서 반송에 따른 공시송달 공고 / 2026-07-14 / https://www.andong.go.kr/portal/saeol/gosi/view.do?notAncmtMgtNo=63925&isLinkage=Y&mId=0401020100","3918"
"LGS-000205","경상북도","구미시","구미시청","https://www.gumi.go.kr/portal/board/post/list.do?bcIdx=1&mid=0401020000","PASS","SAFE_YH_BOARD_POST","32","32","0","200","","","2026년 하반기 지역사회서비스투자사업(바우처) 대상자 모집안내 / 2026-07-10 / https://www.gumi.go.kr/portal/board/post/view.do?bcIdx=1&mid=0401020000&idx=838195 | 「2026 구미시 육아대디 사진 공모전」 접수 안내 / 2026-07-07 / https://www.gumi.go.kr/portal/board/post/view.do?bcIdx=1&mid=0401020000&idx=838068 | 2026년 경북국방벤처센터 하반기 협약기업 모집 공고 / 2026-07-06 / https://www.gumi.go.kr/portal/board/post/view.do?bcIdx=1&mid=0401020000&idx=838015","434"
"LGS-000206","경상북도","영주시","영주시청","http://www.yeongju.go.kr/open_content/main/page.do?mnu_uid=3899&","PASS","SPRING_BBS","10","10","0","200","","","2026년 농산물우수관리제도(GAP) 하반기 기본교육 ... / 2026-07-13 / https://www.yeongju.go.kr/open_content/main/page.do?pageNo=1&pagePrvNxt=1&pageRef=0&pageOrder=0&step=258&parm_bod_uid=1186072&srchVoteType=-1&srchEnable=-1&srchBgpUid=-1&srchKeyword=&srchSDate=1990-01-01&srchColumn=&srchEDate=2100-01-01&mnu_uid=1521& | 사회적경제과 함께하는 청소년 가족캠프 참가자 모집... / 2026-07-13 / https://www.yeongju.go.kr/open_content/main/page.do?pageNo=1&pagePrvNxt=1&pageRef=0&pageOrder=0&step=258&parm_bod_uid=1185977&srchVoteType=-1&srchEnable=-1&srchBgpUid=-1&srchKeyword=&srchSDate=1990-01-01&srchColumn=&srchEDate=2100-01-01&mnu_uid=1521& | (재)영주시인재육성장학회 장학생 수기 공모전 개최 공고... / 2026-07-13 / https://www.yeongju.go.kr/open_content/main/page.do?pageNo=1&pagePrvNxt=1&pageRef=0&pageOrder=0&step=258&parm_bod_uid=1185926&srchVoteType=-1&srchEnable=-1&srchBgpUid=-1&srchKeyword=&srchSDate=1990-01-01&srchColumn=&srchEDate=2100-01-01&mnu_uid=1521&","849"
"LGS-000207","경상북도","영천시","영천시청","http://www.yc.go.kr/portal/bbs/list.do?ptIdx=544&mId=0301010000","PASS","SPRING_BBS","12","12","0","200","","","2025년 민원서비스 종합평가 결과 / 2026-02-10 / https://www.yc.go.kr/portal/bbs/view.do?bIdx=464392&ptIdx=544 | 2025년도 종합청렴도 평가결과 공지 / 2025-12-28 / https://www.yc.go.kr/portal/bbs/view.do?bIdx=462853&ptIdx=544 | 2027년 신선농산물 예비수출단지 육성 사업 계획 알림 / 2026-07-13 / https://www.yc.go.kr/portal/bbs/view.do?bIdx=469458&ptIdx=544","632"
"LGS-000208","경상북도","상주시","상주시청","https://www.sangju.go.kr/page/10297/10606.tc","PASS","SAFE_SANGJU_GOSI","20","20","0","200","","","「스마트팜 혁신밸리 체험·전시시설 조성사업」제안서 접수 공고(수정) / 2026-07-14 / https://www.sangju.go.kr/gosi/detail.tc?mn=10297&mgtNo=28693 | 물품 수의견적 제출안내 공고(청년농업인 R&D 기술창업 통합관리 지원사업... / 2026-07-14 / https://www.sangju.go.kr/gosi/detail.tc?mn=10297&mgtNo=28694 | 농어촌도로 점용허가 고시[모서면 리도 201호선] / 2026-07-14 / https://www.sangju.go.kr/gosi/detail.tc?mn=10297&mgtNo=28700","4310"
"LGS-000209","경상북도","문경시","문경시청","http://www.gbmg.go.kr/portal/bbs/list.do?ptIdx=73&mId=0301010000","PASS","SAFE_BOARD_VIEW_SITE","11","11","0","200","","","2026년 문경시청소년상담복지센터 「여름방학 심리검사 프로그램」 안내 / 2026-07-08 / http://www.gbmg.go.kr/portal/bbs/view.do?mId=0301010000&bIdx=215866&ptIdx=73 | 석면해체제거사업장의 석면비산 측정결과((의)동춘의료재단 문경제일병원(신관) 석면해체공사) / 2026-07-13 / http://www.gbmg.go.kr/portal/bbs/view.do?mId=0301010000&bIdx=216030&ptIdx=73 | 문경시 흥덕정수장 수질기준 초과에 따른 주민공지(2026.7.10. 기준) / 2026-07-10 / http://www.gbmg.go.kr/portal/bbs/view.do?mId=0301010000&bIdx=215945&ptIdx=73","1492"
"LGS-000210","경상북도","경산시","경산시청","https://www.gbgs.go.kr/open_content/ko/page.do?mnu_uid=2159&","PASS","SPRING_BBS","10","10","0","200","","","2026년 6월 경산공공하수처리시설 운영현황(유량, 수질) 공개 / 2026-07-10 / https://www.gbgs.go.kr/open_content/ko/page.do?pageNo=1&pagePrvNxt=1&pageRef=0&pageOrder=0&step=258&parm_bod_uid=255484&srchVoteType=-1&parm_mnu_uid=0&srchEnable=1&srchBgpUid=-1&srchKeyword=&srchSDate=1960-01-01&srchColumn=&srchEDate=9999-12-31&mnu_uid=2159& | 경산산업단지 복합문화센터 주말 가족 친화 교육 프로그램 안내 / 2026-07-08 / https://www.gbgs.go.kr/open_content/ko/page.do?pageNo=1&pagePrvNxt=1&pageRef=0&pageOrder=0&step=258&parm_bod_uid=255371&srchVoteType=-1&parm_mnu_uid=0&srchEnable=1&srchBgpUid=-1&srchKeyword=&srchSDate=1960-01-01&srchColumn=&srchEDate=9999-12-31&mnu_uid=2159& | 제14회 한국정가진흥회 정기 연주회 _ 산자수려한 경산5경 정가에 담다 / 2026-07-07 / https://www.gbgs.go.kr/open_content/ko/page.do?pageNo=1&pagePrvNxt=1&pageRef=0&pageOrder=0&step=258&parm_bod_uid=255339&srchVoteType=-1&parm_mnu_uid=0&srchEnable=1&srchBgpUid=-1&srchKeyword=&srchSDate=1960-01-01&srchColumn=&srchEDate=9999-12-31&mnu_uid=2159&","1274"
"LGS-000211","경상북도","의성군","의성군청","https://www.usc.go.kr/ko/page.do?mnu_uid=156&","PASS","GUNWI_NOTICE_TABLE","10","10","0","200","","","청년 대상 심리상담 프로그램 🧡청년삶담소🧡 참여자... / 2026-07-13 / https://www.usc.go.kr/ko/?srchVote=-1&srchBgpUid=-1&srchEnable=1&srchSDate=&srchKwd=&srchColumn=&listType=&srchEDate=&mnu_uid=156&&bod_uid=146258&pageNo=1&cmd=2 | 「똑! 똑! 똑! 군수님요~」(민원인의 날) 시행 / 2026-07-10 / https://www.usc.go.kr/ko/?srchVote=-1&srchBgpUid=-1&srchEnable=1&srchSDate=&srchKwd=&srchColumn=&listType=&srchEDate=&mnu_uid=156&&bod_uid=146169&pageNo=1&cmd=2 | 2026년 청년성장프로젝트 7월 프로그램 안내 및 참... / 2026-07-06 / https://www.usc.go.kr/ko/?srchVote=-1&srchBgpUid=-1&srchEnable=1&srchSDate=&srchKwd=&srchColumn=&listType=&srchEDate=&mnu_uid=156&&bod_uid=145994&pageNo=1&cmd=2","2187"
"LGS-000212","경상북도","청송군","청송군청","http://www.cs.go.kr/news/00002679/00002687.web","PASS","SCMS_CARD_NOTICE","10","10","0","200","","","[공지] 초대형산불 특별법에 따른 피해지원 신청 및 지원금 지급절차 안내 / 2026-02-06 / https://www.cs.go.kr/news/00002679/?gcode=1003&idx=375035&amode=view&orderBy=wdate | 청송군종합문화복지타운 청송아지트 바닥분수 운영 안내 새 글 / 2026-07-13 / https://www.cs.go.kr/news/00002679/?gcode=1003&idx=377712&amode=view&orderBy=wdate | 주간행사계획(2026. 7. 13. ∼ 7. 19.) / 2026-07-10 / https://www.cs.go.kr/news/00002679/?gcode=1003&idx=377684&amode=view&orderBy=wdate","694"
"LGS-000213","경상북도","영양군","영양군청","http://www.yyg.go.kr/www/organization/yyg_news","PASS","SPRING_BBS","15","15","0","200","","","온고지신(AI 식품민원 상담시스템) 서비스 개시 / 2026-07-13 / https://www.yyg.go.kr:443/www/organization/yyg_news/notice?idx=166868&mode=view | 식품안전관리 강화 요청(식품 내용량 감소 등 표시) / 2026-07-13 / https://www.yyg.go.kr:443/www/organization/yyg_news/notice?idx=166867&mode=view | 2026년 8월 영양군청소년수련관 수영장 이용 안내 / 2026-07-13 / https://www.yyg.go.kr:443/www/organization/yyg_news/notice?idx=166862&mode=view","1590"
"LGS-000214","경상북도","영덕군","영덕군청","http://www.yd.go.kr/?page_id=752","PASS","SPRING_BBS","10","10","0","200","","","2026년 농작물보험(콩 · 팥) 품목 가입기간 연장 알림 / 2026-07-14 / https://www.yd.go.kr/?page_id=752&uid=370836&mod=document&tab= | 정수장 일일수질검사 결과 안내(2026.7.9.~7.13.) / 2026-07-13 / https://www.yd.go.kr/?page_id=752&uid=370823&mod=document&tab= | 2026년도 '유통산업 발전 유공' 정부포상 개최 안내 / 2026-07-13 / https://www.yd.go.kr/?page_id=752&uid=370783&mod=document&tab=","1905"
"LGS-000215","경상북도","청도군","청도군청","https://www.cheongdo.go.kr/portal/board/post/list.do?bcIdx=510&mid=0301010000&token=1700628210004","PASS","SAFE_YH_BOARD_POST","10","10","0","200","","","2026년 청도군 청(도)설(렘)모(임) 행사 개최 안내 / 2026-07-13 / https://www.cheongdo.go.kr/portal/board/post/view.do?bcIdx=510&mid=0301010000&idx=317646 | 제2차 농촌경제사회서비스 전문가 포럼 안내 / 2026-07-10 / https://www.cheongdo.go.kr/portal/board/post/view.do?bcIdx=510&mid=0301010000&idx=317604 | 「2026년 중소기업 국내 물류비 지원사업」 참여기업 모집 공고 / 2026-07-08 / https://www.cheongdo.go.kr/portal/board/post/view.do?bcIdx=510&mid=0301010000&idx=317567","773"
"LGS-000216","경상북도","고령군","고령군청","http://www.goryeong.go.kr/kor/boardList.do?IDX=152&BRD_ID=1019","PASS","SAFE_GORYEONG_BOARD","10","10","0","200","","","「고령군 일자리·청년창업지원센터」 도배기능사 자격증 취득 참여자 모집 / 2026-07-13 / http://www.goryeong.go.kr/kor/boardView.do?IDX=152&BRD_ID=1019&BOARD_IDX=28432&page=1 | 「사회연대경제 청년 일경험 시범사업」 참여청년 모집 공고(7.13.(월) ~ 7.19.(일)) 홍보 / 2026-07-13 / http://www.goryeong.go.kr/kor/boardView.do?IDX=152&BRD_ID=1019&BOARD_IDX=28431&page=1 | 석면 해체‧제거 작업 공개 / 2026-07-10 / http://www.goryeong.go.kr/kor/boardView.do?IDX=152&BRD_ID=1019&BOARD_IDX=28430&page=1","375"
"LGS-000217","경상북도","성주군","성주군청","http://www.sj.go.kr/page.do?mnu_uid=1024","PASS","SPRING_BBS","15","14","1","200","","","고유가 피해지원금 2차 신청 관련 서식(신청서, 위임장, 이의신청서) / 2026-05-15 / https://www.sj.go.kr/page.do?srchEnable=1&srchSDate=&srchKwd=&srchColumn=&srchEDate=&mnu_uid=1043&&srchBgpUid=&srchDept=&bod_uid=609100&pageNo=1&cmd=2 | 고유가 피해지원금 사용처('26.4.22.기준) / 2026-04-22 / https://www.sj.go.kr/page.do?srchEnable=1&srchSDate=&srchKwd=&srchColumn=&srchEDate=&mnu_uid=1043&&srchBgpUid=&srchDept=&bod_uid=607102&pageNo=1&cmd=2 | 고유가 피해지원금 신청 관련 서식(신청서, 위임장, 이의신청서) / 2026-04-22 / https://www.sj.go.kr/page.do?srchEnable=1&srchSDate=&srchKwd=&srchColumn=&srchEDate=&mnu_uid=1043&&srchBgpUid=&srchDept=&bod_uid=607101&pageNo=1&cmd=2","1308"
"LGS-000218","경상북도","칠곡군","칠곡군청","https://www.chilgok.go.kr/portal/bbs/list.do?ptIdx=111&mId=0201010000","PASS","SAFE_GOTO_VIEW","14","14","0","200","","","2026 어린이 여름방학 특별강좌 수강생 모집 / 2026-07-06 / https://www.chilgok.go.kr/portal/bbs/view.do?mId=0201010000&bIdx=201595&ptIdx=111 | 「산부인과·소아과 ONE-hour 진료체계 구축 사업」 참여의료... / 2026-06-30 / https://www.chilgok.go.kr/portal/bbs/view.do?mId=0201010000&bIdx=201392&ptIdx=111 | 「고유가 피해지원금 」 주유소 사용 확대 안내 / 2026-04-30 / https://www.chilgok.go.kr/portal/bbs/view.do?mId=0201010000&bIdx=199754&ptIdx=111","2408"
"LGS-000219","경상북도","예천군","예천군청","http://www.ycg.kr/open.content/ko/administrative/news/notice/","PASS","SUBJECT_NOTICE_TABLE","10","10","0","200","","","♡ 예천군영유아창의문화센터 8월 실내 원데이클래스 여름특강 참여자 모집 ♡ / 2026-07-12 / https://www.ycg.kr/open.content/ko/administrative/news/notice/?i=182486 | 2026년 층간소음 예방 2642(이웃사이) AI 공모전 홍보 / 2026-07-09 / https://www.ycg.kr/open.content/ko/administrative/news/notice/?i=182306 | 2026년 06월 건축인허가(건축신고,허가,착공,사용승인)현황 / 2026-07-08 / https://www.ycg.kr/open.content/ko/administrative/news/notice/?i=182277","246"
"LGS-000220","경상북도","봉화군","봉화군청","https://www.bonghwa.go.kr/portal/board/post/list.do?bcIdx=100&mid=0201010000","PASS","SAFE_YH_BOARD_POST","10","10","0","200","","","미혼모부·한부모·조손가족 무료 건강검진 지원 안내 / 2026-07-13 / https://www.bonghwa.go.kr/portal/board/post/view.do?bcIdx=100&mid=0201010000&idx=202752 | 2026년 제4회 봉화군 건축소위원회 심의결과 / 2026-07-13 / https://www.bonghwa.go.kr/portal/board/post/view.do?bcIdx=100&mid=0201010000&idx=202751 | 2026년 사회연대경제 청년 일경험 참여청년 모집 / 2026-07-13 / https://www.bonghwa.go.kr/portal/board/post/view.do?bcIdx=100&mid=0201010000&idx=202750","1679"
"LGS-000221","경상북도","울진군","울진군청","http://www.uljin.go.kr/board/list.uljin?boardId=BBS_NOTICE_UJ&menuCd=DOM_000000103002001000&contentsSid=68&cpath=","PASS","HEURISTIC_NOTICE","7","7","0","200","","","2026년 울진군 평생학습관 하반기 교육프로그램 수강생 추가모집 안내 / 2026-07-10 / https://www.uljin.go.kr/board/view.uljin?boardId=BBS_NOTICE_UJ&menuCd=DOM_000000103002001000&orderBy=REGISTER_DATE%20DESC&paging=ok&startPage=1&dataSid=719510 | 2026년 6월 울진군공공하수처리시설 방류수 수질농도 알림 / 2026-07-10 / https://www.uljin.go.kr/board/view.uljin?boardId=BBS_NOTICE_UJ&menuCd=DOM_000000103002001000&orderBy=REGISTER_DATE%20DESC&paging=ok&startPage=1&dataSid=719367 | 울진군 금강송숲 지관서가 인문학프로그램 「지혜의 밥상」 참가자 모집 안내 / 2026-07-09 / https://www.uljin.go.kr/board/view.uljin?boardId=BBS_NOTICE_UJ&menuCd=DOM_000000103002001000&orderBy=REGISTER_DATE%20DESC&paging=ok&startPage=1&dataSid=718968","2311"
"LGS-000222","경상북도","울릉군","울릉군청","https://www.ulleung.go.kr/ko/page.do?mnu_uid=570&","PASS","GUNWI_NOTICE_TABLE","11","10","1","200","","","글로벌 관광 영어 캠프 / 2026-07-13 / https://www.ulleung.go.kr/ko/?srchVote=-1&srchBgpuid=-1&srchEnable=1&srchSDate=&srchKwd=&srchColumn=&listType=&srchEDate=&mnu_uid=570&&bod_uid=48074&pageNo=1&cmd=2 | 제24회 울릉도 오징어축제 프로그램 일정 안내 / 2026-07-13 / https://www.ulleung.go.kr/ko/?srchVote=-1&srchBgpuid=-1&srchEnable=1&srchSDate=&srchKwd=&srchColumn=&listType=&srchEDate=&mnu_uid=570&&bod_uid=48073&pageNo=1&cmd=2 | 2026년 울릉군 소상공인 카드수수료 지원사업 안내 / 2026-07-10 / https://www.ulleung.go.kr/ko/?srchVote=-1&srchBgpuid=-1&srchEnable=1&srchSDate=&srchKwd=&srchColumn=&listType=&srchEDate=&mnu_uid=570&&bod_uid=48025&pageNo=1&cmd=2","2906"
"LGS-000223","경상남도","경상남도","경상남도청","https://www.gyeongnam.go.kr/board/list.gyeong?boardId=BBS_0000057&menuCd=DOM_000000135001001000&contentsSid=6951&cpath=","PASS","SPRING_BBS","10","10","0","200","","","‘포레나힐스테이트 진주’ 장애인 특별공급 기관추천 안내 / 2026-07-13 / https://www.gyeongnam.go.kr/board/view.gyeong?boardId=BBS_0000057&menuCd=DOM_000000135001001000&paging=ok&startPage=1&dataSid=42397878 | 2026년 경남형 버팀이음 프로젝트 지원사업 신청 안내 / 2026-07-13 / https://www.gyeongnam.go.kr/board/view.gyeong?boardId=BBS_0000057&menuCd=DOM_000000135001001000&paging=ok&startPage=1&dataSid=42397785 | 2026년 「제16회 지방행정의 달인」 추천후보자 공적 게시 및 의견 제.. / 2026-07-13 / https://www.gyeongnam.go.kr/board/view.gyeong?boardId=BBS_0000057&menuCd=DOM_000000135001001000&paging=ok&startPage=1&dataSid=42397708","860"
"LGS-000224","경상남도","창원시","창원시청","https://www.changwon.go.kr/cwportal/10310/10429/10430.web","PASS","HEURISTIC_NOTICE","4","4","0","200","","","마산보건소와 함께하는 아쿠아로빅 운동교실 모집 안내 / 2026-07-10 / https://www.changwon.go.kr/cwportal/10310/10429/?gcode=1009&idx=880665&amode=view& | 최윤덕도서관 쿨한 도서관에서 여름나기 운영 / 2026-07-10 / https://www.changwon.go.kr/cwportal/10310/10429/?gcode=1009&idx=880656&amode=view& | 창원보건소 사파건강생활지원센터 『2026년 하반기 건강생활실천 운동교실』 회원모집 / 2026-07-10 / https://www.changwon.go.kr/cwportal/10310/10429/?gcode=1009&idx=880654&amode=view&","1846"
"LGS-000225","경상남도","진주시","진주시청","http://www.jinju.go.kr/00130/02730/00136.web","PASS","SCMS_CARD_NOTICE","10","10","0","200","","","상권활성화재단 임원 공개모집 공고(재공고) 새 글 / 2026-07-13 / https://www.jinju.go.kr/00130/02730/?gcode=2144&idx=39613655&amode=view&extParam=notice | (재)진주시복지재단 직원(사무총장) 채용 공고 새 글 / 2026-07-13 / https://www.jinju.go.kr/00130/02730/?gcode=2144&idx=39613639&amode=view&extParam=notice | 여름철 ,무더위 날리러 가자~ ⌯◕ᴗ<⌯ಣ '2026 진양호 물빛워터페스티벌' 새 글 / 2026-07-13 / https://www.jinju.go.kr/00130/02730/?gcode=2144&idx=39613638&amode=view&extParam=notice","1973"
"LGS-000226","경상남도","통영시","통영시청","http://www.tongyeong.go.kr/00852/00853/00854.web","PASS","SCMS_CARD_NOTICE","10","10","0","200","","","부울경 광역이음 프로젝트 일자리사업 새 글 / 2026-07-13 / https://www.tongyeong.go.kr/00852/00853/?gcode=9001&idx=661743&amode=view& | 2026년 정기분 재산세 납부 안내 / 2026-07-10 / https://www.tongyeong.go.kr/00852/00853/?gcode=9001&idx=661726&amode=view& | 2026년 통영시 하반기「딩동강좌」 학습모임 모집 / 2026-07-09 / https://www.tongyeong.go.kr/00852/00853/?gcode=9001&idx=661712&amode=view&","1051"
"LGS-000227","경상남도","사천시","사천시청","http://www.sacheon.go.kr/news/00009/00010.web","PASS","SCMS_CARD_NOTICE","10","10","0","200","","","석면 해체·제거 사업장의 석면비산 측정결과 공개(사천시 서동 346-42 외 1필지 철거공사) 새 글 / 2026-07-13 / https://www.sacheon.go.kr/news/00009/?gcode=2187&idx=2106035&amode=view& | 제18회 사천시농업한마당축제 부스 참가 신청 / 2026-07-01 / https://www.sacheon.go.kr/news/00009/?gcode=2187&idx=2105927&amode=view& | 2026년 사천시 관내 유통식품 방사능 검사 현황(6. 30.기준) / 2026-07-09 / https://www.sacheon.go.kr/news/00009/?gcode=2187&idx=2105842&amode=view&","482"
"LGS-000228","경상남도","김해시","김해시청","http://www.gimhae.go.kr/03360/00023/00024.web","PASS","SCMS_CARD_NOTICE","10","10","0","200","","","[채용정보] 국민체력100 김해체력인증센터 직원 채용 공고(수정) 새 글 / 2026-07-13 / https://www.gimhae.go.kr/03360/00023/?gcode=1171&idx=2589149&amode=view& | [종합소식] 2026년 「찾아가는 마을 기후학교」 참여 대상 모집(성인대상 단체) 새 글 / 2026-07-13 / https://www.gimhae.go.kr/03360/00023/?gcode=1171&idx=2589137&amode=view& | [종합소식] 『글로컬 스타트업 브리지』 사업 참가기업 모집 안내 새 글 / 2026-07-13 / https://www.gimhae.go.kr/03360/00023/?gcode=1171&idx=2589118&amode=view&","1592"
"LGS-000229","경상남도","밀양시","밀양시청","https://www.miryang.go.kr/web/bbs/selectNoticeList.do?mnNo=20901000000","PASS","HEURISTIC_NOTICE","10","10","0","200","","","[행사] [참가자 모집} 2026 밀양 수퍼 페스티벌 ""수퍼 챌린지 레이스"" 사전 신청 안내 새글 / 2026-07-13 / https://www.miryang.go.kr/web/bbs/selectNoticeDetail.do;jsessionid=A776395E6D09DBDFFECD1BB65433E80C.was1?mnNo=20901000000&owd=&bbsId=BBSMSTR_000000000077&nttId=194183&searchCnd=&searchWrd=&pageIndex=1 | 2026년 제3기 여성회관 교육강좌 수강생 모집 새글 / 2026-07-13 / https://www.miryang.go.kr/web/bbs/selectNoticeDetail.do;jsessionid=A776395E6D09DBDFFECD1BB65433E80C.was1?mnNo=20901000000&owd=&bbsId=BBSMSTR_000000086236&nttId=194182&searchCnd=&searchWrd=&pageIndex=1 | [행사] [참가자 모집] 2026 밀양 수퍼 페스티벌 ""e스포츠(리그오브레전드) 대회"" 사전 신청 안내 새글 / 2026-07-13 / https://www.miryang.go.kr/web/bbs/selectNoticeDetail.do;jsessionid=A776395E6D09DBDFFECD1BB65433E80C.was1?mnNo=20901000000&owd=&bbsId=BBSMSTR_000000000077&nttId=194181&searchCnd=&searchWrd=&pageIndex=1","1741"
"LGS-000230","경상남도","거제시","거제시청","https://www.geoje.go.kr/index.geoje?menuCd=DOM_000008902001002001","PASS","SAEOL_GOSI","10","10","0","200","","","건설공사(건축) 안전점검 수행기관 지정 공고(장목면사무소 신축) / 2026-07-14 / https://www.geoje.go.kr/index.geoje?menuCd=DOM_000008902001002001&m=D&idx=69691&startPage=1&searchType=&keyword=&DEP_NM=&NOT_ANCMT_SJ=&NOT_ANCMT_CN= | 2026년 교통유발부담금 부과대상 시설물 조사 기간제근로자 추가채용 1차 서류전형 합격자 발표 및 면접심사 계획 공고 / 2026-07-13 / https://www.geoje.go.kr/index.geoje?menuCd=DOM_000008902001002001&m=D&idx=69685&startPage=1&searchType=&keyword=&DEP_NM=&NOT_ANCMT_SJ=&NOT_ANCMT_CN= | 친환경자동차법 위반 과태료고지서 및 압류통지서 반송분 공시송달 공고(7월) / 2026-07-13 / https://www.geoje.go.kr/index.geoje?menuCd=DOM_000008902001002001&m=D&idx=69684&startPage=1&searchType=&keyword=&DEP_NM=&NOT_ANCMT_SJ=&NOT_ANCMT_CN=","3483"
"LGS-000231","경상남도","양산시","양산시청","https://www.yangsan.go.kr/portal/board/post/list.do?bcIdx=293&mid=0101010000&token=1717053985359","PASS","SAFE_YH_BOARD_POST","10","10","0","200","","","★★사회연대경제 청년 일경험 시범사업 참여 기업 추가 모집 (모집 인원 충족 시까지)★★ / 2026-07-13 / https://www.yangsan.go.kr/portal/board/post/view.do?bcIdx=293&mid=0101010000&idx=1025332 | 제4회 일자리job go! 구인구직 만남의날 개최 홍보 / 2026-07-10 / https://www.yangsan.go.kr/portal/board/post/view.do?bcIdx=293&mid=0101010000&idx=1025283 | 양산시 특활학교 여름방학 특강안내 / 2026-07-10 / https://www.yangsan.go.kr/portal/board/post/view.do?bcIdx=293&mid=0101010000&idx=1025273","2076"
"LGS-000232","경상남도","의령군","의령군청","https://www.uiryeong.go.kr/board/list.uiryeong?boardId=BBS_0000085&menuCd=DOM_000000203001001000&contentsSid=185","PASS","SUBJECT_NOTICE_TABLE","10","10","0","200","","","2027년 농산물 가공산업 활성화 지원사업 신청 안내 / 2026-07-13 / https://www.uiryeong.go.kr/board/view.uiryeong?boardId=BBS_0000085&menuCd=DOM_000000203001001000&orderBy=REGISTER_DATE%20DESC&paging=ok&startPage=1&dataSid=1113877 | 의령 도깨비영화관 7월 15일 ~ 7월 21일 상영시간표 안내 / 2026-07-13 / https://www.uiryeong.go.kr/board/view.uiryeong?boardId=BBS_0000085&menuCd=DOM_000000203001001000&orderBy=REGISTER_DATE%20DESC&paging=ok&startPage=1&dataSid=1113869 | 2026년 제2회 의령군 공무직 근로자 채용시험 관련 서류전형 합격자 발표 및 면접시험 시행계획 공고 / 2026-07-13 / https://www.uiryeong.go.kr/board/view.uiryeong?boardId=BBS_0000085&menuCd=DOM_000000203001001000&orderBy=REGISTER_DATE%20DESC&paging=ok&startPage=1&dataSid=1113866","521"
"LGS-000233","경상남도","함안군","함안군청","https://eminwon.haman.go.kr/emwp/gov/mogaha/ntis/web/ofr/action/OfrAction.do?context=NTIS&homepage_pbs_yn=Y&jndinm=OfrNotAncmtEJB&method=selectListOfrNotAncmt&methodnm=selectListOfrNotAncmtHomepage&not_ancmt_se_code=01%2C04&pageIndex=1&subCheck=Y&yyyy=","PASS","SAFE_SAEOL_EMINWON_CELL","21","20","1","200","","","거주불명등록자 행정상 관리주소 이전 공고(2차) / 2026-07-14 / https://eminwon.haman.go.kr/emwp/gov/mogaha/ntis/web/ofr/action/OfrAction.do?context=NTIS&homepage_pbs_yn=Y&jndinm=OfrNotAncmtEJB&method=selectOfrNotAncmt&methodnm=selectOfrNotAncmtRegst&not_ancmt_mgt_no=42771&subCheck=Y | 함안군 보건소장(개방형직위) 임용시험 재공고 / 2026-07-13 / https://eminwon.haman.go.kr/emwp/gov/mogaha/ntis/web/ofr/action/OfrAction.do?context=NTIS&homepage_pbs_yn=Y&jndinm=OfrNotAncmtEJB&method=selectOfrNotAncmt&methodnm=selectOfrNotAncmtRegst&not_ancmt_mgt_no=42777&subCheck=Y | 특정공법(교량거더) 선정을 위한 기술제안서 제출 안내 공고(고지골 자연재... / 2026-07-13 / https://eminwon.haman.go.kr/emwp/gov/mogaha/ntis/web/ofr/action/OfrAction.do?context=NTIS&homepage_pbs_yn=Y&jndinm=OfrNotAncmtEJB&method=selectOfrNotAncmt&methodnm=selectOfrNotAncmtRegst&not_ancmt_mgt_no=42776&subCheck=Y","3573"
"LGS-000234","경상남도","창녕군","창녕군청","https://www.cng.go.kr/03516/01549.web","PASS","SCMS_CARD_NOTICE","10","10","0","200","","","[공지] 모기방역약품및 유충구제약품 배포중단 안내 / 2026-07-06 / https://www.cng.go.kr/03516/?gcode=1001&idx=580948&amode=view& | [공지] 하천·계곡 및 주변 지역 불법시설 신고 안내 / 2026-04-04 / https://www.cng.go.kr/03516/?gcode=1001&idx=578588&amode=view& | 2026년 어린이 물놀이시설 운영 안내 새 글 / 2026-07-13 / https://www.cng.go.kr/03516/?gcode=1001&idx=581154&amode=view&","502"
"LGS-000235","경상남도","고성군","고성군청","https://www.goseong.go.kr/board/list.goseong?boardId=BBS_0000118&menuCd=DOM_000000102002001000&contentsSid=28&cpath=","PASS","SPRING_BBS","16","16","0","200","","","2026년 하반기 공공근로 및 지역공동체일자리사업 신청 안내 / 2026-07-07 / https://www.goseong.go.kr/board/view.goseong?boardId=BBS_0000118&menuCd=DOM_000000102002001000&orderBy=REGISTER_DATE%20DESC&paging=ok&startPage=1&dataSid=5835000 | 2026년 남포항 어린이 물놀이터 개장에 따른 인터넷 예약방법 / 2026-07-02 / https://www.goseong.go.kr/board/view.goseong?boardId=BBS_0000118&menuCd=DOM_000000102002001000&orderBy=REGISTER_DATE%20DESC&paging=ok&startPage=1&dataSid=5834703 | 환경성질환 취약계층을 위한 환경보건이용권 사업 안내 / 2026-03-26 / https://www.goseong.go.kr/board/view.goseong?boardId=BBS_0000118&menuCd=DOM_000000102002001000&orderBy=REGISTER_DATE%20DESC&paging=ok&startPage=1&dataSid=5737908","1150"
"LGS-000236","경상남도","남해군","남해군청","http://www.namhae.go.kr/socialm/board/List.do?gcode=1131&&pageCd=SM010101000&siteGubun=socialm","PASS","HEURISTIC_NOTICE","10","10","0","200","","","2027년도 원예산업분야 도비 지원사업 수요조사 신청 / 2026-07-13 / https://www.namhae.go.kr/socialm/board/View.do?gcode=1131&idx=276330&pageCd=SM010101000&siteGubun=socialm | 물놀이지역(오동계곡) 수질조사 결과 공개(1~3차) / 2026-07-13 / https://www.namhae.go.kr/socialm/board/View.do?gcode=1131&idx=276327&pageCd=SM010101000&siteGubun=socialm | 2026년 꿈나눔 국민체육센터 청소년 여름방학 수영 특강 회원모집 안내 / 2026-07-13 / https://www.namhae.go.kr/socialm/board/View.do?gcode=1131&idx=276311&pageCd=SM010101000&siteGubun=socialm","921"
"LGS-000237","경상남도","하동군","하동군청","http://www.hadong.go.kr/media/00008/00009.web","PASS","SCMS_CARD_NOTICE","10","10","0","200","","","신호남복합(500MW) 건설사업 환경영향평가서(초안), 기후변화영향평가서(초안)공람 및 주민설명회 개최 공고 / 2026-07-10 / https://www.hadong.go.kr/media/00008/?gcode=1001&idx=37810872&amode=view& | 가족힐링캠프(2차) 참가자 모집 안내 / 2026-07-10 / https://www.hadong.go.kr/media/00008/?gcode=1001&idx=37810870&amode=view& | 여름방학 가족 愛 쉼표, / 2026-07-07 / https://www.hadong.go.kr/media/00008/?gcode=1001&idx=37810804&amode=view&","425"
"LGS-000238","경상남도","산청군","산청군청","http://www.sancheong.go.kr/www/selectBbsNttList.do?key=157&bbsNo=1","PASS","SAEOL_GOSI","10","10","0","200","","","사회연대경제 청년 일경험 시범사업 참여 기업 추가 모집 공고 안내 / 2026-07-13 / https://www.sancheong.go.kr/www/selectBbsNttView.do?key=157&bbsNo=1&nttNo=162855&searchCtgry=&searchCnd=all&searchKrwd=&pageIndex=1&integrDeptCode= | 위기(가능)청소년 지원 및 사전예방을 위한 이동상담센터 ‘우당탕탕 패밀리’ 참여자 모집 / 2026-07-13 / https://www.sancheong.go.kr/www/selectBbsNttView.do?key=157&bbsNo=1&nttNo=162852&searchCtgry=&searchCnd=all&searchKrwd=&pageIndex=1&integrDeptCode= | 「2026년 제15회 인구의날 기념행사 범사회협의체 출범식」 다자녀 가족 초청 행사 홍보 / 2026-07-08 / https://www.sancheong.go.kr/www/selectBbsNttView.do?key=157&bbsNo=1&nttNo=162714&searchCtgry=&searchCnd=all&searchKrwd=&pageIndex=1&integrDeptCode=","403"
"LGS-000239","경상남도","함양군","함양군청","https://www.hygn.go.kr/00429/00543/00547.web","PASS","SCMS_CARD_NOTICE","10","10","0","200","","","석면해체제거작업 알림(문영순2026년 함양군 슬레이트 해체.처리공사 4권역) 새 글 / 2026-07-13 / https://www.hygn.go.kr/00429/00543/?gcode=1001&idx=948680&amode=view&mainviewYn=Y | 2026년 함양군 중소기업 및 소상공인 채용장려금 지원사업 공고(2차) 새 글 / 2026-07-13 / https://www.hygn.go.kr/00429/00543/?gcode=1001&idx=948678&amode=view&mainviewYn=Y | 2026년 경남형 장년, 황혼기 부부지원 <함께 걷는 부부학교> 신청 안내 새 글 / 2026-07-13 / https://www.hygn.go.kr/00429/00543/?gcode=1001&idx=948668&amode=view&mainviewYn=Y","367"
"LGS-000240","경상남도","거창군","거창군청","https://www.geochang.go.kr/00445/00451.web","PASS","SCMS_CARD_NOTICE","10","10","0","200","","","남하면 아주지구 취약지역 생활여건 개조사업 시행계획 수립 고시 / 2026-07-14 / https://www.geochang.go.kr/00445/?amode=view&not_ancmt_mgt_no=47327& | 가조공설시장(B-1, 2, 3) 사용수익 입찰 공고 안내 / 2026-07-14 / https://www.geochang.go.kr/00445/?amode=view&not_ancmt_mgt_no=47326& | 주상면 농지전수조사 기간제근로자 채용 공고 / 2026-07-14 / https://www.geochang.go.kr/00445/?amode=view&not_ancmt_mgt_no=47323&","137"
"LGS-000241","경상남도","합천군","합천군청","https://www.hc.go.kr/04923/04924/04945.web","PASS","HEURISTIC_NOTICE","6","6","0","200","","","[일반행정] 2026년 6월 공공하수처리시설 하수처리현황 새 글 / 2026-07-13 / https://www.hc.go.kr/04923/04924/?gcode=1102&idx=29027933&amode=view&extParam=notice | 청소년전화1388 홍보영상 / 2026-07-09 / https://www.hc.go.kr/04923/04924/?gcode=2065&idx=29027808&amode=view&extParam=notice | [문화관광] 2026년 합천박물관 여름방학 프로그램 <반짝반짝 옥전공방> 참가자 모집 / 2026-07-08 / https://www.hc.go.kr/04923/04924/?gcode=1379&idx=29027794&amode=view&extParam=notice","1276"
"LGS-000242","제주특별자치도","제주특별자치도","제주특별자치도청","https://www.jeju.go.kr/news/news/news.htm","PASS","SPRING_BBS","20","20","0","200","","","2026년 국제크루즈 선석배정 변경내역 알림(‘26. 7. 13.) / 2026-07-13 / https://www.jeju.go.kr/news/news/news.htm?act=view&seq=2026186 | 2026년 제30회 민원봉사대상 후보자 공적요약서 게시 / 2026-07-13 / https://www.jeju.go.kr/news/news/news.htm?act=view&seq=2026136 | ""사는 곳에서 필요한 서비스를 한번에 누리는"" 의료요양 통합돌봄 사업 안내 / 2026-07-13 / https://www.jeju.go.kr/news/news/news.htm?act=view&seq=2026119","337"
"LGS-000243","제주특별자치도","제주시","제주시청","http://www.jejusi.go.kr/information/intro/news.do","PASS","SPRING_BBS","10","10","0","200","","","일도1동, 폭염 속 경로당 무더위쉼터 방문 격려 및 점검 / 2026-07-13 / http://www.jejusi.go.kr/information/intro/news.do?mode=detail&notice_id=e3d76cee055c412bb36472168cac2678&currentPageNo=1 | 일도1동, 주요도로변 및 화단 등 잡초제거 작업 실시 / 2026-07-13 / http://www.jejusi.go.kr/information/intro/news.do?mode=detail&notice_id=f6b6b1f4ca8245d49f4fa7e4258546bc&currentPageNo=1 | 용담1동민속보존회, 관내 잡초제거 실시 / 2026-07-13 / http://www.jejusi.go.kr/information/intro/news.do?mode=detail&notice_id=9c22a1f4cca94bc2abfbc6573807e606&currentPageNo=1","2500"
"LGS-000244","제주특별자치도","서귀포시","서귀포시청","http://www.seogwipo.go.kr/info/news/notice.htm","PASS","SPRING_BBS","21","21","0","200","","","서귀포시 주간행사계획(2026.07.13.~07.19.) / 2026-07-09 / https://www.seogwipo.go.kr/info/news/notice.htm?act=view&seq=154543753 | 2026년 남원읍 더배움 평생학습센터 프로그램 수강생 .. / 2026-07-13 / https://www.seogwipo.go.kr/info/news/notice.htm?act=view&seq=154596841 | 2026년 한부모가족 및 청소년부모 아동양육비 지원.. / 2026-07-13 / https://www.seogwipo.go.kr/info/news/notice.htm?act=view&seq=154595893","1589"
