관리코드,시도,시군구,기관명,URL,QA상태,추천파서,발견,유효,무효,HTTP,오류코드,오류메시지,표본,응답시간ms
"LGS-000001","서울특별시","서울특별시","서울특별시청","http://www.seoul.go.kr/v2012/news/list.html?tr_code=gnb_news","PARSER_UNSUPPORTED","SAEOL_GOSI","0","0","0","200","","","","808"
"LGS-000002","서울특별시","종로구","종로구청","https://market.jongno.go.kr/support/support_jongno","PASS","HEURISTIC_NOTICE","4","4","0","200","","","22 금융 2026 종로구 주방환경개선 지원사업 신청기간 20260416 ~ 20260515(마감) 소관기관명 종로구 사업수행기관 보건정책과 등록일 2026-04-16 조회수 221 / 2026-04-16 / https://market.jongno.go.kr/support/support_jongno_detail?jsb_key=0d7077c5-c28c-451c-b973-9a91b36b22cb | 21 금융 2026년 소상공인 맞춤형 종합지원사업 신청기간 예산 소진으로 마감 소관기관명 종로구 사업수행기관 서울신용보증재단 등록일 2026-03-31 조회수 455 / 2026-03-31 / https://market.jongno.go.kr/support/support_jongno_detail?jsb_key=a16d8220-7aa9-461d-96f8-777b90b7c08c | 20 금융 종로구 중소기업육성기금 상반기 융자 지원 신청기간 예산 소진으로 마감 소관기관명 종로구 사업수행기관 서울신용보증재단, 우리은행 등록일 2026-03-11 조회수 348 / 2026-03-11 / https://market.jongno.go.kr/support/support_jongno_detail?jsb_key=4196b2ca-ab22-43f5-ae37-3364cb29fd79","693"
"LGS-000003","서울특별시","중구","중구청","https://www.junggu.seoul.kr/content.do?cmsid=14203","PARSER_UNSUPPORTED","HEURISTIC_NOTICE","0","0","0","200","","","","1305"
"LGS-000004","서울특별시","용산구","용산구청","https://health.yongsan.go.kr/portal/bbs/B0000095/list.do?menuNo=200233","PASS","SPRING_BBS","10","10","0","200","","","서울특별시 용산구 시간선택제임기제공무원(재난안전상황실 전담요원) 채용 공고 / 2026-07-10 / https://health.yongsan.go.kr/portal/bbs/B0000095/view.do?nttId=766043&menuNo=200233&pageUnit=10&pageIndex=1 | 구강보건사업 기간제근로자(치과위생사) 채용시험 최종합격자 공고 / 2026-07-10 / https://health.yongsan.go.kr/portal/bbs/B0000095/view.do?nttId=766040&menuNo=200233&pageUnit=10&pageIndex=1 | 시간선택제임기제공무원(CCTV 통합관제센터 관제요원) 1차 서류전형 합격자 발표 및 면접시험 계획 공고 / 2026-07-10 / https://health.yongsan.go.kr/portal/bbs/B0000095/view.do?nttId=766035&menuNo=200233&pageUnit=10&pageIndex=1","1455"
"LGS-000005","서울특별시","성동구","성동구청","https://www.sd.go.kr/main/selectBbsNttList.do?bbsNo=183&key=1472","PASS","HEURISTIC_NOTICE","10","10","0","200","","","제5회 성동50+ 활동공유회 [플러스 온! -50플러스의 가능성을 켜다-] 부스 모집NEW / 2026-07-10 / https://www.sd.go.kr/main/selectBbsNttView.do?bbsNo=183&nttNo=359720&&pageUnit=10&key=1472&nttShowPd=36&pageIndex=1 | 성동50플러스센터 2026년 7월 교육프로그램 수강생 모집NEW / 2026-07-10 / https://www.sd.go.kr/main/selectBbsNttView.do?bbsNo=183&nttNo=359719&&pageUnit=10&key=1472&nttShowPd=36&pageIndex=1 | 청계천 어린이꿈공원 물놀이장 휴장안내（7.9.）NEW / 2026-07-09 / https://www.sd.go.kr/main/selectBbsNttView.do?bbsNo=183&nttNo=359692&&pageUnit=10&key=1472&nttShowPd=36&pageIndex=1","1743"
"LGS-000006","서울특별시","광진구","광진구청","https://www.gwangjin.go.kr/portal/main/contents.do?menuNo=200704","PARSER_UNSUPPORTED","HEURISTIC_NOTICE","0","0","0","200","","","","1429"
"LGS-000007","서울특별시","동대문구","동대문구청","https://www.ddm.go.kr/www/contents.do?key=883","PARSER_UNSUPPORTED","HEURISTIC_NOTICE","0","0","0","200","","","","1482"
"LGS-000008","서울특별시","중랑구","중랑구청","https://www.jungnang.go.kr/portal/bbs/list/B0000422.do?menuNo=201111","FAILED","","0","0","0","","NETWORK_ERROR","Invalid header name "" X-Content-Type-Options""","","2617"
"LGS-000009","서울특별시","성북구","성북구청","https://seongbuk.go.kr/www/selectBbsNttList.do?bbsNo=41&key=6350","FAILED","","0","0","0","","NETWORK_ERROR","(certificate_unknown) No subject alternative DNS name matching seongbuk.go.kr found.","","390"
"LGS-000010","서울특별시","강북구","강북구청","https://child.gangbuk.go.kr/portal/bbs/B0000145/list.do?menuNo=200081","PASS","SPRING_BBS","10","10","0","200","","","2026년 서울특별시 전기차 충전인프라 시민 직접지원 시범사업 추가 공고 안내 / 2026-07-10 / https://child.gangbuk.go.kr/portal/bbs/B0000145/view.do?menuNo=200081&nttId=183124 | 제안서 평가위원회 평가결과 공개 / 2026-07-09 / https://child.gangbuk.go.kr/portal/bbs/B0000145/view.do?menuNo=200081&nttId=183076 | 2026년도 교통유발부담금 부과 현장조사 및 시설물 미사용 신고 / 2026-07-08 / https://child.gangbuk.go.kr/portal/bbs/B0000145/view.do?menuNo=200081&nttId=183038","1476"
"LGS-000011","서울특별시","도봉구","도봉구청","https://www.dobong.go.kr/","PARSER_UNSUPPORTED","SAEOL_GOSI","0","0","0","200","","","","1524"
"LGS-000012","서울특별시","노원구","노원구청","https://www.nowon.kr/","PARTIAL","GENERIC_LIST","1180","4","1176","200","","","포토뉴스 / 2026-07-10 / https://www.nowon.kr/www/index.do#photo-board | 2026.07.10 힐링냉장고 운영도우미 교육 개최 / 2026-07-10 / https://www.nowon.kr/www/user/bbs/BD_selectBbs.do?q_bbsCode=1005&q_bbscttSn=20260710160621904&q_clCode=0&q_estnColumn1=11&q_ntceSiteCode=11 | 2026.07.09 ‘2026 우리 노원 희망여름 착!착!착! 나눔 캠페인’ 출범식 / 2026-07-09 / https://www.nowon.kr/www/user/bbs/BD_selectBbs.do?q_bbsCode=1005&q_bbscttSn=20260709165146464&q_clCode=0&q_estnColumn1=11&q_ntceSiteCode=11","1477"
"LGS-000013","서울특별시","은평구","은평구청","https://www.ep.go.kr/dong/selectBbsNttList.do?bbsNo=42","FAILED","","0","0","0","417","HTTP_ERROR","HTTP 417","","118"
"LGS-000014","서울특별시","서대문구","서대문구청","https://www.sdm.go.kr/news/news/notice.do","PARSER_UNSUPPORTED","HEURISTIC_NOTICE","0","0","0","200","","","","897"
"LGS-000015","서울특별시","마포구","마포구청","https://www.mapo.go.kr/","PASS","HEURISTIC_NOTICE","23","23","0","200","","","2026년 마포구 여름방학 영어캠프 안내 / 2026-07-06 / https://www.mapo.go.kr/site/main/board/notice/276439 | 2026년 장애인복지유공자 표창 대상자 추천 안내 / 2026-07-10 / https://www.mapo.go.kr/site/main/board/notice/276725 | 통신장비 교체 작업에 따른 홈페이지 중단 안내 / 2026-07-10 / https://www.mapo.go.kr/site/main/board/notice/276718","928"
"LGS-000016","서울특별시","양천구","양천구청","https://www.yangcheon.go.kr/site/yangcheon/ex/seol/seolCollectList.do","PARSER_UNSUPPORTED","HEURISTIC_NOTICE","0","0","0","200","","","","654"
"LGS-000017","서울특별시","강서구","강서구청","https://www.gangseo.seoul.kr/eco/eco060101","PARSER_UNSUPPORTED","HEURISTIC_NOTICE","0","0","0","200","","","","269"
"LGS-000018","서울특별시","구로구","구로구청","https://www.guro.go.kr/www/selectBbsNttList.do?bbsNo=662&key=1790&pageIndex=1&pageUnit=10&searchCnd=SJ&searchKrwd=%EC%86%8C%EC%83%81%EA%B3%B5%EC%9D%B8","PASS","HEURISTIC_NOTICE","10","10","0","200","","","2026년 구로구 소상공인 디지털 역량강화 교육 수강생 모집 / 2026-06-08 / https://www.guro.go.kr/www/selectBbsNttView.do?bbsNo=662&nttNo=234928&&pageUnit=10&searchCnd=SJ&searchKrwd=%EC%86%8C%EC%83%81%EA%B3%B5%EC%9D%B8&key=1790&pageIndex=1 | (~5.8.)「소상공인 LP가스시설 개선사업」 안내 / 2026-04-29 / https://www.guro.go.kr/www/selectBbsNttView.do?bbsNo=662&nttNo=233475&&pageUnit=10&searchCnd=SJ&searchKrwd=%EC%86%8C%EC%83%81%EA%B3%B5%EC%9D%B8&key=1790&pageIndex=1 | [2026년 소상공인 새 길 여는 폐업지원] 지원대상 모집 / 2026-04-13 / https://www.guro.go.kr/www/selectBbsNttView.do?bbsNo=662&nttNo=232330&&pageUnit=10&searchCnd=SJ&searchKrwd=%EC%86%8C%EC%83%81%EA%B3%B5%EC%9D%B8&key=1790&pageIndex=1","1193"
"LGS-000019","서울특별시","금천구","금천구청","https://www.geumcheon.go.kr/portal/selectBbsNttList.do?bbsNo=150682&key=4099","PARTIAL","SPRING_BBS","30","11","19","200","","","2026 서울시 외식업 경영혁신 컨설팅 지원사업 / 2026-05-18 / https://www.geumcheon.go.kr/portal/selectBbsNttView.do?key=4099&bbsNo=150682&nttNo=269256&searchCtgry=&searchCnd=all&searchKrwd=&pageIndex=1&integrDeptCode= | 2026년도 서울특별시 중소기업육성자금 3분기 접수안내(수정) / 2026-07-01 / https://www.geumcheon.go.kr/portal/selectBbsNttView.do?key=4099&bbsNo=150682&nttNo=266647&searchCtgry=&searchCnd=all&searchKrwd=&pageIndex=1&integrDeptCode= | ""다시서기 프로젝트"" 지원사업(하반기) 새글 / 2026-07-08 / https://www.geumcheon.go.kr/portal/selectBbsNttView.do?key=4099&id=&bbsNo=150682&nttNo=269994&searchCtgry=&searchCnd=all&searchKrwd=&pageIndex=1&integrDeptCode=&searchDeptCode=","356"
"LGS-000020","서울특별시","영등포구","영등포구청","https://www.ydp.go.kr/www/contents.do?key=3336","PARSER_UNSUPPORTED","HEURISTIC_NOTICE","0","0","0","200","","","","182"
"LGS-000021","서울특별시","동작구","동작구청","https://www.dongjak.go.kr/","PARSER_UNSUPPORTED","SAEOL_GOSI","0","0","0","200","","","","2182"
"LGS-000022","서울특별시","관악구","관악구청","https://www.gwanak.go.kr/site/gwanak/09/10905100000002023020811.jsp","PARSER_UNSUPPORTED","HEURISTIC_NOTICE","0","0","0","200","","","","250"
"LGS-000023","서울특별시","서초구","서초구청","https://www.seocho.go.kr/site/seocho/04/10409100000002021072101.jsp","PARSER_UNSUPPORTED","SAEOL_GOSI","0","0","0","200","","","","299"
"LGS-000024","서울특별시","강남구","강남구청","https://www.gangnam.go.kr/board/B_000001/list.do?mid=ID05_040101","PASS","SAEOL_GOSI","10","10","0","200","","","2026년도 여름방학 대학생 행정체험 연수자의 근무지 배치 결과 안내 / 2026-07-10 / https://www.gangnam.go.kr/board/B_000001/1076532/view.do?mid=ID05_040101 | 2026년 임산부 친환경농산물 지원사업 신청안내 / 2026-07-10 / https://www.gangnam.go.kr/board/B_000001/1076528/view.do?mid=ID05_040101 | 서울특별시 중점 공회전 제한장소 변경지정 공고 / 2026-07-09 / https://www.gangnam.go.kr/board/B_000001/1076530/view.do?mid=ID05_040101","437"
"LGS-000025","서울특별시","송파구","송파구청","https://www.songpa.go.kr/www/selectGosiList.do?key=2776","PASS","SAEOL_GOSI","10","10","0","200","","","2026년 하반기 동행일자리사업(스쿨존 교통안전지킴이) 참여자 모집 공고 / 2026-07-10 / https://www.songpa.go.kr/www/selectGosiData.do?not_ancmt_mgt_no=33233&searchCnd=all&searchKrwd=&pageIndex=1&key=2776 | 공공기관 종합청렴도 평가 관련 개인정보 제3자 제공사항 알림 / 2026-07-10 / https://www.songpa.go.kr/www/selectGosiData.do?not_ancmt_mgt_no=33241&searchCnd=all&searchKrwd=&pageIndex=1&key=2776 | 불법주정차 무인단속 CCTV 신규설치(기부채납) 행정예고 / 2026-07-10 / https://www.songpa.go.kr/www/selectGosiData.do?not_ancmt_mgt_no=33252&searchCnd=all&searchKrwd=&pageIndex=1&key=2776","418"
"LGS-000026","서울특별시","강동구","강동구청","https://www.gangdong.go.kr/web/newportal/contents/gdp_005_008_004_002_001","PARSER_UNSUPPORTED","HEURISTIC_NOTICE","0","0","0","200","","","","491"
"LGS-000027","부산광역시","부산광역시","부산광역시청","http://www.busan.go.kr/nbnews","PASS","SPRING_BBS","11","11","0","200","","","부산시, 시민의 삶을 지키는 민생 100일 비상조치 추진 / 2026-07-02 / https://www.busan.go.kr/nbnews/1738221?curPage=&srchBeginDt=2025-07-10&srchEndDt=2026-07-10&searchKey=&searchText= | 오직 부산튜브에서! 야외 오페라 카르멘 / 2026-07-10 / https://www.busan.go.kr/nbnews/1740022?curPage=&srchBeginDt=2025-07-10&srchEndDt=2026-07-10&srchKey=&srchText= | 2026년 초등학생 여름방학 전통문화 체험교실 안내 / 2026-07-10 / https://www.busan.go.kr/nbnews/1739952?curPage=&srchBeginDt=2025-07-10&srchEndDt=2026-07-10&srchKey=&srchText=","745"
"LGS-000028","부산광역시","중구","중구청","http://www.bsjunggu.go.kr/board/list.junggu?boardId=BBS_0000001&menuCd=DOM_000000103001001000&contentsSid=101","PASS","HEURISTIC_NOTICE","10","10","0","200","","","2026년 하반기 찾아가는 칼갈이 수리센터 운영 안내 / 2026-07-09 / https://www.bsjunggu.go.kr/board/view.junggu?boardId=BBS_0000001&menuCd=DOM_000000103001001000&paging=ok&startPage=1&dataSid=257265 | 2026년 핑크문화데이 운영 안내(7~8월) / 2026-07-09 / https://www.bsjunggu.go.kr/board/view.junggu?boardId=BBS_0000001&menuCd=DOM_000000103001001000&paging=ok&startPage=1&dataSid=257247 | 「2026년 지진안전 AI 영상 공모전」개최 알림 / 2026-07-08 / https://www.bsjunggu.go.kr/board/view.junggu?boardId=BBS_0000001&menuCd=DOM_000000103001001000&paging=ok&startPage=1&dataSid=257230","484"
"LGS-000029","부산광역시","서구","서구청","http://www.bsseogu.go.kr/board/list.bsseogu?boardId=BBS_0000039&menuCd=DOM_000000103001012000&contentsSid=877&cpath=","PARTIAL","GENERIC_LIST","510","8","502","200","","","관내 공동주택 승강기 안전사고 예방을 위한 안전 신호등 설치 홍보 1. 시 건축정책과-6059(2026.4.13.)호와 관련입니다. 2.「시장 지시 사항 제6호」에 따라 승강기 이용자의 시인성 확보 및 출입문 부딪힘·끼임 사고 방지를 위해 『승강기 출입문 안전 신호등 설치 사업』을 시민 편익으로 연결될 수 있도록 홍보코자 합니다. ㅁ목적 ·승강기 출입문의 개폐 상태를 시각·청각적으로 안내하여 노약자 및 교통약자의 충돌 사고를 예방하고 이용 편의 증진 ㅁ내용 ·공동주택 내 승강기 신규 설치 및 노후 승강기 교체(정밀안전검사 대상 승강기 안전 부품 교체 포함) 시, ‘승강기 출입문 안전 신호등’과 같은 안전 보조 시스템의 추가 설치를 권고 2026.07.09 일자리경제과 조회수 : 23 / 2026-07-09 / https://www.bsseogu.go.kr/board/view.do?boardId=BBS_0000039&menuCd=DOM_000000103001012000&orderBy=REGISTER_DATE%20DESC&paging=ok&startPage=1&dataSid=274203 | 승강기 사고배상 책임보험 의무가입 안내 승강기 사고배상 책임보험 의무가입 ○ 목 적 : 승강기 안전관리 강화를 위하여 관리주체에게 승강기의 사고로 승강기 이용자 등 다른 사람의 생명·신체 또는 재산상의 손해를 발생하는 경우 그 손해에 대한 배상을 보장하기 위한 보험가입을 의무화 함. ○ 관련법규 : 승강기안전관리법 제30조 및 같은 법 부칙 제8조 ○ 의무가입 대상 : 관리주체 ○ 가입시기 : 1. 승강기안전관리법 제28조제1항에 따른설치검사를 받은 날 2.관리주체가 변경된 경우 그 변경된 날 3.책임보험의 만료일 이내 ○ 보험종류 : 승강기 사고배상 책임보험 등 ○ 행정처분 : 보험 미가입 시(승강기 안전관리법 제82조제2항제12호) 500만원 이하 과태료 첨부 : 법령 및 안내문 1부 문의 : 서구청 일자리경제과 ☎051-240-5623 2026.07.09 일자리경제과 조회수 : 24 / 2026-07-09 / https://www.bsseogu.go.kr/board/view.do?boardId=BBS_0000039&menuCd=DOM_000000103001012000&orderBy=REGISTER_DATE%20DESC&paging=ok&startPage=1&dataSid=274202 | 7월 식중독 주의정보 및 식품안전 소식지 7월 식중독 주의정보 및 식품안전 소식지 입니다. 2026.07.08 환경위생과 조회수 : 36 / 2026-07-08 / https://www.bsseogu.go.kr/board/view.do?boardId=BBS_0000039&menuCd=DOM_000000103001012000&orderBy=REGISTER_DATE%20DESC&paging=ok&startPage=1&dataSid=274171","1894"
"LGS-000030","부산광역시","동구","동구청","http://www.bsdonggu.go.kr/board/list.donggu?boardId=BBS_0000023&menuCd=DOM_000000103001001000&contentsSid=276","PASS","HEURISTIC_NOTICE","13","13","0","200","","","공영주차장 승용차 5부제 시행 및 제외 주차장 알림 / 2026-04-09 / https://www.bsdonggu.go.kr/board/view.donggu?boardId=BBS_0000023&menuCd=DOM_000000103001001000&paging=ok&startPage=1&dataSid=5089085 | 2026년 동구 의료요양 통합돌봄 지원사업 안내 / 2026-04-01 / https://www.bsdonggu.go.kr/board/view.donggu?boardId=BBS_0000023&menuCd=DOM_000000103001001000&paging=ok&startPage=1&dataSid=5088677 | 한복 착용 시 <반 고흐 레플리카전시> 관람료 50% 할인 / 2026-02-10 / https://www.bsdonggu.go.kr/board/view.donggu?boardId=BBS_0000023&menuCd=DOM_000000103001001000&paging=ok&startPage=1&dataSid=5085307","1934"
"LGS-000031","부산광역시","영도구","영도구청","http://www.yeongdo.go.kr/00000/00007/00008.web","PASS","HEURISTIC_NOTICE","1","1","0","200","","","2026년 핑크 문화데이 안내(임산부 ,영유아 가정) 새 글 부산광역시에서 운영하는 임산부와 영유아 가정을 위한 육아 친화 문화 행사「핑크문화데이」를 안내합니다. ○ 프로그램 상세 구분 프로그램명 일시 ... 2026-07-09 보건행정과 조회수 : 60 / 2026-07-09 / https://www.yeongdo.go.kr/00000/00007/00008.web?gcode=1175&idx=332954&amode=view&","731"
"LGS-000032","부산광역시","부산진구","부산진구청","https://www.busanjin.go.kr/board/list.busanjin?boardId=BBS_0000009&menuCd=DOM_000000110001001000&contentsSid=316&cpath=","PARSER_UNSUPPORTED","HEURISTIC_NOTICE","0","0","0","200","","","","877"
"LGS-000033","부산광역시","동래구","동래구청","http://www.dongnae.go.kr/board/list.dongnae?boardId=BBS_0000012&menuCd=DOM_000000103001001000&contentsSid=41&cpath=","PARSER_UNSUPPORTED","HEURISTIC_NOTICE","0","0","0","200","","","","2381"
"LGS-000034","부산광역시","남구","남구청","http://www.bsnamgu.go.kr/board/list.namgu?boardId=BBS_0000001&menuCd=DOM_000000105001001000&contentsSid=136&cpath=","FAILED","","0","0","0","","NETWORK_ERROR","HTTP/1.1 header parser received no bytes","","114"
"LGS-000035","부산광역시","북구","북구청","https://www.bsbukgu.go.kr/board/list.bsbukgu?boardId=BBS_0000023&menuCd=DOM_000000105001001000&contentsSid=368&cpath=","PARSER_UNSUPPORTED","HEURISTIC_NOTICE","0","0","0","200","","","","992"
"LGS-000036","부산광역시","해운대구","해운대구청","http://www.haeundae.go.kr/board/list.do?boardId=BBS_0000038&menuCd=DOM_000000104001001000&contentsSid=100","PASS","HEURISTIC_NOTICE","12","12","0","200","","","중장년 스마트폰 활용교육 「내 손 안의 효자」 신청 안.. / 2026-07-10 / http://www.haeundae.go.kr/board/view.do?boardId=BBS_0000038&menuCd=DOM_000000104001001000&paging=ok&startPage=1&dataSid=3170365 | 중1동체육회 생활체육 운영지원사업 「기초 필라테스 교실.. / 2026-07-10 / http://www.haeundae.go.kr/board/view.do?boardId=BBS_0000038&menuCd=DOM_000000104001001000&paging=ok&startPage=1&dataSid=3170363 | 민영주택[두산위브더제니스 대연]장애인 특별공급 기관추천.. / 2026-07-08 / http://www.haeundae.go.kr/board/view.do?boardId=BBS_0000038&menuCd=DOM_000000104001001000&paging=ok&startPage=1&dataSid=3170230","1812"
"LGS-000037","부산광역시","사하구","사하구청","http://www.saha.go.kr/portal/bbs/list.do?ptIdx=22&mId=0301010000","PARSER_UNSUPPORTED","HEURISTIC_NOTICE","0","0","0","200","","","","1904"
"LGS-000038","부산광역시","금정구","금정구청","http://www.geumjeong.go.kr/board/list.geumj?boardId=BBS_0000004&menuCd=DOM_000000124002001000&contentsSid=3855&cpath=","PASS","SPRING_BBS","13","13","0","200","","","2026년 AI디지털배움터 파견교육 신청 안내 / 2026-06-23 / https://www.geumjeong.go.kr/board/view.geumj?boardId=BBS_0000004&menuCd=DOM_000000124002001000&paging=ok&startPage=1&categoryCode2=1&dataSid=979352 | AI디지털배움터 교육생모집 안내 / 2026-06-23 / https://www.geumjeong.go.kr/board/view.geumj?boardId=BBS_0000004&menuCd=DOM_000000124002001000&paging=ok&startPage=1&categoryCode2=1&dataSid=979345 | 2026년 사랑의 그린PC 보급 신청 안내 / 2026-05-26 / https://www.geumjeong.go.kr/board/view.geumj?boardId=BBS_0000004&menuCd=DOM_000000124002001000&paging=ok&startPage=1&categoryCode2=1&dataSid=978570","3870"
"LGS-000039","부산광역시","강서구","강서구청","https://www.bsgangseo.go.kr/portal/board/post/list.do?bcIdx=500&mid=0501010000&token=1739334701754","PARSER_UNSUPPORTED","HEURISTIC_NOTICE","0","0","0","200","","","","826"
"LGS-000040","부산광역시","연제구","연제구청","http://www.yeonje.go.kr/inews/main.do","PARSER_UNSUPPORTED","SAEOL_GOSI","0","0","0","200","","","","523"
"LGS-000041","부산광역시","수영구","수영구청","http://www.suyeong.go.kr/board/list.suyeong?boardId=BBS_0000001&menuCd=DOM_000000103001001000&contentsSid=221","PASS","SPRING_BBS","31","31","0","200","","","2026 부산광역시 하반기 전세사기피해주택 시설개선 지원사업 안내 / 2026-07-09 / https://www.suyeong.go.kr/dong/board/view.suyeong?boardId=BBS_0000001&menuCd=DOM_000000103001001000&paging=ok&startPage=1&dataSid=365300 | ★지구별마켓(수변공원 어린이 벼룩시장) 개최 알림★ / 2026-07-08 / https://www.suyeong.go.kr/dong/board/view.suyeong?boardId=BBS_0000001&menuCd=DOM_000000103001001000&paging=ok&startPage=1&dataSid=365226 | 2026년 7월 AI디지털배움터 교육과정 안내 / 2026-07-08 / https://www.suyeong.go.kr/dong/board/view.suyeong?boardId=BBS_0000001&menuCd=DOM_000000103001001000&paging=ok&startPage=1&dataSid=365184","3345"
"LGS-000042","부산광역시","사상구","사상구청","https://www.sasang.go.kr/news/index.sasang","PARSER_UNSUPPORTED","SAEOL_GOSI","0","0","0","200","","","","197"
"LGS-000043","부산광역시","기장군","기장군청","http://www.gijang.go.kr/board/list.gijang?boardId=BBS_0000002&menuCd=DOM_000000101001001000&contentsSid=12&cpath=","PARSER_UNSUPPORTED","HEURISTIC_NOTICE","0","0","0","200","","","","1813"
"LGS-000044","대구광역시","대구광역시","대구광역시청","https://www.daegu.go.kr/index.do?menu_id=00000854","PARSER_UNSUPPORTED","HEURISTIC_NOTICE","0","0","0","200","","","","683"
"LGS-000045","대구광역시","중구","중구청","http://www.jung.daegu.kr/new/pages/administration/page.html?mc=0157","FAILED","","0","0","0","","NETWORK_ERROR","HTTP/1.1 header parser received no bytes","","119"
"LGS-000046","대구광역시","동구","동구청","https://www.dong.daegu.kr/portal/board/post/list.do?bcIdx=500&mid=0201010000&token=1706162215124","PARSER_UNSUPPORTED","HEURISTIC_NOTICE","0","0","0","200","","","","359"
"LGS-000047","대구광역시","서구","서구청","https://www.dgs.go.kr/portal/board/post/list.do?bcIdx=566&mid=0601010000&token=1747370338925","PASS","SPRING_BBS","14","13","1","200","","","공군 제11전투비행단 '26년 7월 야간비행훈련 계획 안내 / 2026-06-26 / https://www.dgs.go.kr/portal/board/post/view.do?bcIdx=566&mid=0601010000&idx=251136 | 「2026년도 지역특화형 비자사업」 지역 우수인재 및 외국 국적동포 모집 공고 / 2026-01-02 / https://www.dgs.go.kr/portal/board/post/view.do?bcIdx=566&mid=0601010000&idx=249127 | [주의] 공무원 사칭 사기 피해 주의 안내 / 2025-11-13 / https://www.dgs.go.kr/portal/board/post/view.do?bcIdx=566&mid=0601010000&idx=248496","2402"
"LGS-000048","대구광역시","남구","남구청","https://nam.daegu.kr/index.do?menu_id=00000848","PARSER_UNSUPPORTED","HEURISTIC_NOTICE","0","0","0","200","","","","581"
"LGS-000049","대구광역시","북구","북구청","http://www.buk.daegu.kr/index.do?menu_id=00000195","PARSER_UNSUPPORTED","HEURISTIC_NOTICE","0","0","0","200","","","","6276"
"LGS-000050","대구광역시","수성구","수성구청","https://www.suseong.kr/?menu_id=00000063","PARSER_UNSUPPORTED","HEURISTIC_NOTICE","0","0","0","200","","","","979"
"LGS-000051","대구광역시","달서구","달서구청","https://dalseo.daegu.kr/?menu_id=10000102","PARSER_UNSUPPORTED","HEURISTIC_NOTICE","0","0","0","200","","","","2022"
"LGS-000052","대구광역시","달성군","달성군청","https://www.dalseong.daegu.kr/index.do?menu_id=00000194","PARSER_UNSUPPORTED","SAEOL_GOSI","0","0","0","200","","","","404"
"LGS-000053","대구광역시","군위군","군위군청","https://www.gunwi.go.kr/ko/page.do?mnu_uid=101&","PARSER_UNSUPPORTED","HEURISTIC_NOTICE","0","0","0","200","","","","706"
"LGS-000054","인천광역시","인천광역시","인천광역시청","https://www.incheon.go.kr/IC010101","PASS","SPRING_BBS","11","11","0","200","","","공무원 사칭 물품 구매 사기(보이스피싱) 주의 / 2026-07-03 / https://www.incheon.go.kr/IC010101/view?nttNo=2045968&curPage=1 | 시 주간행사계획(7.13.~7.19.) / 2026-07-10 / https://www.incheon.go.kr/IC010101/view?nttNo=2045993&curPage=1 | 인천사랑상품권 캐시백 일시 중단 안내 / 2026-07-10 / https://www.incheon.go.kr/IC010101/view?nttNo=2045992&curPage=1","1279"
"LGS-000055","인천광역시","제물포구","제물포구청","https://www.jemulpo.go.kr/main/information/news/notice.jsp","PASS","SPRING_BBS","10","9","1","200","","","행정체제 개편에 따른 전화번호 변경 안내(7. 6.) / 2026-07-03 / https://www.jemulpo.go.kr/main/bbs/bbsMsgDetail.do?msg_seq=59258&bcd=notice | 2026년 침수방지시설 지원사업 안내 / 2026-07-07 / https://www.jemulpo.go.kr/main/bbs/bbsMsgDetail.do?msg_seq=59270&bcd=notice | 제물포구 청년 웰컴페이(이사비) 지원사업 신청 안내 / 2026-07-07 / https://www.jemulpo.go.kr/main/bbs/bbsMsgDetail.do?msg_seq=59267&bcd=notice","360"
"LGS-000056","인천광역시","영종구","영종구청","https://yeongjong.go.kr/main/pst/list.do?pst_id=mn_ntc","PASS","SPRING_BBS","10","10","0","200","","","제6회 공항일자리 채용의 날 NEW새로운 글 / 2026-07-06 / https://www.yeongjong.go.kr/main/pst/view.do?pst_id=mn_ntc&pst_sn=332033&search=c2xUTFRHb29DZVZtaUxhRGVtSk1XQT09 | [이벤트] 영종구는 처음이지? / 2026-07-01 / https://www.yeongjong.go.kr/main/pst/view.do?pst_id=mn_ntc&pst_sn=331941&search=c2xUTFRHb29DZVZtaUxhRGVtSk1XQT09 | 2026년 1월 1일 기준 개별공시지가 재결정 / 2026-06-26 / https://www.yeongjong.go.kr/main/pst/view.do?pst_id=mn_ntc&pst_sn=331842&search=c2xUTFRHb29DZVZtaUxhRGVtSk1XQT09","1300"
"LGS-000057","인천광역시","미추홀구","미추홀구청","https://www.michuhol.go.kr/main/board/list.do?board_code=board_1","PASS","SPRING_BBS","10","10","0","200","","","미추홀구 주간행사계획 [2026. 7. 13.(월) ~ 2026. 7. 19.(일)] / 2026-07-10 / https://www.michuhol.go.kr/main/board/view.do?sq=309727&board_code=board_1&search=eyJib2FyZF9jb2RlIjoiYm9hcmRfMSJ9 | 2026년도 라돈 무료측정 및 저감 컨설팅 사업 홍보 / 2026-07-10 / https://www.michuhol.go.kr/main/board/view.do?sq=309721&board_code=board_1&search=eyJib2FyZF9jb2RlIjoiYm9hcmRfMSJ9 | [헌혈] 기증헌혈증서 지원제도 안내 / 2026-07-09 / https://www.michuhol.go.kr/main/board/view.do?sq=309658&board_code=board_1&search=eyJib2FyZF9jb2RlIjoiYm9hcmRfMSJ9","727"
"LGS-000058","인천광역시","연수구","연수구청","http://www.yeonsu.go.kr/main/community/notify/notice.asp","PASS","SPRING_BBS","35","35","0","200","","","옥련 별별 야시장 in 2026 안내 / 2026-07-10 / https://www.yeonsu.go.kr:443/main/community/notify/notice.asp?page=v&gotopage=1&seq=118802&keyfield=&keyword=&s_date=&e_date=&eminwon=&dept_idx=&head_idx=&se_dept_idx=&category=&head_idx_cateYN=&listCnt= | 규제합리화 대국민 공모전 안내 / 2026-07-10 / https://www.yeonsu.go.kr:443/main/community/notify/notice.asp?page=v&gotopage=1&seq=118801&keyfield=&keyword=&s_date=&e_date=&eminwon=&dept_idx=&head_idx=&se_dept_idx=&category=&head_idx_cateYN=&listCnt= | 불법 주방용 오물분쇄기 사용 근절 관련 안내 / 2026-07-10 / https://www.yeonsu.go.kr:443/main/community/notify/notice.asp?page=v&gotopage=1&seq=118800&keyfield=&keyword=&s_date=&e_date=&eminwon=&dept_idx=&head_idx=&se_dept_idx=&category=&head_idx_cateYN=&listCnt=","740"
"LGS-000059","인천광역시","남동구","남동구청","http://www.namdong.go.kr/main/bbs/bbsMsgList.do?bcd=notice","PASS","HEURISTIC_NOTICE","20","20","0","200","","","[공지] 2026년도 소규모 사업장 방지시설 설치 지원사업 공고(3차) 안내 / 2026-07-06 / https://www.namdong.go.kr/main/bbs/bbsMsgDetail.do?msg_seq=15882&bcd=notice | [공지] 사물인터넷(IoT) 측정기기 부착기한 연장 관련 부착계획서 제출 안내 / 2026-05-19 / https://www.namdong.go.kr/main/bbs/bbsMsgDetail.do?msg_seq=15841&bcd=notice | [공지] 65세 미만 장애인 통합돌봄 사업안내 / 2026-05-19 / https://www.namdong.go.kr/main/bbs/bbsMsgDetail.do?msg_seq=15838&bcd=notice","395"
"LGS-000060","인천광역시","부평구","부평구청","http://www.icbp.go.kr/main/participation/news/notice.jsp","PASS","HEURISTIC_NOTICE","9","9","0","200","","","장애인 관련글 사회복지법인 성원 이사회 회의록 공개 / 2026-07-09 / https://www.icbp.go.kr/main/bbs/bbsMsgDetail.do?msg_seq=37449&bcd=notice | 2026년 하반기 부평구 적극행정 우수직원 구민추천 안내 / 2026-07-09 / https://www.icbp.go.kr/main/bbs/bbsMsgDetail.do?msg_seq=37448&bcd=notice | 공영장례 부고 알림(김득환) / 2026-07-09 / https://www.icbp.go.kr/main/bbs/bbsMsgDetail.do?msg_seq=37447&bcd=notice","985"
"LGS-000061","인천광역시","계양구","계양구청","http://www.gyeyang.go.kr/open_content/main/bbs/bbsMsgList.do?bcd=board_4","PASS","SPRING_BBS","10","10","0","200","","","계양e음(인천e음) 캐시백 한시적 종료 안내 / 2026-07-10 / https://www.gyeyang.go.kr/open_content/main/bbs/bbsMsgDetail.do?msg_seq=15522&bcd=board_4 | 찾아가는 반려견 코무늬(비문) 무료 동물등록 참여 신청 접수중 / 2026-07-08 / https://www.gyeyang.go.kr/open_content/main/bbs/bbsMsgDetail.do?msg_seq=15520&bcd=board_4 | 2026년 유·청소년 스포츠강좌이용권 지원사업 추가모집 / 2026-07-07 / https://www.gyeyang.go.kr/open_content/main/bbs/bbsMsgDetail.do?msg_seq=15518&bcd=board_4","443"
"LGS-000062","인천광역시","서해구","서해구청","https://seohae.go.kr/open_content/main/community/news/gosi.jsp","PASS","SPRING_BBS","10","10","0","200","","","제3자에 대한 정보공개 결정 통지 공시송달 공고 / 2026-07-09 / https://seohae.go.kr/open_content/main/bbs/bbsMsgDetail.do?msg_seq=46075&bcd=gosi | 지방소득세 반송분 공시송달 공고(2026년 6월 수시분, 5월 독촉분, 4월 독촉분) / 2026-07-09 / https://seohae.go.kr/open_content/main/bbs/bbsMsgDetail.do?msg_seq=46074&bcd=gosi | 건설공사(건축분야) 안전점검 수행기관 지정 공고(원창동 27번지 외 2필지) / 2026-07-09 / https://seohae.go.kr/open_content/main/bbs/bbsMsgDetail.do?msg_seq=46073&bcd=gosi","765"
"LGS-000063","인천광역시","검단구","검단구청","https://www.geomdan.go.kr/main/community/news/notice.jsp","PASS","SPRING_BBS","10","10","0","200","","","토양오염 행정처분 현황(2026.7.) NEW / 2026-07-10 / https://www.geomdan.go.kr/main/bbs/bbsMsgDetail.do?msg_seq=30&bcd=notice | 2026년도 라돈 무료측정 및 저감 컨설팅 사업 안내 NEW / 2026-07-10 / https://www.geomdan.go.kr/main/bbs/bbsMsgDetail.do?msg_seq=29&bcd=notice | 여름철 수상안전관리 성수기 특별대책기간 지정에 따른 물놀이안전 행동요령 홍보 NEW / 2026-07-10 / https://www.geomdan.go.kr/main/bbs/bbsMsgDetail.do?msg_seq=28&bcd=notice","261"
"LGS-000064","인천광역시","강화군","강화군청","http://www.ganghwa.go.kr/open_content/main/ganghwa/news/notice.jsp","PASS","SPRING_BBS","10","10","0","200","","","청소년문화의집 방학특강 프로그램 ESG그린코딩캠프 참여자 모집 홍보! / 2026-07-09 / https://www.ganghwa.go.kr/open_content/main/bbs/bbsMsgDetail.do;jsessionid=D2539C56F7995D961FE5F820BA737B7F?msg_seq=12350&bcd=notice | 2026년 상반기 강화역사박물관 기획전시 <강화의 불교미술Ⅱ: 전등사-삶과 죽음 사이, 명부세계> 개최 안내 / 2026-07-07 / https://www.ganghwa.go.kr/open_content/main/bbs/bbsMsgDetail.do;jsessionid=D2539C56F7995D961FE5F820BA737B7F?msg_seq=12349&bcd=notice | 2026년 하반기 강화 청년 발돋움 인턴십 사업 모집 공고 / 2026-07-07 / https://www.ganghwa.go.kr/open_content/main/bbs/bbsMsgDetail.do;jsessionid=D2539C56F7995D961FE5F820BA737B7F?msg_seq=12348&bcd=notice","303"
"LGS-000065","인천광역시","옹진군","옹진군청","http://www.ongjin.go.kr/open_content/main/community/board/notice.jsp","PASS","SPRING_BBS","10","9","1","200","","","(재)옹진군인재육성재단 임원(비상임 감사) 공개모집 / 2026-07-06 / https://www.ongjin.go.kr/open_content/main/bbs/bbsMsgDetail.do?msg_seq=26705&bcd=notice | 인천형 행정체제 개편에 따른 인천광역시 및 관련구 정보시스템 일시중단 안내 / 2026-06-26 / https://www.ongjin.go.kr/open_content/main/bbs/bbsMsgDetail.do?msg_seq=26703&bcd=notice | 장기요양 재택의료센터 시범사업 지침 안내 / 2026-06-25 / https://www.ongjin.go.kr/open_content/main/bbs/bbsMsgDetail.do?msg_seq=26700&bcd=notice","443"
"LGS-000066","광주광역시","동구","동구청","http://www.donggu.kr/board.es?mid=a10101010000&bid=0001","PARSER_UNSUPPORTED","SAEOL_GOSI","0","0","0","200","","","","2380"
"LGS-000067","광주광역시","서구","서구청","https://www.seogu.gwangju.kr/board.es?mid=a10311010100&bid=0034&act=listC&gon=C","PASS","HEURISTIC_NOTICE","9","9","0","200","","","새글 관내 체류 외국인 재난문자 앱(Emergency Ready App) 안내 / 2026-07-10 / https://www.seogu.gwangju.kr/board.es?mid=a10311010100&bid=0034&act=viewC&list_no=142705&tag=&nPage=1 | 새글 2026년 서구 마을활동지원가(회계지원) 기간제 인력 채용 공고 / 2026-07-09 / https://www.seogu.gwangju.kr/board.es?mid=a10311010100&bid=0034&act=viewC&list_no=142685&tag=&nPage=1 | 새글 7월 [빛고을국악전수관 '국악팝 체험 미션'] 가족 관람객 참가자 모집 7/18.. / 2026-07-08 / https://www.seogu.gwangju.kr/board.es?mid=a10311010100&bid=0034&act=viewC&list_no=142661&tag=&nPage=1","1783"
"LGS-000068","광주광역시","남구","남구청","http://www.namgu.gwangju.kr/board.es?mid=a10604010000&bid=0001","PASS","HEURISTIC_NOTICE","10","10","0","200","","","2026 하반기 행복사서함 안내 / 2026-07-10 / https://www.namgu.gwangju.kr/board.es?mid=a10604010000&bid=0001&act=view&list_no=8831&tag=&nPage=1 | 교복나눔공유센터 운영 현황(26.07.08. 기준) / 2026-07-08 / https://www.namgu.gwangju.kr/board.es?mid=a10604010000&bid=0001&act=view&list_no=8830&tag=&nPage=1 | 양림동 주민자치센터 프로그램 「홈 바리스타 기초교실」 수강생 모집 / 2026-07-07 / https://www.namgu.gwangju.kr/board.es?mid=a10604010000&bid=0001&act=view&list_no=8829&tag=&nPage=1","411"
"LGS-000069","광주광역시","북구","북구청","https://bukgu.gwangju.kr/board.es?mid=a10201010000&bid=0114","PARSER_UNSUPPORTED","SAEOL_GOSI","0","0","0","200","","","","254"
"LGS-000070","광주광역시","광산구","광산구청","https://www.gwangsan.go.kr/boardList.do?boardId=NEWS_NEW&pageId=www3","PASS","HEURISTIC_NOTICE","10","10","0","200","","","여성 1인가구 안심홈세트 지원사업 신청 기간 연장 안내 / 2026-07-02 / https://www.gwangsan.go.kr/boardView.do?pageId=www3&boardId=NEWS_NEW&seq=6239292&movePage=1 | 제1회 일하는 시민예술제@광산 개최 / 2026-06-19 / https://www.gwangsan.go.kr/boardView.do?pageId=www3&boardId=NEWS_NEW&seq=5190757&movePage=1 | 2026년 RFID기반 음식물류폐기물 종량기기 설치 사업 신청 안내 / 2026-06-05 / https://www.gwangsan.go.kr/boardView.do?pageId=www3&boardId=NEWS_NEW&seq=3945580&movePage=1","490"
"LGS-000071","대전광역시","대전광역시","대전광역시청","http://www.daejeon.go.kr/drh/MediaList.do?menuSeq=2558","PARTIAL","SAEOL_GOSI","13","1","12","200","","","2026년 대전광역시 동구청 지방세입 체납관리단 기간제근로자 채용시험 최종 합격자 공고 / 2026-07-10 / https://www.donggu.go.kr/dg/kor/article/recruitAnnounce/142749","350"
"LGS-000072","대전광역시","동구","동구청","https://www.donggu.go.kr/dg/kor/article/newsNotice","PARSER_UNSUPPORTED","SAEOL_GOSI","0","0","0","200","","","","3621"
"LGS-000073","대전광역시","중구","중구청","https://www.djjunggu.go.kr/bbs/BBSMSTR_000000000136/list.do","PASS","SPRING_BBS","10","10","0","200","","","배달음식점 및 살모넬라 우려 음식점 점검 계획 / 2026-07-08 / https://www.djjunggu.go.kr/bbs/BBSMSTR_000000000136/list.do#view | 식품안심업소(구 음식점 위생등급제) 지도서비스 개시 안내 / 2026-07-07 / https://www.djjunggu.go.kr/bbs/BBSMSTR_000000000136/list.do#view | 제357차 안전점검의 날 캠페인 실시 / 2026-07-06 / https://www.djjunggu.go.kr/bbs/BBSMSTR_000000000136/list.do#view","1060"
"LGS-000074","대전광역시","서구","서구청","https://www.seogu.go.kr/bbs/BBSMSTR_000000000275/list.do","PASS","SPRING_BBS","21","18","3","200","","","빗물받이.jpg / 2026-07-09 / https://www.seogu.go.kr/cmm/fms/FileDown.do?atchFileId=FILE_000000043467Cq4&fileSn=0 | ZIP 파일다운로드 / 2026-06-25 / https://www.seogu.go.kr/bbs/BBSMSTR_000000000275/list.do#zipDownload | ZIP 파일다운로드 / 2026-06-25 / https://www.seogu.go.kr/bbs/BBSMSTR_000000000275/list.do#zipDownload","1165"
"LGS-000075","대전광역시","유성구","유성구청","https://www.yuseong.go.kr/bbs/BBSMSTR_000000000099/list.do","PASS","SPRING_BBS","10","10","0","200","","","2026년 공동주택 공동체 활성화 시설 지원사업 추가공모(2차) / 2026-07-10 / https://www.yuseong.go.kr/bbs/BBSMSTR_000000000099/list.do#view | 2026년 공동주택 공동체 활성화 시설 지원사업 추가공모(2차) / 2026-07-10 / https://www.yuseong.go.kr/bbs/BBSMSTR_000000000099/list.do#view | 음식물쓰레기 공공처리시설 공사에 따른 협조요청 안내 / 2026-07-09 / https://www.yuseong.go.kr/bbs/BBSMSTR_000000000099/list.do#view","1180"
"LGS-000076","대전광역시","대덕구","대덕구청","http://www.daedeok.go.kr/dpt/dpt04/DPT040101_cmmBoardList.do","PASS","SPRING_BBS","10","10","0","200","","","2026-07-10 | 전지환 | 대덕구 신청사 건립 신축비용 공개 대덕구 신청사 건립 신축비용 공개 / 2026-07-10 / https://www.daedeok.go.kr/dpt/dpt04/DPT040101_cmmBoardView.do?boardId=DPT_000011&pageIndex=1&ntatcSeq=1106554624 | 2026-07-06 | 정현순 | 2026년 소규모 노후 건축물 안전점검 신청 안내 2026년 소규모 노후 건축물 안전점검 신청 안내 / 2026-07-06 / https://www.daedeok.go.kr/dpt/dpt04/DPT040101_cmmBoardView.do?boardId=DPT_000011&pageIndex=1&ntatcSeq=1106472851 | 2026-07-02 | 손지우 | 2026년 상반기 대덕사랑상품권 운영자금 및 관리현황 공개 2026년 상반기 대덕사랑상품권 운영자금 및 관리현황 공개 / 2026-07-02 / https://www.daedeok.go.kr/dpt/dpt04/DPT040101_cmmBoardView.do?boardId=DPT_000011&pageIndex=1&ntatcSeq=1106410183","441"
"LGS-000077","울산광역시","울산광역시","울산광역시청","https://www.ulsan.go.kr/u/rep/bbs/list.ulsan?bbsId=BBS_0000000000000003&mId=001004001001000000","PASS","SPRING_BBS","10","10","0","200","","","「2026년 사회연대경제 청년 일경험 시범사업」참여기업 2차 추가 모.. / 2026-07-09 / https://www.ulsan.go.kr/u/rep/bbs/view.do?mId=001004001001000000&bbsId=BBS_0000000000000003&dataId=182305 | 시민과 함께 만드는 2028울산국제정원박람회 '시민과의 대화' 참석 .. / 2026-07-07 / https://www.ulsan.go.kr/u/rep/bbs/view.do?mId=001004001001000000&bbsId=BBS_0000000000000003&dataId=182259 | 2026년 울산도시공사 신입직원(보훈) 채용공고 / 2026-07-07 / https://www.ulsan.go.kr/u/rep/bbs/view.do?mId=001004001001000000&bbsId=BBS_0000000000000003&dataId=182255","1390"
"LGS-000078","울산광역시","중구","중구청","https://www.junggu.ulsan.kr/board/view.ulsan?boardId=BBS_0000057&contentsSid=1&paging=ok&startPage=1&dataSid=707524&menuCd=DOM_000000102003001000","PARSER_UNSUPPORTED","SAEOL_GOSI","0","0","0","200","","","","421"
"LGS-000079","울산광역시","남구","남구청","http://www.ulsannamgu.go.kr/cop/bbs/selectBoardList.do?bbsId=namguNews","PASS","HEURISTIC_NOTICE","10","10","0","200","","","구립도서관 6월 카드뉴스 홍보 / 2026-07-08 / https://www.ulsannamgu.go.kr/cop/bbs/selectBoardArticle.do?bbsId=namguNews&nttId=525583 | 겸직허가 현황통계 및 겸직실태 조사결과 조치현황 공개(2025.12.31. 기준) / 2026-07-08 / https://www.ulsannamgu.go.kr/cop/bbs/selectBoardArticle.do?bbsId=namguNews&nttId=525582 | 정보통신설비 유지보수 제도 2단계 대상 계도기간 부여 안내 / 2026-07-07 / https://www.ulsannamgu.go.kr/cop/bbs/selectBoardArticle.do?bbsId=namguNews&nttId=525368","5294"
"LGS-000080","울산광역시","동구","동구청","https://www.donggu.ulsan.kr/cop/bbs/selectBoardList.do?bbsId=BBSMSTR_000000000323","PASS","HEURISTIC_NOTICE","10","10","0","200","","","소나무류 무단이동 금지 안내 / 2026-07-09 / https://www.donggu.ulsan.kr/cop/bbs/selectBoardArticle.do?bbsId=BBSMSTR_000000000323&nttId=211220 | 공공체육시설(동구국민체육센터) 기간제근로자 1차 서류전형 합격자 및 면접전형 시행공고 알림 / 2026-07-09 / https://www.donggu.ulsan.kr/cop/bbs/selectBoardArticle.do?bbsId=BBSMSTR_000000000323&nttId=211209 | 공공체육시설(동구국민체육센터) 기간제근로자(헬스강사) 채용공고 알림 / 2026-07-08 / https://www.donggu.ulsan.kr/cop/bbs/selectBoardArticle.do?bbsId=BBSMSTR_000000000323&nttId=211194","2494"
"LGS-000081","울산광역시","북구","북구청","http://www.bukgu.ulsan.kr/lay1/bbs/S1T62C83/A/1/list.do","PASS","SAEOL_GOSI","10","10","0","200","","","「2026 울산 지역사회 문제 해결을 위한 아이디어 공모전」 홍보 / 2026-07-10 / https://www.bukgu.ulsan.kr/lay1/bbs/S1T62C83/A/1/view.do?article_seq=313745&cpage=1&rows=10&condition=&keyword= | 제주4·3사건 가족관계등록부 작성(정정) 등의 결정과 관련한 신청사실 통지 공시송달 공고 / 2026-07-10 / https://www.bukgu.ulsan.kr/lay1/bbs/S1T62C83/A/1/view.do?article_seq=313744&cpage=1&rows=10&condition=&keyword= | 2026년 정부혁신 유공 정부포상 후보자 공모 안내 / 2026-07-09 / https://www.bukgu.ulsan.kr/lay1/bbs/S1T62C83/A/1/view.do?article_seq=313729&cpage=1&rows=10&condition=&keyword=","1690"
"LGS-000082","울산광역시","울주군","울주군청","https://www.ulju.ulsan.kr/ulju/bbs/list.do?ptIdx=145&mId=0404010000","PARSER_UNSUPPORTED","HEURISTIC_NOTICE","0","0","0","200","","","","469"
"LGS-000083","세종특별자치시","세종특별자치시","세종특별자치시청","http://www.sejong.go.kr/bbs/R0071/list.do","PASS","SPRING_BBS","13","13","0","200","","","시정 5기 읍면동 초도순방 주민과의 대화 참여 안내 / 2026-07-10 / https://www.sejong.go.kr:443/bbs/R0071/view.do?nttId=B000000157518Yo3wO9v&mno=sub02_01&cmsNoStr=&kind=&pageIndex=1 | 지방세 환급금 신청하세요~! / 2026-06-30 / https://www.sejong.go.kr:443/bbs/R0071/view.do?nttId=B000000156670Ol7vD8j&mno=sub02_01&cmsNoStr=&kind=&pageIndex=1 | 제5대 세종특별자치시장직 인수위원회 운영 안내 / 2026-06-10 / https://www.sejong.go.kr:443/bbs/R0071/view.do?nttId=B000000155280Ng8zL8d&mno=sub02_01&cmsNoStr=&kind=&pageIndex=1","319"
"LGS-000084","경기도","경기도","경기도청","https://gnews.gg.go.kr/briefing/brief_gongbo.do","PASS","HEURISTIC_NOTICE","10","10","0","200","","","7월10일 폭염일일상황보고(17시기준) / 2026-07-10 / https://gnews.gg.go.kr/briefing/brief_gongbo_view.do;jsessionid=F8F5152A9976DD236B24C2447481FC6F.ajp13?BS_CODE=s017&number=70905&period_1=&period_2=&search=0&keyword=&subject_Code=BO01&page=1 | 경기도주식회사-경기도자원봉사센터, ‘선한 영향력 확대를 위한 업무협약’ 체결 / 2026-07-10 / https://gnews.gg.go.kr/briefing/brief_gongbo_view.do;jsessionid=F8F5152A9976DD236B24C2447481FC6F.ajp13?BS_CODE=s017&number=70901&period_1=&period_2=&search=0&keyword=&subject_Code=BO01&page=1 | 경기도서관, 14일 ‘경기인문살롱’서 박영범 전 농림축산식품부 차관 경제학 강연 / 2026-07-10 / https://gnews.gg.go.kr/briefing/brief_gongbo_view.do;jsessionid=F8F5152A9976DD236B24C2447481FC6F.ajp13?BS_CODE=s017&number=70884&period_1=&period_2=&search=0&keyword=&subject_Code=BO01&page=1","475"
"LGS-000085","경기도","수원시","수원시청","http://www.suwon.go.kr/web/board/BD_board.list.do?bbsCd=1042","PARSER_UNSUPPORTED","HEURISTIC_NOTICE","0","0","0","200","","","","610"
"LGS-000086","경기도","용인시","용인시청","http://www.yongin.go.kr/user/bbs/BD_selectBbsList.do?q_bbsCode=1001&q_clCode=1","PASS","SPRING_BBS","10","10","0","200","","","7월은 재산세(주택1/2, 건축물) 납부의 달입니다. / 2026-07-10 / http://www.yongin.go.kr/user/bbs/BD_selectBbs.do?q_bbsCode=1001&q_clCode=1&q_bbscttSn=20260710101742902 | 「2026년 현대백화점 사회적경제조직 팝업행사」 참여기업 모집 안내 / 2026-07-10 / http://www.yongin.go.kr/user/bbs/BD_selectBbs.do?q_bbsCode=1001&q_clCode=1&q_bbscttSn=20260710095522862 | [상하수도] 2026년 2분기 용인시 상수도사업소 안전보건 관련 투자실적 공시 / 2026-07-09 / http://www.yongin.go.kr/user/bbs/BD_selectBbs.do?q_bbsCode=1015&q_clCode=1&q_bbscttSn=20260709162642014","1389"
"LGS-000087","경기도","고양시","고양시청","https://www.goyang.go.kr/www/user/bbs/BD_selectBbsList.do?q_bbsCode=1030","PARSER_UNSUPPORTED","HEURISTIC_NOTICE","0","0","0","200","","","","632"
"LGS-000088","경기도","화성시","화성시청","http://www.hscity.go.kr/www/user/bbs/BD_selectBbsList.do?q_bbsCode=1019","PASS","SAEOL_GOSI","10","10","0","200","","","2026년 학교체육시설 사용료 지원 신청 안내[2분기] / 2026-07-10 / https://www.hscity.go.kr/www/user/bbs/BD_selectBbs.do?q_bbsCode=1019&q_bbscttSn=20260710151733652 | 김포 「한강 푸르지오 리버프론트」 장애인 특별공급 안내 / 2026-07-08 / https://www.hscity.go.kr/www/user/bbs/BD_selectBbs.do?q_bbsCode=1019&q_bbscttSn=20260708201113532 | 2026년 제1차 화성시수어통역센터 수어통역사(사무국장급) 채용공고 / 2026-07-08 / https://www.hscity.go.kr/www/user/bbs/BD_selectBbs.do?q_bbsCode=1019&q_bbscttSn=20260708130018237","1329"
"LGS-000089","경기도","성남시","성남시청","http://www.seongnam.go.kr/city/1000052/30001/bbsList.do","PARSER_UNSUPPORTED","SAEOL_GOSI","0","0","0","200","","","","74"
"LGS-000090","경기도","부천시","부천시청","https://www.bucheon.go.kr/site/program/board/basicboard/list?boardtypeid=26736&menuid=148002001001","PASS","SPRING_BBS","20","20","0","200","","","2026년 7월 반상회보 / 2026-07-10 / https://www.bucheon.go.kr/site/program/board/basicboard/view?menuid=148002001001&pagesize=20&boardtypeid=26736&encid=Vq0qNFPPu4WE2k6wfvA1Yg== | 부천원종 C1블록(원종휴튼3단지) 행복주택(일자리연계형 지원주택) 입주자 추가모집 안내 / 2026-07-09 / https://www.bucheon.go.kr/site/program/board/basicboard/view?menuid=148002001001&pagesize=20&boardtypeid=26736&encid=GvIs3KBtkxAUG6sxBT/0Dw== | 2027년 유기질비료 지원사업 신청기간 연장 안내 / 2026-07-09 / https://www.bucheon.go.kr/site/program/board/basicboard/view?menuid=148002001001&pagesize=20&boardtypeid=26736&encid=VB7fOwbyVAvsyHi9CFIsug==","677"
"LGS-000091","경기도","남양주시","남양주시청","https://www.nyj.go.kr/www/selectBbsNttList.do?key=2481&bbsNo=62","PASS","SAEOL_GOSI","11","11","0","200","","","정약용유적지 기념관 한시적 관람제한 안내 / 2026-04-23 / https://www.nyj.go.kr/www/selectBbsNttView.do?key=2481&bbsNo=62&nttNo=531572&pageUnit=10&pageIndex=1&searchCnd=all | 2026년 주민등록 사실조사 실시 안내 / 2026-07-10 / https://www.nyj.go.kr/www/selectBbsNttView.do?key=2481&bbsNo=62&nttNo=544836&pageUnit=10&pageIndex=1&searchCnd=all | 2026년 7월 9~10일 호우 대처 결과 보고입니다. / 2026-07-10 / https://www.nyj.go.kr/www/selectBbsNttView.do?key=2481&bbsNo=62&nttNo=544826&pageUnit=10&pageIndex=1&searchCnd=all","1157"
"LGS-000092","경기도","안산시","안산시청","https://www.ansan.go.kr/www/common/bbs/selectPageListBbs.do?bbs_code=B0214","FAILED","","0","0","0","","NETWORK_ERROR","request timed out","","15003"
"LGS-000093","경기도","평택시","평택시청","http://www.pyeongtaek.go.kr/pyeongtaek/bbs/list.do?ptIdx=41&mId=0401010000","FAILED","","0","0","0","","NETWORK_ERROR","HTTP/1.1 header parser received no bytes","","87"
"LGS-000094","경기도","안양시","안양시청","http://www.anyang.go.kr/main/selectBbsNttList.do?bbsNo=62&key=259","FAILED","","0","0","0","","NETWORK_ERROR","Remote host terminated the handshake","","120"
"LGS-000095","경기도","시흥시","시흥시청","http://www.siheung.go.kr/main/bbs/list.do?ptIdx=46&mId=0401010000","PARSER_UNSUPPORTED","HEURISTIC_NOTICE","0","0","0","200","","","","648"
"LGS-000096","경기도","파주시","파주시청","http://www.paju.go.kr/user/board/BD_board.list.do?bbsCd=2001","PARSER_UNSUPPORTED","SAEOL_GOSI","0","0","0","200","","","","951"
"LGS-000097","경기도","김포시","김포시청","https://www.gimpo.go.kr/portal/selectBbsNttList.do?bbsNo=292&key=999","PASS","SPRING_BBS","14","14","0","200","","","김포시청사 전체 정전 안내 [2026.7.11.（토） 09:00 ~ 13:00] / 2026-06-29 / https://www.gimpo.go.kr/portal/selectBbsNttView.do?key=999&bbsNo=292&searchCnd=all&deleteAt=N&pageUnit=10&pageIndex=1&nttNo=979823 | 종량제봉투 판매소별 입고 현황 안내 / 2026-05-18 / https://www.gimpo.go.kr/portal/selectBbsNttView.do?key=999&bbsNo=292&searchCnd=all&deleteAt=N&pageUnit=10&pageIndex=1&nttNo=975055 | 고유가 피해지원금 사용처 스티커 파일 게시 / 2026-04-28 / https://www.gimpo.go.kr/portal/selectBbsNttView.do?key=999&bbsNo=292&searchCnd=all&deleteAt=N&pageUnit=10&pageIndex=1&nttNo=971641","248"
"LGS-000098","경기도","의정부시","의정부시청","http://www.ui4u.go.kr/portal/bbs/list.do?ptIdx=35&mId=0301010000","PARSER_UNSUPPORTED","HEURISTIC_NOTICE","0","0","0","200","","","","9132"
"LGS-000099","경기도","광주시","광주시청","http://www.gjcity.go.kr/portal/bbs/list.do?ptIdx=1&mId=0201010000","PARSER_UNSUPPORTED","HEURISTIC_NOTICE","0","0","0","200","","","","378"
"LGS-000100","경기도","하남시","하남시청","http://www.hanam.go.kr/www/selectBbsNttList.do?bbsNo=30&key=170","PASS","SPRING_BBS","10","10","0","200","","","2026년 하남시 「청년재정상담소」 하반기 참여자 모집새글 / 2026-07-10 / https://www.hanam.go.kr/www/selectBbsNttView.do?key=170&bbsNo=30&nttNo=500662&searchCtgry=&searchCnd=all&searchKrwd=&pageIndex=1&integrDeptCode=&selectPageUnit= | 경기도 사회연대경제 청년 일경험 시범사업 참여기업 모집 안내새글 / 2026-07-09 / https://www.hanam.go.kr/www/selectBbsNttView.do?key=170&bbsNo=30&nttNo=500633&searchCtgry=&searchCnd=all&searchKrwd=&pageIndex=1&integrDeptCode=&selectPageUnit= | 「일상 속 불필요한 플라스틱 및 재활용 걸림돌 개선」국민 제안 공모전 알림새글 / 2026-07-08 / https://www.hanam.go.kr/www/selectBbsNttView.do?key=170&bbsNo=30&nttNo=500578&searchCtgry=&searchCnd=all&searchKrwd=&pageIndex=1&integrDeptCode=&selectPageUnit=","1252"
"LGS-000101","경기도","양주시","양주시청","http://www.yangju.go.kr/www/selectBbsNttList.do?bbsNo=13&key=202","PASS","SPRING_BBS","13","13","0","200","","","양주시보건소 7월 「여름방학 가족 걷기챌린지」 참여자 모집 새글 / 2026-07-08 / http://www.yangju.go.kr/www/selectBbsNttView.do?key=202&bbsNo=13&nttNo=206275&searchCtgry=&searchCnd=all&searchKrwd=&pageIndex=1&integrDeptCode= | 2026-2027절기 인플루엔자 및 코로나19 예방접종 위탁계약 체결 안내 / 2026-07-06 / http://www.yangju.go.kr/www/selectBbsNttView.do?key=202&bbsNo=13&nttNo=206202&searchCtgry=&searchCnd=all&searchKrwd=&pageIndex=1&integrDeptCode= | 2026년 군소음 피해 보상금 이의신청 안내 / 2026-05-19 / http://www.yangju.go.kr/www/selectBbsNttView.do?key=202&bbsNo=13&nttNo=204739&searchCtgry=&searchCnd=all&searchKrwd=&pageIndex=1&integrDeptCode=","771"
"LGS-000102","경기도","광명시","광명시청","http://www.gm.go.kr/pt/user/bbs/BD_selectBbsList.do?q_bbsCode=2032","PASS","SPRING_BBS","10","10","0","200","","","디지털혁신교육센터 여름방학 특강 <반짝반짝 메이커-코딩과 회로> 참가자 모집 / 2026-07-10 / http://www.gm.go.kr/pt/user/bbs/BD_selectBbs.do?q_bbsCode=2032&q_bbscttSn=20260710134231870 | 광명체력인증센터 체력측정사 채용 공고 / 2026-07-09 / http://www.gm.go.kr/pt/user/bbs/BD_selectBbs.do?q_bbsCode=2032&q_bbscttSn=20260709141803425 | 광명시민체육관 어린이 물놀이장 휴장 안내입니다.(7월 9일) / 2026-07-09 / http://www.gm.go.kr/pt/user/bbs/BD_selectBbs.do?q_bbsCode=2032&q_bbscttSn=20260709121452504","2612"
"LGS-000103","경기도","군포시","군포시청","http://www.gunpo.go.kr/www/selectBbsNttList.do?bbsNo=675&key=3890","PASS","HEURISTIC_NOTICE","10","10","0","200","","","「2026년 3기 군포시 AI·디지털 정보화교육」수강생 모집 안내 / 2026-07-09 / https://www.gunpo.go.kr/www/selectBbsNttView.do?key=3890&bbsNo=675&nttNo=321785&searchCtgry=&searchCnd=all&searchKrwd=&pageIndex=1&integrDeptCode= | 2026년 경기도 사회연대경제 청년 일경험 시범사업 참여기업 모집 안내 / 2026-07-09 / https://www.gunpo.go.kr/www/selectBbsNttView.do?key=3890&bbsNo=675&nttNo=321804&searchCtgry=&searchCnd=all&searchKrwd=&pageIndex=1&integrDeptCode= | 2026년 제헌절(7월17일) 생활폐기물 배출자제 안내 / 2026-07-09 / https://www.gunpo.go.kr/www/selectBbsNttView.do?key=3890&bbsNo=675&nttNo=321803&searchCtgry=&searchCnd=all&searchKrwd=&pageIndex=1&integrDeptCode=","1049"
"LGS-000104","경기도","오산시","오산시청","https://www.osan.go.kr/portal/saeol/gosi/list.do?mId=0302010000","PARSER_UNSUPPORTED","HEURISTIC_NOTICE","0","0","0","200","","","","333"
"LGS-000105","경기도","이천시","이천시청","https://www.icheon.go.kr/portal/board/post/list.do?bcIdx=698&mid=0401010000&token=1717053488493","PARSER_UNSUPPORTED","HEURISTIC_NOTICE","0","0","0","200","","","","345"
"LGS-000106","경기도","안성시","안성시청","https://www.anseong.go.kr/portal/bbs/list.do?ptIdx=16&mId=0501010000&token=1719299868283","PARSER_UNSUPPORTED","HEURISTIC_NOTICE","0","0","0","200","","","","7614"
"LGS-000107","경기도","구리시","구리시청","https://www.guri.go.kr/www/selectBbsNttList.do?bbsNo=36&key=380","PASS","SPRING_BBS","10","10","0","200","","","부천 「소사본1-1구역(가칭)」장애인 특별공급 안내 / 2026-07-10 / https://www.guri.go.kr/www/selectBbsNttView.do?key=380&bbsNo=36&nttNo=145616&searchCtgry=&searchCnd=all&searchKrwd=&integrDeptCode=&pageIndex=1 | 2026. 7. 9.(목) 물놀이장 휴장 안내 / 2026-07-09 / https://www.guri.go.kr/www/selectBbsNttView.do?key=380&bbsNo=36&nttNo=145539&searchCtgry=&searchCnd=all&searchKrwd=&integrDeptCode=&pageIndex=1 | 김포 「한강 푸르지오 리버프론트」장애인 특별공급 안내 / 2026-07-09 / https://www.guri.go.kr/www/selectBbsNttView.do?key=380&bbsNo=36&nttNo=145538&searchCtgry=&searchCnd=all&searchKrwd=&integrDeptCode=&pageIndex=1","392"
"LGS-000108","경기도","포천시","포천시청","http://www.pocheon.go.kr/www/selectBbsNttList.do?bbsNo=18&key=3095&","FAILED","","0","0","0","","NETWORK_ERROR","HTTP/1.1 header parser received no bytes","","106"
"LGS-000109","경기도","의왕시","의왕시청","http://www.uiwang.go.kr/UWKORINFO0101","PASS","SPRING_BBS","20","20","0","200","","","▶2026년 경기도 사회연대경제 청년 일경험 시범사업 참여기업 모집 안내◀첨부파일 / 2026-07-10 / https://www.uiwang.go.kr/UWKORINFO0101/7002869/?curPage=1 | ""옴부즈만과 납세자보호관이 함께하는 현장 민원 상담"" 안내첨부파일 / 2026-07-07 / https://www.uiwang.go.kr/UWKORINFO0101/6998180/?curPage=1 | ★의왕시일자리센터 「일반경비원·건설업 기초안전보건 교육(2기)」 교육생 모집 안내★첨부파일 / 2026-07-03 / https://www.uiwang.go.kr/UWKORINFO0101/7002563/?curPage=1","446"
"LGS-000110","경기도","양평군","양평군청","https://www.yp21.go.kr/www/selectBbsNttList.do?bbsNo=1&key=1111","PASS","HEURISTIC_NOTICE","10","10","0","200","","","2026년 양평 매력캠퍼스 「2026년 평생교육 강사학교」참여자 모집 새글 / 2026-07-10 / https://www.yp21.go.kr/www/selectBbsNttView.do?key=1111&bbsNo=1&nttNo=309789&searchCtgry=&searchCnd=all&searchKrwd=&pageIndex=1&integrDeptCode= | 제2회 양평 외래어종퇴치 낚시대회 안내 / 2026-07-09 / https://www.yp21.go.kr/www/selectBbsNttView.do?key=1111&bbsNo=1&nttNo=309745&searchCtgry=&searchCnd=all&searchKrwd=&pageIndex=1&integrDeptCode= | 2026 양평군 장애인 가족 스포츠캠프 참가자 모집 / 2026-07-09 / https://www.yp21.go.kr/www/selectBbsNttView.do?key=1111&bbsNo=1&nttNo=309724&searchCtgry=&searchCnd=all&searchKrwd=&pageIndex=1&integrDeptCode=","402"
"LGS-000111","경기도","여주시","여주시청","https://www.yeoju.go.kr/www/selectBbsNttList.do?bbsNo=44&key=409","PASS","SPRING_BBS","15","15","0","200","","","<2026년 현대백화점 사회적경제조직 팝업행사> 참여기업 모집 공고 새글 / 2026-07-10 / https://www.yeoju.go.kr/www/selectBbsNttView.do?key=409&bbsNo=44&nttNo=90425&searchCtgry=&searchCnd=all&searchKrwd=&integrDeptCode=&pageIndex=1 | 2026년 경기도 사회연대경제 청년 일경험 시범사업 참여기업 모집 공고 새글 / 2026-07-09 / https://www.yeoju.go.kr/www/selectBbsNttView.do?key=409&bbsNo=44&nttNo=90414&searchCtgry=&searchCnd=all&searchKrwd=&integrDeptCode=&pageIndex=1 | (사)여주시자원봉사센터 사무국장 공개채용 재공고 새글 / 2026-07-08 / https://www.yeoju.go.kr/www/selectBbsNttView.do?key=409&bbsNo=44&nttNo=90384&searchCtgry=&searchCnd=all&searchKrwd=&integrDeptCode=&pageIndex=1","1707"
"LGS-000112","경기도","동두천시","동두천시청","http://www.ddc.go.kr/ddc/selectBbsNttList.do?bbsNo=24&key=104","PASS","SPRING_BBS","10","10","0","200","","","제3차 아동정책기본계획 아동용 안내서 / 2026-07-10 / http://www.ddc.go.kr/ddc/selectBbsNttView.do?key=104&bbsNo=24&nttNo=158260&searchCtgry=&searchCnd=all&searchKrwd=&pageIndex=1&integrDeptCode= | 청소년 출입·고용 금지업소 불법행위 집중단속 안내 / 2026-07-10 / http://www.ddc.go.kr/ddc/selectBbsNttView.do?key=104&bbsNo=24&nttNo=158257&searchCtgry=&searchCnd=all&searchKrwd=&pageIndex=1&integrDeptCode= | 2026년 심폐소생술 교육 참가자 모집 안내(하반기) / 2026-07-10 / http://www.ddc.go.kr/ddc/selectBbsNttView.do?key=104&bbsNo=24&nttNo=158251&searchCtgry=&searchCnd=all&searchKrwd=&pageIndex=1&integrDeptCode=","967"
"LGS-000113","경기도","과천시","과천시청","https://www.gccity.go.kr/portal/bbs/list.do?ptIdx=111&mId=0301010000","PARSER_UNSUPPORTED","HEURISTIC_NOTICE","0","0","0","200","","","","550"
"LGS-000114","경기도","가평군","가평군청","http://www.gp.go.kr/portal/selectBbsNttList.do?bbsNo=150&key=501","PASS","SPRING_BBS","20","20","0","200","","","2027년 식품산업 관련 지원사업 수요조사 / 2026-07-10 / http://www.gp.go.kr/portal/selectBbsNttView.do?key=501&bbsNo=150&nttNo=285649&searchCtgry=&searchCnd=all&searchKrwd=&pageIndex=1&integrDeptCode= | 상하수도요금 사이버창구 일시 중지 안내 / 2026-07-10 / http://www.gp.go.kr/portal/selectBbsNttView.do?key=501&bbsNo=150&nttNo=285625&searchCtgry=&searchCnd=all&searchKrwd=&pageIndex=1&integrDeptCode= | 심폐소생술 교육 사전 신청 안내 / 2026-07-09 / http://www.gp.go.kr/portal/selectBbsNttView.do?key=501&bbsNo=150&nttNo=285571&searchCtgry=&searchCnd=all&searchKrwd=&pageIndex=1&integrDeptCode=","709"
"LGS-000115","경기도","연천군","연천군청","https://www.yeoncheon.go.kr/www/selectBbsNttList.do?bbsNo=8&key=3386","PASS","SAEOL_GOSI","10","10","0","200","","","제16회 지방행정의 달인 후보자 공개검증 새글 / 2026-07-09 / https://www.yeoncheon.go.kr/www/selectBbsNttView.do?key=3386&id=&bbsNo=8&nttNo=107444&searchCtgry=&searchCnd=all&searchKrwd=&pageIndex=1&&frstRegisterPnttmSdt=&frstRegisterPnttmEdt=&searchDeleteAt=N&integrDeptCode=&searchDeptCode= | 「외국인 숙련기능인력(E-7-4), 지역특화(E-7-4R)」리플렛 및 포스터 배부 새글 / 2026-07-08 / https://www.yeoncheon.go.kr/www/selectBbsNttView.do?key=3386&id=&bbsNo=8&nttNo=107423&searchCtgry=&searchCnd=all&searchKrwd=&pageIndex=1&&frstRegisterPnttmSdt=&frstRegisterPnttmEdt=&searchDeleteAt=N&integrDeptCode=&searchDeptCode= | 2026년 하반기 관광진흥개발기금 융자지원 지침 안내 / 2026-07-06 / https://www.yeoncheon.go.kr/www/selectBbsNttView.do?key=3386&id=&bbsNo=8&nttNo=107329&searchCtgry=&searchCnd=all&searchKrwd=&pageIndex=1&&frstRegisterPnttmSdt=&frstRegisterPnttmEdt=&searchDeleteAt=N&integrDeptCode=&searchDeptCode=","434"
"LGS-000116","강원특별자치도","강원특별자치도","강원특별자치도청","https://state.gwd.go.kr/portal/bulletin/notice","PARTIAL","SPRING_BBS","15","2","13","200","","","강원특별자치도보건환경연구원 감염병자료실(2026년 27주차, 06.28.~07.04) 배포 / 2026-06-28 / https://state.gwd.go.kr/portal/bulletin/notice#nolink | 강원특별자치도보건환경연구원 감염병자료실(2026년 26주차, 06.21.~06.27.) 배포 / 2026-06-21 / https://state.gwd.go.kr/portal/bulletin/notice#nolink","348"
"LGS-000117","강원특별자치도","춘천시","춘천시청","https://www.chuncheon.go.kr/cityhall/administrative-info/notice-info/notice-announcement/","PARSER_UNSUPPORTED","SAEOL_GOSI","0","0","0","200","","","","727"
"LGS-000118","강원특별자치도","원주시","원주시청","http://www.wonju.go.kr/www/selectBbsNttList.do?bbsNo=1&key=211","PASS","SAEOL_GOSI","10","10","0","200","","","[2026년 새일여성인턴제 참가 모집 공고] / 2026-07-10 / https://www.wonju.go.kr/www/selectBbsNttView.do?key=211&bbsNo=1&nttNo=487700&searchCtgry=&searchCnd=all&searchKrwd=&pageIndex=1&integrDeptCode= | 2026년 제1회 원주시 정비사업 통합심의위원회（건축·경관·교통·도시계획） 회의 결과 （제2026-01호） / 2026-07-10 / https://www.wonju.go.kr/www/selectBbsNttView.do?key=211&bbsNo=1&nttNo=487673&searchCtgry=&searchCnd=all&searchKrwd=&pageIndex=1&integrDeptCode= | 7월은 재산세(주택·건축물) 납부의 달입니다 / 2026-07-09 / https://www.wonju.go.kr/www/selectBbsNttView.do?key=211&bbsNo=1&nttNo=487627&searchCtgry=&searchCnd=all&searchKrwd=&pageIndex=1&integrDeptCode=","759"
"LGS-000119","강원특별자치도","강릉시","강릉시청","http://www.gn.go.kr/www/selectBbsNttList.do?bbsNo=12&key=258","PASS","SPRING_BBS","10","10","0","200","","","「명주남문동 자율상권 상권활성화사업」 추진을 위한 제안서 평가위원(후보자) 공개 모집공고 / 2026-07-10 / http://www.gn.go.kr/www/selectBbsNttView.do?key=258&bbsNo=12&nttNo=212197&searchCtgry=&searchCnd=all&searchKrwd=&pageIndex=1&integrDeptCode= | 제3회 강릉 버스킹 전국대회 개최 안내 / 2026-07-08 / http://www.gn.go.kr/www/selectBbsNttView.do?key=258&bbsNo=12&nttNo=212097&searchCtgry=&searchCnd=all&searchKrwd=&pageIndex=1&integrDeptCode= | 「2026 강릉시 중소기업 해외 라이브커머스 지원사업」2차 참가기업 모집 공고 / 2026-07-07 / http://www.gn.go.kr/www/selectBbsNttView.do?key=258&bbsNo=12&nttNo=212020&searchCtgry=&searchCnd=all&searchKrwd=&pageIndex=1&integrDeptCode=","321"
"LGS-000120","강원특별자치도","동해시","동해시청","https://www.dh.go.kr/www/selectBbsNttList.do?bbsNo=87&key=478","FAILED","","0","0","0","","NETWORK_ERROR","Remote host terminated the handshake","","131"
"LGS-000121","강원특별자치도","태백시","태백시청","http://www.taebaek.go.kr/www/selectBbsNttList.do?bbsNo=24&key=351","PASS","SPRING_BBS","10","10","0","200","","","2026년 태백시 시민안전보험 안내 / 2026-07-10 / http://www.taebaek.go.kr/www/selectBbsNttView.do?key=351&bbsNo=24&nttNo=182405&searchCtgry=&searchCnd=all&searchKrwd=&pageIndex=1&integrDeptCode= | 강원특별자치도 공동주택관리규약 준칙 일부개정(15차) 안내 / 2026-07-10 / http://www.taebaek.go.kr/www/selectBbsNttView.do?key=351&bbsNo=24&nttNo=182385&searchCtgry=&searchCnd=all&searchKrwd=&pageIndex=1&integrDeptCode= | 석면해체·제거 사업장의 석면 비산 측정 결과 알림 / 2026-07-10 / http://www.taebaek.go.kr/www/selectBbsNttView.do?key=351&bbsNo=24&nttNo=182361&searchCtgry=&searchCnd=all&searchKrwd=&pageIndex=1&integrDeptCode=","323"
"LGS-000122","강원특별자치도","속초시","속초시청","https://www.sokcho.go.kr/sc/portal/sokchonews/notice","FAILED","","0","0","0","","NETWORK_ERROR","Remote host terminated the handshake","","276"
"LGS-000123","강원특별자치도","삼척시","삼척시청","http://www.samcheok.go.kr/media/00083/00089.web","PASS","HEURISTIC_NOTICE","4","4","0","200","","","삼척시 공공하수처리시설 7월1주 방류수 수질농도 현황 안내 삼척시 공공하수처리시설 방류수 수질농도 현황 ○대상: 6개 공공하수처리장 방류수 수질 ... 2026-07-07 하수도사업소 조회수 : 45 / 2026-07-07 / https://www.samcheok.go.kr/media/00083/00089.web?gcode=1002&idx=141515&amode=view& | 2026년 4회 자살유족모임 ""마음잇길"" 신청 안내 자세한 사항은 첨부된 안내문을 참고하시기 바랍니다 2026-07-06 건강증진과 조회수 : 83 / 2026-07-06 / https://www.samcheok.go.kr/media/00083/00089.web?gcode=1002&idx=141448&amode=view& | 췌장장애 카드뉴스 췌장장애 카드뉴스 2026-07-02 사회복지과 조회수 : 180 / 2026-07-02 / https://www.samcheok.go.kr/media/00083/00089.web?gcode=1002&idx=141381&amode=view&","412"
"LGS-000124","강원특별자치도","홍천군","홍천군청","https://www.hongcheon.go.kr/www/selectBbsNttList.do?bbsNo=1&key=255","PASS","SPRING_BBS","10","10","0","200","","","춘천 「리버뷰 아이파크」 장애인 기관추천 특별공급(일정변경) / 2026-07-05 / https://www.hongcheon.go.kr/www/selectBbsNttView.do?key=255&bbsNo=1&nttNo=142170&searchCtgry=&searchCnd=all&searchKrwd=&pageIndex=1 | 제3차 아동정책기본계획(2025~2029) 아동용 안내서 게시 / 2026-07-02 / https://www.hongcheon.go.kr/www/selectBbsNttView.do?key=255&bbsNo=1&nttNo=142084&searchCtgry=&searchCnd=all&searchKrwd=&pageIndex=1 | 홍천군청소년문화의집 청소년수련활동인증프로그램 '수어로 말하다 보소단' 참가자 모집 / 2026-07-01 / https://www.hongcheon.go.kr/www/selectBbsNttView.do?key=255&bbsNo=1&nttNo=141999&searchCtgry=&searchCnd=all&searchKrwd=&pageIndex=1","314"
"LGS-000125","강원특별자치도","횡성군","횡성군청","https://www.hsg.go.kr/www/selectBbsNttList.do?bbsNo=59&key=812&searchCtgry=%EB%8C%80%ED%91%9C&","PASS","SPRING_BBS","10","10","0","200","","","[대표] ＂나는 자연인이다＂ 개그맨 ＂이승윤＂ 특강 개최 알림 / 2026-07-09 / https://www.hsg.go.kr/www/selectBbsNttView.do;jsessionid=DE543B21C492BFE4CA0AA788E7413FF3?key=812&bbsNo=59&nttNo=422743&pageUnit=10&searchCtgry=%eb%8c%80%ed%91%9c&searchCnd=all | [대표] 횡성 은가람 물놀이장 임시 휴무 안내 / 2026-07-09 / https://www.hsg.go.kr/www/selectBbsNttView.do;jsessionid=DE543B21C492BFE4CA0AA788E7413FF3?key=812&bbsNo=59&nttNo=422734&pageUnit=10&searchCtgry=%eb%8c%80%ed%91%9c&searchCnd=all | [대표] 청태·태기산 생태관광 코디（Eco-Guide） 교육생 모집 / 2026-07-07 / https://www.hsg.go.kr/www/selectBbsNttView.do;jsessionid=DE543B21C492BFE4CA0AA788E7413FF3?key=812&bbsNo=59&nttNo=422656&pageUnit=10&searchCtgry=%eb%8c%80%ed%91%9c&searchCnd=all","930"
"LGS-000126","강원특별자치도","영월군","영월군청","http://www.yw.go.kr/www/selectBbsNttList.do?bbsNo=15&key=25","PASS","SPRING_BBS","10","10","0","200","","","주간계획(7.6.~7.12.) / 2026-07-03 / https://www.yw.go.kr/www/selectBbsNttView.do?key=25&bbsNo=15&nttNo=155298&searchCtgry=&searchCnd=all&searchKrwd=&pageIndex=1&integrDeptCode=&pageUnit=10 | 2026년 7월 휴일 및 저녁시간 운영 당번약국 안내입니다. / 2026-06-29 / https://www.yw.go.kr/www/selectBbsNttView.do?key=25&bbsNo=15&nttNo=155167&searchCtgry=&searchCnd=all&searchKrwd=&pageIndex=1&integrDeptCode=&pageUnit=10 | 주간계획(6.29.~7.5.) / 2026-06-26 / https://www.yw.go.kr/www/selectBbsNttView.do?key=25&bbsNo=15&nttNo=155083&searchCtgry=&searchCnd=all&searchKrwd=&pageIndex=1&integrDeptCode=&pageUnit=10","258"
"LGS-000127","강원특별자치도","평창군","평창군청","http://www.pc.go.kr/portal/government/government-news/government-news-agency","PASS","SPRING_BBS","15","15","0","200","","","[안전수칙] 여름 계곡 다슬기 채취가 생각보다 '더' 위험한 이유 / 2026-06-25 / https://www.pc.go.kr/portal/government/government-news/government-news-agency?articleSeq=328783 | '26년 여름철 재난·안전 집중신고제 운영('26.6.1.~'26.8.31.) / 2026-06-05 / https://www.pc.go.kr/portal/government/government-news/government-news-agency?articleSeq=328159 | 2027년 유기질비료 지원사업 신청 안내(연장) / 2026-07-01 / https://www.pc.go.kr/portal/government/government-news/government-news-agency?articleSeq=328023","660"
"LGS-000128","강원특별자치도","정선군","정선군청","http://www.jeongseon.go.kr/portal/openadmin/adminnews/notice","FAILED","","0","0","0","400","HTTP_ERROR","HTTP 400","","75"
"LGS-000129","강원특별자치도","철원군","철원군청","https://www.cwg.go.kr/www/selectBbsNttList.do?bbsNo=24&key=206","PASS","SAEOL_GOSI","10","10","0","200","","","철원종합문화복지센터 ""청소년 제과기능사(실기반)"" 참가자 모집 새글 / 2026-07-10 / https://www.cwg.go.kr/www/selectBbsNttView.do;CWG_JSESSIONID=9C846225172121D5340F804DAAAD5B0F?key=206&bbsNo=24&nttNo=283918&searchCtgry=&searchCnd=all&searchKrwd=&integrDeptCode=&pageIndex=1&pageUnit=10 | 2027년도 과수분야 보조사업(도,군비) 수요조사 실시 새글 / 2026-07-10 / https://www.cwg.go.kr/www/selectBbsNttView.do;CWG_JSESSIONID=9C846225172121D5340F804DAAAD5B0F?key=206&bbsNo=24&nttNo=283883&searchCtgry=&searchCnd=all&searchKrwd=&integrDeptCode=&pageIndex=1&pageUnit=10 | '26년 7월 3주차 군탄리 비행장 무인기 운용일정 안내 새글 / 2026-07-10 / https://www.cwg.go.kr/www/selectBbsNttView.do;CWG_JSESSIONID=9C846225172121D5340F804DAAAD5B0F?key=206&bbsNo=24&nttNo=283882&searchCtgry=&searchCnd=all&searchKrwd=&integrDeptCode=&pageIndex=1&pageUnit=10","506"
"LGS-000130","강원특별자치도","화천군","화천군청","http://www.ihc.go.kr/www/selectBbsNttList.do?bbsNo=11&key=2338","FAILED","","0","0","0","","NETWORK_ERROR","HTTP/1.1 header parser received no bytes","","109"
"LGS-000131","강원특별자치도","양구군","양구군청","https://www.yanggu.go.kr/user_sub?gfnc=www&mu_idx=225","PASS","SAEOL_GOSI","11","10","1","200","","","2026년 7월 반상회 홍보자료 안내 / 2026-07-09 / https://www.yanggu.go.kr/user_sub?gfnc=www&pg=1&bk=JWRNO260709181208362&mu_idx=225&bt=rd&pgsize=10&bcd=yanggu_news | 2026년 식품안심업소(음식점 위생등급제) 기술지원 사업 참여업소 모집 ... / 2026-07-09 / https://www.yanggu.go.kr/user_sub?gfnc=www&pg=1&bk=MOPEG260709163101445&mu_idx=225&bt=rd&pgsize=10&bcd=yanggu_news | 2026년 찾아가는 출장 건강검진 안내(7.22.수) / 2026-07-07 / https://www.yanggu.go.kr/user_sub?gfnc=www&pg=1&bk=NDVUN260707153250492&mu_idx=225&bt=rd&pgsize=10&bcd=yanggu_news","2810"
"LGS-000132","강원특별자치도","인제군","인제군청","https://www.inje.go.kr/portal/adm/notice","PASS","SPRING_BBS","20","20","0","200","","","[경희사이버대학교] 2026학년도 2학기 관학협력장학 신·편입생 1차 모집 안내(★~7/15 1차 모집 마감★ / 2026-07-09 / https://www.inje.go.kr/portal/adm/notice?articleSeq=251584 | 2026년 인제군평생학습 박람회 홍보체험ㆍ발표ㆍ전시 참가신청 공고 / 2026-07-06 / https://www.inje.go.kr/portal/adm/notice?articleSeq=251472 | [공지] 2026 강원 AI 에듀톤 참가팀 모집 안내 / 2026-07-06 / https://www.inje.go.kr/portal/adm/notice?articleSeq=251469","361"
"LGS-000133","강원특별자치도","고성군","고성군청","http://www.gwgs.go.kr/prog/bbsArticle/BBSMSTR_000000000412/list.do;jsessionid=06B856E72BB633499FEA49F8DCE9CC24","FAILED","","0","0","0","","NETWORK_ERROR","Remote host terminated the handshake","","200"
"LGS-000134","강원특별자치도","양양군","양양군청","https://www.yangyang.go.kr/gw/portal/yyc_news_notice","PASS","SPRING_BBS","15","15","0","200","","","[보건정책과]속초의료원 응급의료센터 휴무일 안내(정정) / 2026-06-18 / https://www.yangyang.go.kr/gw/portal/yyc_news_notice#a | [스마트교통과]양양국제공항 무료셔틀버스 운행(변경) 안내(2026. 7. 1.~12. 31.) / 2026-01-12 / https://www.yangyang.go.kr/gw/portal/yyc_news_notice#a | [경제에너지과]양양군 물가동향 - 2026.07.10.기준 / 2026-07-10 / https://www.yangyang.go.kr/gw/portal/yyc_news_notice#a","325"
"LGS-000135","충청북도","충청북도","충청북도청","https://www.chungbuk.go.kr/www/selectBbsNttList.do?bbsNo=60&key=421","FAILED","","0","0","0","","NETWORK_ERROR","HTTP/1.1 header parser received no bytes","","62"
"LGS-000136","충청북도","청주시","청주시청","https://www.cheongju.go.kr/www/selectBbsNttList.do?bbsNo=510&key=280&integrDeptCode=000100101","PASS","SAEOL_GOSI","10","10","0","200","","","2026년 지역사회건강조사 실시 안내 / 2026-07-10 / https://www.cheongju.go.kr/www/selectBbsNttView.do?key=280&bbsNo=510&nttNo=263489&searchCtgry=&searchCnd=all&searchKrwd=&pageIndex=1&integrDeptCode=000100101 | 청주시가족센터 직원채용 공고 / 2026-07-09 / https://www.cheongju.go.kr/www/selectBbsNttView.do?key=280&bbsNo=510&nttNo=263429&searchCtgry=&searchCnd=all&searchKrwd=&pageIndex=1&integrDeptCode=000100101 | 제11회 청주시 농촌지도자 한마음대회 알림 / 2026-07-09 / https://www.cheongju.go.kr/www/selectBbsNttView.do?key=280&bbsNo=510&nttNo=263428&searchCtgry=&searchCnd=all&searchKrwd=&pageIndex=1&integrDeptCode=000100101","370"
"LGS-000137","충청북도","충주시","충주시청","http://www.chungju.go.kr/www/selectBbsNttList.do?bbsNo=5&key=506","PASS","SPRING_BBS","11","11","0","200","","","복여울교(앙성~소태간 세월교) 통제 해제 알림 / 2026-07-10 / https://www.chungju.go.kr/www/selectBbsNttView.do?key=506&bbsNo=5&nttNo=322373&searchCtgry=&searchCnd=all&searchKrwd=&pageIndex=1&integrDeptCode= | 자원봉사 전문교육(아로마테라피 손마사지) 수강생 모집 / 2026-07-10 / https://www.chungju.go.kr/www/selectBbsNttView.do?key=506&bbsNo=5&nttNo=322379&searchCtgry=&searchCnd=all&searchKrwd=&pageIndex=1&integrDeptCode= | 복여울교(앙성~소태간 세월교) 통제 해제 알림 / 2026-07-10 / https://www.chungju.go.kr/www/selectBbsNttView.do?key=506&bbsNo=5&nttNo=322373&searchCtgry=&searchCnd=all&searchKrwd=&pageIndex=1&integrDeptCode=","1188"
"LGS-000138","충청북도","제천시","제천시청","http://www.jecheon.go.kr/www/selectBbsNttList.do?key=114&bbsNo=11","PASS","SPRING_BBS","11","11","0","200","","","비룡담 데크길 보수공사 통행제한 안내 / 2026-07-09 / https://www.jecheon.go.kr/www/selectBbsNttView.do?key=114&bbsNo=11&nttNo=401411&searchCtgry=&searchCnd=all&searchKrwd=&pageIndex=1&integrDeptCode= | 2026년 7월 13일자 인사발령사항 알림 새글 / 2026-07-10 / https://www.jecheon.go.kr/www/selectBbsNttView.do?key=114&id=&&bbsNo=11&nttNo=401507&searchCtgry=&searchCnd=&searchKrwd=&pageIndex=1&integrDeptCode= | 2026년 충청북도 품질경영대상 및 우수기업 지정 공고 알림 새글 / 2026-07-10 / https://www.jecheon.go.kr/www/selectBbsNttView.do?key=114&id=&&bbsNo=11&nttNo=401489&searchCtgry=&searchCnd=&searchKrwd=&pageIndex=1&integrDeptCode=","586"
"LGS-000139","충청북도","보은군","보은군청","https://www.boeun.go.kr/www/selectBbsNttList.do?bbsNo=4&key=134","PASS","HEURISTIC_NOTICE","10","10","0","200","","","보은 대야리 고분군 정비사업부지 내 유적 유물 소유자 확인 공고 / 2026-07-10 / https://www.boeun.go.kr/www/selectBbsNttView.do?key=134&bbsNo=4&nttNo=220138&searchCtgry=&searchCnd=all&searchKrwd=&integrDeptCode=&pageIndex=1 | '보은 어암리 용천산 이평근린공원 조성 사업 부지 내 유적' 소유자 확인 공고 / 2026-07-10 / https://www.boeun.go.kr/www/selectBbsNttView.do?key=134&bbsNo=4&nttNo=220137&searchCtgry=&searchCnd=all&searchKrwd=&integrDeptCode=&pageIndex=1 | 보은파크골프장 휴장 안내 / 2026-07-10 / https://www.boeun.go.kr/www/selectBbsNttView.do?key=134&bbsNo=4&nttNo=220133&searchCtgry=&searchCnd=all&searchKrwd=&integrDeptCode=&pageIndex=1","1134"
"LGS-000140","충청북도","옥천군","옥천군청","http://www.oc.go.kr/www/selectBbsNttList.do?bbsNo=36&key=232&","PASS","HEURISTIC_NOTICE","10","10","0","200","","","2027년 공동주택 공공시설 유지보수사업 수요조사 안내 새글 / 2026-07-10 / https://www.oc.go.kr/www/selectBbsNttView.do?key=232&bbsNo=36&nttNo=191845&searchCtgry=&searchCnd=all&searchKrwd=&integrDeptCode=&pageIndex=1 | 2026년 옥천군청소년수련관 여름방학 프로그램 참여자 모집 새글 / 2026-07-10 / https://www.oc.go.kr/www/selectBbsNttView.do?key=232&bbsNo=36&nttNo=191844&searchCtgry=&searchCnd=all&searchKrwd=&integrDeptCode=&pageIndex=1 | 2026년 제5회 옥천군 복지한마당 홍보부스 운영기관 모집 새글 / 2026-07-10 / https://www.oc.go.kr/www/selectBbsNttView.do?key=232&bbsNo=36&nttNo=191842&searchCtgry=&searchCnd=all&searchKrwd=&integrDeptCode=&pageIndex=1","536"
"LGS-000141","충청북도","영동군","영동군청","http://www.yd21.go.kr/kr/html/sub02/020101.html","FAILED","","0","0","0","404","HTTP_ERROR","HTTP 404","","136"
"LGS-000142","충청북도","증평군","증평군청","http://www.jp.go.kr/kor/cop/bbs/BBSMSTR_000000000134/selectBoardList.do","PASS","HEURISTIC_NOTICE","4","4","0","200","","","첨부물의 확장자를 특정할 수 없거나 한개 이상의 첨부물이 첨부되어 있습니다. 클릭하여 게시글 상세보기에서 확인합니다. / 2026-07-07 / https://www.jp.go.kr/kor/cop/bbs/BBSMSTR_000000000134/selectBoardArticle.do?bbsId=BBSMSTR_000000000134&nttId=B00000059191uf0zV2qp | 첨부물의 확장자를 특정할 수 없거나 한개 이상의 첨부물이 첨부되어 있습니다. 클릭하여 게시글 상세보기에서 확인합니다. / 2026-07-06 / https://www.jp.go.kr/kor/cop/bbs/BBSMSTR_000000000134/selectBoardArticle.do?bbsId=BBSMSTR_000000000134&nttId=B00000059126zn2pF8jd | 첨부물의 확장자를 특정할 수 없거나 한개 이상의 첨부물이 첨부되어 있습니다. 클릭하여 게시글 상세보기에서 확인합니다. / 2026-07-06 / https://www.jp.go.kr/kor/cop/bbs/BBSMSTR_000000000134/selectBoardArticle.do?bbsId=BBSMSTR_000000000134&nttId=B00000059125pv2uF9gl","2715"
"LGS-000143","충청북도","진천군","진천군청","https://www.jincheon.go.kr/home/sub.do?menukey=2908","PASS","HEURISTIC_NOTICE","14","14","0","200","","","국가정보시스템 장애 관련 민원 업무 안내 / 2025-09-27 / https://www.jincheon.go.kr/home/sub.do?menukey=2908&mode=view&no=910182373 | 연극 「숙희책방」 공연 개최 알림 / 2026-07-09 / https://www.jincheon.go.kr/home/sub.do?menukey=2908&mode=view&no=996949477 | 연극 「서전서숙」 공연 개최 알림 / 2026-07-09 / https://www.jincheon.go.kr/home/sub.do?menukey=2908&mode=view&no=996935772","537"
"LGS-000144","충청북도","괴산군","괴산군청","https://www.goesan.go.kr/www/selectBbsNttList.do?bbsNo=190&key=135","PASS","HEURISTIC_NOTICE","10","10","0","200","","","행복보금자리주택(불정) 입주자 수시모집 공고 / 2026-07-10 / https://www.goesan.go.kr/www/selectBbsNttView.do?key=135&bbsNo=190&nttNo=133799&searchCtgry=&searchCnd=all&searchKrwd=&pageIndex=1&integrDeptCode= | < 저소득층 기저귀·조제분유 지원사업 소득기준 변경 ... / 2026-07-10 / https://www.goesan.go.kr/www/selectBbsNttView.do?key=135&bbsNo=190&nttNo=133762&searchCtgry=&searchCnd=all&searchKrwd=&pageIndex=1&integrDeptCode= | 2026년 청년농업인 경영실습 임대농장 임차인 모집공고 / 2026-07-10 / https://www.goesan.go.kr/www/selectBbsNttView.do?key=135&bbsNo=190&nttNo=133727&searchCtgry=&searchCnd=all&searchKrwd=&pageIndex=1&integrDeptCode=","588"
"LGS-000145","충청북도","음성군","음성군청","https://www.eumseong.go.kr/www/selectBbsNttList.do?bbsNo=6&key=78","FAILED","","0","0","0","403","HTTP_ERROR","HTTP 403","","78"
"LGS-000146","충청북도","단양군","단양군청","https://www.danyang.go.kr/dy21/975","PASS","SAEOL_GOSI","22","22","0","200","","","여름철 무더위 쉼터 현황 안내 / 2026-06-09 / https://www.danyang.go.kr/dy21/975?action=read&action-value=cc31598ebeb18302302fbaa4bc71d511 | 고유가 피해지원금 신청 안내 / 2026-04-22 / https://www.danyang.go.kr/dy21/975?action=read&action-value=de85fb15aa8cebaa4a92af28775f82a1 | 2026년 6월 지방상수도 수질검사 결과 홈페이지 게재 / 2026-07-10 / https://www.danyang.go.kr/dy21/975?action=read&action-value=be40d31b05f5b1c319c43ece3ff6bdb9","1525"
"LGS-000147","충청남도","충청남도","충청남도청","https://www.chungnam.go.kr/cnportal/bbs/B0000230/list.do?menuNo=500497","PASS","HEURISTIC_NOTICE","7","7","0","200","","","[2026년도 충청남도 건축물 미술작품 심의위원회] 공모대행 절차 및 신청서식 모음 / 2026-05-19 / https://www.chungnam.go.kr/cnportal/bbs/B0000230/view.do?nttId=2177313&menuNo=500497&pageUnit=10&pageIndex=1 | [2026년도 충청남도 건축물 미술작품 심의위원회] 심의 절차 및 신청서식 모음 / 2026-03-25 / https://www.chungnam.go.kr/cnportal/bbs/B0000230/view.do?nttId=2174408&menuNo=500497&pageUnit=10&pageIndex=1 | [일상돌봄서비스] 돌봄이 필요한 순간, 일상을 함께 돌봐드립니다 / 2026-06-23 / https://www.chungnam.go.kr/cnportal/bbs/B0000230/view.do?nttId=2179181&menuNo=500497&pageUnit=10&pageIndex=1","326"
"LGS-000148","충청남도","천안시","천안시청","http://www.cheonan.go.kr/cop/bbs/BBSMSTR_000000000462/selectBoardList.do","FAILED","","0","0","0","403","HTTP_ERROR","HTTP 403","","56"
"LGS-000149","충청남도","공주시","공주시청","http://www.gongju.go.kr/bbs/BBSMSTR_000000000813/list.do","FAILED","","0","0","0","","NETWORK_ERROR","HTTP/1.1 header parser received no bytes","","140"
"LGS-000150","충청남도","보령시","보령시청","http://www.brcn.go.kr/cop/bbs/BBSMSTR_000000000263/selectBoardList.do","PARSER_UNSUPPORTED","HEURISTIC_NOTICE","0","0","0","200","","","","1528"
"LGS-000151","충청남도","아산시","아산시청","http://www.asan.go.kr/main/cms/?no=131","PASS","HEURISTIC_NOTICE","10","10","0","200","","","D-17 배방도서관 [지혜학교] AI시대와 역사 : 예술작품으로 이해하는 근대 유럽사 참여안내 / 2026-07-10 / https://www.asan.go.kr/main/cms/?tb_nm=city_news_notice&m_mode=view&pds_no=2026071018300809317&PageNo=1&no=131 | D-21 2026년 배방도서관 길 위의 인문학 '손으로 빚는 슬로우 라이프' 참여자 모집 / 2026-07-10 / https://www.asan.go.kr/main/cms/?tb_nm=city_news_notice&m_mode=view&pds_no=2026071016492766041&PageNo=1&no=131 | <제29회 한여름밤의 신정호 별빛축제> 콘서트 공연팀(지역예술인) 모집 / 2026-07-10 / https://www.asan.go.kr/main/cms/?tb_nm=city_news_notice&m_mode=view&pds_no=2026071013444733018&PageNo=1&no=131","769"
"LGS-000152","충청남도","서산시","서산시청","http://www.seosan.go.kr/www/selectBbsNttList.do?bbsNo=97&key=1256","PASS","SPRING_BBS","10","10","0","200","","","시내버스 노선개편을 위한 서산시 대중교통 이용에 대한 설문조사 / 2026-07-09 / https://www.seosan.go.kr/www/selectBbsNttView.do?key=1256&bbsNo=97&nttNo=336875&searchCtgry=&searchCnd=all&searchKrwd=&pageIndex=1&integrDeptCode= | 스마트도시계획 수립을 위한 설문조사 참여 요청 / 2026-07-08 / https://www.seosan.go.kr/www/selectBbsNttView.do?key=1256&bbsNo=97&nttNo=336830&searchCtgry=&searchCnd=all&searchKrwd=&pageIndex=1&integrDeptCode= | 2026년 하반기 정기 인사발령 알림 / 2026-07-03 / https://www.seosan.go.kr/www/selectBbsNttView.do?key=1256&bbsNo=97&nttNo=336703&searchCtgry=&searchCnd=all&searchKrwd=&pageIndex=1&integrDeptCode=","775"
"LGS-000153","충청남도","논산시","논산시청","http://www.nonsan.go.kr/kor/html/sub03/030101.html","PASS","SPRING_BBS","15","15","0","200","","","논산시 제11기 SNS 서포터즈 모집 / 2026-07-01 / https://www.nonsan.go.kr/kor/html/sub03/030101.html?mode=V&no=1e4ae0fd59ba675042ad026289ea80fe&GotoPage=1 | [논산시 SNS이벤트] 민선9기 논산을 구(9)해줘 이벤트! / 2026-07-01 / https://www.nonsan.go.kr/kor/html/sub03/030101.html?mode=V&no=1293a9b64195ec94815f6009e8f707aa&GotoPage=1 | 7월 안전한바퀴 캠페인 / 2026-07-10 / https://www.nonsan.go.kr/kor/html/sub03/030101.html?mode=V&no=9d700504917893dd4167b8d4adbe8ee6&GotoPage=1","1652"
"LGS-000154","충청남도","계룡시","계룡시청","http://www.gyeryong.go.kr/kr/html/sub03/030101.html","PASS","SAEOL_GOSI","15","15","0","200","","","2026 계룡시 청년 기업탐방 프로그램 참여 안내 / 2026-07-07 / https://www.gyeryong.go.kr/kr/html/sub03/030101.html?mode=V&site_dvs_cd=kr&menu_dvs_cd=030101&code=kr_030101&no=73338f92ac824c0d2695e4272f938be1&GotoPage=1&group_at=kr_030101 | 계룡 SNS 맛집멋집 홍보 중단 안내 / 2026-06-18 / https://www.gyeryong.go.kr/kr/html/sub03/030101.html?mode=V&site_dvs_cd=kr&menu_dvs_cd=030101&code=kr_030101&no=936fb5d21a164b6470713b3bd6441045&GotoPage=1&group_at=kr_030101 | 계룡시 공무원 사칭사기 피해예방 안내문 / 2026-01-16 / https://www.gyeryong.go.kr/kr/html/sub03/030101.html?mode=V&site_dvs_cd=kr&menu_dvs_cd=030101&code=kr_030101&no=7f2b31888f33befea4a9b707b7c40adf&GotoPage=1&group_at=kr_030101","2484"
"LGS-000155","충청남도","당진시","당진시청","http://www.dangjin.go.kr/cop/bbs/BBSMSTR_000000000013/selectBoardList.do","PASS","HEURISTIC_NOTICE","6","6","0","200","","","첨부물의 확장자를 특정할 수 없거나 한개 이상의 첨부물이 첨부되어 있습니다. 클릭하여 게시글 상세보기에서 확인합니다. / 2026-07-09 / https://www.dangjin.go.kr/cop/bbs/BBSMSTR_000000000134/selectBoardArticle.do?bbsId=BBSMSTR_000000000134&nttId=1133053 | 첨부물의 확장자를 특정할 수 없거나 한개 이상의 첨부물이 첨부되어 있습니다. 클릭하여 게시글 상세보기에서 확인합니다. / 2026-07-09 / https://www.dangjin.go.kr/cop/bbs/BBSMSTR_000000000134/selectBoardArticle.do?bbsId=BBSMSTR_000000000134&nttId=1133039 | 첨부물의 확장자를 특정할 수 없거나 한개 이상의 첨부물이 첨부되어 있습니다. 클릭하여 게시글 상세보기에서 확인합니다. / 2026-07-08 / https://www.dangjin.go.kr/cop/bbs/BBSMSTR_000000000160/selectBoardArticle.do?bbsId=BBSMSTR_000000000160&nttId=1132997","1419"
"LGS-000156","충청남도","금산군","금산군청","https://www.geumsan.go.kr/kr/html/sub03/030101.html","PASS","SAEOL_GOSI","15","15","0","200","","","7월 10일(금) 금산 삼계탕 축제 개막식으로 인한 단축 운영 안내 / 2026-07-10 / https://www.geumsan.go.kr/kr/html/sub03/030101.html?mode=V&site_dvs_cd=kr&menu_dvs_cd=030101&code=museum_0601&no=4382455bb79702094d9f0305fca2010c&GotoPage=1&group_at=kr_030101 | 2026년 구석구석 문화가 있는 날 추억의 영화 OST 콘서트 개최 / 2026-07-09 / https://www.geumsan.go.kr/kr/html/sub03/030101.html?mode=V&site_dvs_cd=kr&menu_dvs_cd=030101&code=kr_030101&no=3f7b27c76fdcbb905619150cdcd55c78&GotoPage=1&group_at=kr_030101 | 「2026년 하반기 금산군 찾아가는 배달강좌」 모집 공고 / 2026-07-07 / https://www.geumsan.go.kr/kr/html/sub03/030101.html?mode=V&site_dvs_cd=kr&menu_dvs_cd=030101&code=daragwon_0701&no=6878a869954a5e96d39b9ddbebc92b85&GotoPage=1&group_at=kr_030101","1397"
"LGS-000157","충청남도","부여군","부여군청","https://www.buyeo.go.kr/_prog/_board/?code=news_01&site_dvs_cd=kr&menu_dvs_cd=0401","PASS","HEURISTIC_NOTICE","1","1","0","200","","","2026년 성범죄 경력자 취업제한 점검·확인결과 공개(도서관) / 2026-07-07 / https://www.buyeo.go.kr/_prog/_board/?mode=V&no=19wKnDIBYBRjiLm5f3Lmfw&code=news_01&site_dvs_cd=kr&menu_dvs_cd=0401&skey=&sval=&site_dvs=&gubun=&GotoPage=0","2491"
"LGS-000158","충청남도","서천군","서천군청","http://www.seocheon.go.kr/cop/bbs/BBSMSTR_000000000056/selectBoardList.do","FAILED","","0","0","0","","NETWORK_ERROR","HTTP/1.1 header parser received no bytes","","88"
"LGS-000159","충청남도","청양군","청양군청","http://www.cheongyang.go.kr/cop/bbs/BBSMSTR_000000000037/selectBoardList.do","PARSER_UNSUPPORTED","HEURISTIC_NOTICE","0","0","0","200","","","","935"
"LGS-000160","충청남도","홍성군","홍성군청","https://www.hongseong.go.kr/prog/bbsArticle/BBSMSTR_000000000841/list.do","PASS","SPRING_BBS","15","15","0","200","","","2026 충청남도 외국인 친화 음식점 모집 연장 공고 / 2026-07-08 / https://www.hongseong.go.kr/prog/bbsArticle/BBSMSTR_000000000841/list.do#view | 사)일농서승태기념사업회 창립1주년 기념 <광복음악회> / 2026-07-08 / https://www.hongseong.go.kr/prog/bbsArticle/BBSMSTR_000000000841/list.do#view | 서해랑길 63코스 길동무(서해랑人) 참여자 모집 공고 / 2026-07-08 / https://www.hongseong.go.kr/prog/bbsArticle/BBSMSTR_000000000841/list.do#view","2313"
"LGS-000161","충청남도","예산군","예산군청","https://www.yesan.go.kr/bbs/BBSMSTR_000000000046/list.do","PARTIAL","SPRING_BBS","20","14","6","200","","","주간업무계획(2026. 7. 13. ~ 7. 19.).pdf / 2026-07-10 / https://www.yesan.go.kr/cmm/fms/FileDown.do?atchFileId=FILE_000000042289Ge1&fileSn=0 | 질의 답변서[예산군 신활력 UP-타운 조성사업 건축설계공모(제안공모)] .hwpx / 2026-07-10 / https://www.yesan.go.kr/cmm/fms/FileDown.do?atchFileId=FILE_000000042288Si6&fileSn=0 | 사회연대경제 청년일경험 시범사업 참여청년 모집 공고문.pdf / 2026-07-06 / https://www.yesan.go.kr/cmm/fms/FileDown.do?atchFileId=FILE_000000042169Xt2&fileSn=0","685"
"LGS-000162","충청남도","태안군","태안군청","http://www.taean.go.kr/cop/bbs/BBSMSTR_000000000036/selectBoardList.do","PARSER_UNSUPPORTED","HEURISTIC_NOTICE","0","0","0","200","","","","612"
"LGS-000163","전북특별자치도","전북특별자치도","전북특별자치도청","https://www.jeonbuk.go.kr/board/list.jeonbuk?boardId=BBS_0000005&menuCd=DOM_000000102001001000&contentsSid=76&cpath=","PASS","SPRING_BBS","10","10","0","200","","","전북특별자치도 감염병 주간소식지 제26-26호(2026년 27주차) / 2026-07-10 / https://www.jeonbuk.go.kr/board/view.jeonbuk?boardId=BBS_0000005&menuCd=DOM_000000102001001000&orderBy=REGISTER_DATE:DESC&paging=ok&startPage=1&dataSid=666081 | 2026년 상반기 대기오염물질 자가측정 결과 제출 안내 / 2026-07-10 / https://www.jeonbuk.go.kr/board/view.jeonbuk?boardId=BBS_0000005&menuCd=DOM_000000102001001000&orderBy=REGISTER_DATE:DESC&paging=ok&startPage=1&dataSid=666071 | 전북특별자치도육아종합지원센터 직원(상담전문요원) 채용 재공고 / 2026-07-08 / https://www.jeonbuk.go.kr/board/view.jeonbuk?boardId=BBS_0000005&menuCd=DOM_000000102001001000&orderBy=REGISTER_DATE:DESC&paging=ok&startPage=1&dataSid=665879","1170"
"LGS-000164","전북특별자치도","전주시","전주시청","https://www.jeonju.go.kr/planweb/board/list.9is?contentUid=ff8080818990c349018b041a87373953&boardUid=ff8080818990c349018b1dbaa78e4b41","PASS","SPRING_BBS","10","10","0","200","","","전주시새활용센터 「다시봄」, 선풍기 상담소 매주 목요일 운영(~8.27.) / 2026-07-10 / https://www.jeonju.go.kr/planweb/board/view.9is?dataUid=9be517a89eb4c412019f4c1557a2257f&&contentUid=ff8080818990c349018b041a87373953&tmpField14=&boardUid=ff8080818990c349018b1dbaa78e4b41&page=1 | 「2026 인구혁신 프로젝트」 시민 정책 제안 공모전 공고 / 2026-07-10 / https://www.jeonju.go.kr/planweb/board/view.9is?dataUid=9be517a89eb4c412019f4974093459c2&&contentUid=ff8080818990c349018b041a87373953&tmpField14=&boardUid=ff8080818990c349018b1dbaa78e4b41&page=1 | 기간제근로자 수시 채용 공고 / 2026-07-09 / https://www.jeonju.go.kr/planweb/board/view.9is?dataUid=9be517a79eb4c66f019f456a6e05387c&&contentUid=ff8080818990c349018b041a87373953&tmpField14=&boardUid=ff8080818990c349018b1dbaa78e4b41&page=1","1136"
"LGS-000165","전북특별자치도","군산시","군산시청","http://www.gunsan.go.kr/main/m140","PASS","HEURISTIC_NOTICE","4","4","0","200","","","군산나운4단지 영구임대주택 예비입주자 완화모집 / 2026-07-06 / https://www.gunsan.go.kr/main/m140/view/9831986 | 군산시어린이·사회복지급식관리지원센터 직원모집 재공고 / 2026-07-08 / https://www.gunsan.go.kr/main/m141/view/9832095 | 군산시청소년문화의집 직원 채용 공고 / 2026-07-01 / https://www.gunsan.go.kr/main/m141/view/9831952","1283"
"LGS-000166","전북특별자치도","익산시","익산시청","https://www.iksan.go.kr/board/post/list.do?boardUid=ff80808199dd1d7d0199e15235920a20&menuUid=ff80808198eafcbd019902aad8302bfa","PASS","SPRING_BBS","12","12","0","200","","","위택스 서비스 일시중단 및 지방세, 지방세입 납부기한 추가 연장 안내 / 2026-06-22 / https://www.iksan.go.kr/board/post/view.do?boardUid=ff80808199dd1d7d0199e15235920a20&menuUid=ff80808198eafcbd019902aad8302bfa&postUid=4028a6109e827aa1019eee0d4c17109b | 익산시 고유가 피해지원금 지급 개요 알림 / 2026-04-12 / https://www.iksan.go.kr/board/post/view.do?boardUid=ff80808199dd1d7d0199e15235920a20&menuUid=ff80808198eafcbd019902aad8302bfa&postUid=4028a6119d299352019d7fecbb66033e | 제279회 익산시의회(임시회) 부의안건 / 2026-07-09 / https://www.iksan.go.kr/board/post/view.do?boardUid=ff80808199dd1d7d0199e15235920a20&menuUid=ff80808198eafcbd019902aad8302bfa&postUid=4028a6119efea131019f43d706834ddb","385"
"LGS-000167","전북특별자치도","정읍시","정읍시청","http://www.jeongeup.go.kr/board/list.jeongeup?boardId=BBS_0000012&menuCd=DOM_000000101001001000&contentsSid=5&cpath=","PASS","SPRING_BBS","14","14","0","200","","","자동차세, 지방소득세 납부기간 연장 안내(2026. 7. 7.(화)일까지 연장) / 2026-07-02 / https://www.jeongeup.go.kr/board/view.jeongeup?boardId=BBS_0000012&menuCd=DOM_000000101001001000&orderBy=REGISTER_DATE%20DESC&paging=ok&startPage=1&dataSid=1415032 | 2026년 달리는 국민신문고 운영 안내 / 2026-06-16 / https://www.jeongeup.go.kr/board/view.jeongeup?boardId=BBS_0000012&menuCd=DOM_000000101001001000&orderBy=REGISTER_DATE%20DESC&paging=ok&startPage=1&dataSid=1413992 | 6월 상반기 정기분 자동차세 납부의 달 / 2026-06-12 / https://www.jeongeup.go.kr/board/view.jeongeup?boardId=BBS_0000012&menuCd=DOM_000000101001001000&orderBy=REGISTER_DATE%20DESC&paging=ok&startPage=1&dataSid=1413796","1535"
"LGS-000168","전북특별자치도","남원시","남원시청","https://www.namwon.go.kr/board/post/list.do?boardUid=ff8080818ea1b850018ea1e3e9ad0081&menuUid=ff8080818e3beff0018e4075e410006e","PASS","SPRING_BBS","12","12","0","200","","","2026년 농업용 면세유 유가연동 보조금 지원사업 안내 / 2026-05-05 / https://www.namwon.go.kr/board/post/view.do?boardUid=ff8080818ea1b850018ea1e3e9ad0081&menuUid=ff8080818e3beff0018e4075e410006e&postUid=9be51b0f9d52602b019df62a9451319e | 2026년 남원시 농림축산지원사업 신청 안내 / 2025-12-23 / https://www.namwon.go.kr/board/post/view.do?boardUid=ff8080818ea1b850018ea1e3e9ad0081&menuUid=ff8080818e3beff0018e4075e410006e&postUid=9be51b0f9ae3d6e5019b496ea4e94e4f | 2026년 신규농업인 기초영농기술교육 2기 교육생 모집 안내 / 2026-07-09 / https://www.namwon.go.kr/board/post/view.do?boardUid=ff8080818ea1b850018ea1e3e9ad0081&menuUid=ff8080818e3beff0018e4075e410006e&postUid=9be51b0f9efe03dc019f44692fec0881","407"
"LGS-000169","전북특별자치도","김제시","김제시청","https://www.gimje.go.kr/board/list.gimje?boardId=BBS_0000027&menuCd=DOM_000000104001000000&contentsSid=194&cpath=","PASS","HEURISTIC_NOTICE","4","4","0","200","","","지평선아카데미 휴강 안내(7월 넷째주, 8월 둘째주) 첨부파일 있음 작성부서 : 교육가족과작성일 : 2026.07.09조회수 : 106 / 2026-07-09 / https://www.gimje.go.kr/board/view.gimje?boardId=BBS_0000027&menuCd=DOM_000000104001000000&orderBy=REGISTER_DATE%20DESC&paging=ok&startPage=1&categoryCode1=DEPART01,DEPART2005_1,DEPART02,DEPART03,DEPART06,DEPART07,DEPART08,DEPART09,DEPART11,DEPART22,DEPART15,DEPART13,DEPART10,DEPART42,DEPART04,DEPART2003_1,DEPART05,DEPART20,DEPART43,DEPART44,DEPART18,DEPART16,DEPART17,DEPART14,DEPART21,DEPART41,HEALTH1,HEALTH2,HEALTH3,JPS_1,JPS_2,JPS_3,JPS_4,JPS_5,JPS_6,DEPART19,LIB,ARIRANG&dataSid=350747 | 김제시 주간행사계획(7.6.~7.12.) 첨부파일 있음 김제시 주간행사계획(7.6.~7.12.)을 게시하오니 참고하시기 바랍니다. 붙임 파일의 행사계획은 내부사정으로 인해 변경될 수 있습니다. 작성부서 : 행정지원과작성일 : 2026.07.06조회수 : 312 / 2026-07-06 / https://www.gimje.go.kr/board/view.gimje?boardId=BBS_0000027&menuCd=DOM_000000104001000000&orderBy=REGISTER_DATE%20DESC&paging=ok&startPage=1&categoryCode1=DEPART01,DEPART2005_1,DEPART02,DEPART03,DEPART06,DEPART07,DEPART08,DEPART09,DEPART11,DEPART22,DEPART15,DEPART13,DEPART10,DEPART42,DEPART04,DEPART2003_1,DEPART05,DEPART20,DEPART43,DEPART44,DEPART18,DEPART16,DEPART17,DEPART14,DEPART21,DEPART41,HEALTH1,HEALTH2,HEALTH3,JPS_1,JPS_2,JPS_3,JPS_4,JPS_5,JPS_6,DEPART19,LIB,ARIRANG&dataSid=350563 | 2026 찾아가는 평생학습교실 배움동행 학습파트너 모집 안내 첨부파일 있음 작성부서 : 교육가족과작성일 : 2026.07.06조회수 : 275 / 2026-07-06 / https://www.gimje.go.kr/board/view.gimje?boardId=BBS_0000027&menuCd=DOM_000000104001000000&orderBy=REGISTER_DATE%20DESC&paging=ok&startPage=1&categoryCode1=DEPART01,DEPART2005_1,DEPART02,DEPART03,DEPART06,DEPART07,DEPART08,DEPART09,DEPART11,DEPART22,DEPART15,DEPART13,DEPART10,DEPART42,DEPART04,DEPART2003_1,DEPART05,DEPART20,DEPART43,DEPART44,DEPART18,DEPART16,DEPART17,DEPART14,DEPART21,DEPART41,HEALTH1,HEALTH2,HEALTH3,JPS_1,JPS_2,JPS_3,JPS_4,JPS_5,JPS_6,DEPART19,LIB,ARIRANG&dataSid=350544","1357"
"LGS-000170","전북특별자치도","완주군","완주군청","https://www.wanju.go.kr/planweb/board/list.9is?contentUid=ff8080818b024d8e018b274f3fdd2ae2&boardUid=ff8080818a49961a018ab011af3543bc&categoryUid2=ff8080818bc7fa7c018bd69c596z9039&contentUid=ff8080818b024d8e018b274f3fdd2ae2&subPath=","PASS","SPRING_BBS","20","20","0","200","","","2026년도 기본직불 등록정보 공개 / 2026-07-01 / https://www.wanju.go.kr/planweb/board/view.9is?dataUid=4028a6029dcd6861019f1c2d37ad6406&&contentUid=ff8080818b024d8e018b274f3fdd2ae2&categoryUid2=ff8080818bc7fa7c018bd69c596z9039&boardUid=ff8080818a49961a018ab011af3543bc&page=1&subPath= | 고산 만경강 파크골프장 시범운영 개장 알림(`26. 7. 1. ~ 7. 31.) / 2026-06-29 / https://www.wanju.go.kr/planweb/board/view.9is?dataUid=4028a6029dcd6861019f1184f44503e4&&contentUid=ff8080818b024d8e018b274f3fdd2ae2&categoryUid2=ff8080818bc7fa7c018bd69c596z9039&boardUid=ff8080818a49961a018ab011af3543bc&page=1&subPath= | 2026년 제20회 빛공해 공모전 / 2026-06-09 / https://www.wanju.go.kr/planweb/board/view.9is?dataUid=4028a6029dcd6861019eaa9afb841298&&contentUid=ff8080818b024d8e018b274f3fdd2ae2&categoryUid2=ff8080818bc7fa7c018bd69c596z9039&boardUid=ff8080818a49961a018ab011af3543bc&page=1&subPath=","3475"
"LGS-000171","전북특별자치도","진안군","진안군청","https://www.jinan.go.kr/board/list.jinan?boardId=BBS_0000026&menuCd=DOM_000000107001000000&contentsSid=179&cpath=","PASS","HEURISTIC_NOTICE","8","8","0","200","","","「2026년 진안군 청년창업 지원사업」신청기한 연장공고 진안군청년들의지역정착유도와지역경제활성화도모를위한「2026년진안군청년창업지원사업」신청기한 연장을붙임과같이공고합니다. ... / 2026-07-09 / https://www.jinan.go.kr/board/view.jinan?boardId=BBS_0000026&&menuCd=DOM_000000107001000000&paging=ok&startPage=1&categoryCode3=COM01&dataSid=212976 | 2026년 가축분뇨 퇴액비 제조시설 방지시설 설치지원 사업 추가 수요조사 기후에너지 환경부에서는 2026년 가축분뇨 퇴액비 제조시설 방시시설 설치 지원사업을 실시하고 있습니다. 추가 수요조사를 진행하오니 해당... / 2026-07-09 / https://www.jinan.go.kr/board/view.jinan?boardId=BBS_0000026&&menuCd=DOM_000000107001000000&paging=ok&startPage=1&categoryCode3=COM01&dataSid=212946 | 진안가위박물관 ‘문화가 있는 날’ 체험프로그램 운영 안내 진안가위박물관‘문화가 있는 날’운영 안내 진안가위박물관이 박물관 소장유물과 연계한 체험프로그램... / 2026-07-08 / https://www.jinan.go.kr/board/view.jinan?boardId=BBS_0000026&&menuCd=DOM_000000107001000000&paging=ok&startPage=1&categoryCode3=COM01&dataSid=212918","400"
"LGS-000172","전북특별자치도","무주군","무주군청","https://www.muju.go.kr/planweb/board/list.9is?contentUid=ff8080816c5f9d47016cbd3ae19f006b&boardUid=ff8080816d135a54016d1ecde9d8001a","PASS","HEURISTIC_NOTICE","26","26","0","200","","","[군청] 「2026 무주군 민생규제 집중 발굴기간」 ... / 2026-07-10 / https://www.muju.go.kr/planweb/board/view.9is?dataUid=4028a6d2928a60a5019f4985d1a8601e&page=1&contentUid=ff8080816c5f9d47016cbd3ae19f006b&boardUid=ff8080816d135a54016d1ecde9d8001a&searchType=&keyword=&categoryUid1=&categoryUid2=&categoryUid3= | [군청] 반딧불체육관 테니스장 이용제한 안내 / 2026-07-09 / https://www.muju.go.kr/planweb/board/view.9is?dataUid=4028a6d2928a60a5019f44bc3e2f1cf7&page=1&contentUid=ff8080816c5f9d47016cbd3ae19f006b&boardUid=ff8080816d135a54016d1ecde9d8001a&searchType=&keyword=&categoryUid1=&categoryUid2=&categoryUid3= | [군청] 무주시니어클럽 노인일자리 담당자(계약직) 채용... / 2026-06-24 / https://www.muju.go.kr/planweb/board/view.9is?dataUid=4028a6d2928a60a5019ef82ea0e930ca&page=1&contentUid=ff8080816c5f9d47016cbd3ae19f006b&boardUid=ff8080816d135a54016d1ecde9d8001a&searchType=&keyword=&categoryUid1=&categoryUid2=&categoryUid3=","797"
"LGS-000173","전북특별자치도","장수군","장수군청","https://www.jangsu.go.kr/board/list.jangsu?boardId=BBS_0000003&menuCd=DOM_000000102001001000&contentsSid=13&cpath=","PASS","HEURISTIC_NOTICE","32","32","0","200","","","*청년활력센터 입주자 모집 공고 / 2026-07-08 / https://www.jangsu.go.kr/board/view.jangsu?boardId=BBS_0000003&menuCd=DOM_000000102001001000&paging=ok&startPage=1&dataSid=577729 | *2026년 7월 장수읍 소재지권 군단위LPG배관망 가스요금 안내 / 2026-07-08 / https://www.jangsu.go.kr/board/view.jangsu?boardId=BBS_0000003&menuCd=DOM_000000102001001000&paging=ok&startPage=1&dataSid=577727 | *2026년 7월 장계면소재지권 면단위LPG배관망 가스요금 안내 / 2026-07-08 / https://www.jangsu.go.kr/board/view.jangsu?boardId=BBS_0000003&menuCd=DOM_000000102001001000&paging=ok&startPage=1&dataSid=577726","532"
"LGS-000174","전북특별자치도","임실군","임실군청","http://www.imsil.go.kr/board/list.imsil?boardId=BBS_0000002&menuCd=DOM_000000103001001000&contentsSid=161&cpath=","PARSER_UNSUPPORTED","HEURISTIC_NOTICE","0","0","0","200","","","","734"
"LGS-000175","전북특별자치도","순창군","순창군청","http://www.sunchang.go.kr/board/list.sunchang?boardId=BBS_0000011&menuCd=DOM_000000110001001000&paging=ok&startPage=1","FAILED","","0","0","0","404","HTTP_ERROR","HTTP 404","","69"
"LGS-000176","전북특별자치도","고창군","고창군청","http://www.gochang.go.kr/board/list.gochang?boardId=BBS_0000083&menuCd=DOM_000000102001001000&paging=ok&startPage=1","PASS","HEURISTIC_NOTICE","10","10","0","200","","","고창군민과 함께하는 옥상정원 소리마당 안내 첨부파일 있음 [고창동학농민혁명] 작성일 : 2026.07.10 조회수 : 30 / 2026-07-10 / http://www.gochang.go.kr/board/view.gochang?boardId=BBS_0000083&menuCd=DOM_000000102001001000&orderBy=REGISTER_DATE%20DESC&paging=ok&startPage=1&dataSid=825574 | 고창군립성호도서관 여름독서교실 [내 방의 초록 친구] 수강생 모집 첨부파일 있음 [고창군 도서관] 작성일 : 2026.07.10 조회수 : 17 / 2026-07-10 / http://www.gochang.go.kr/board/view.gochang?boardId=BBS_0000083&menuCd=DOM_000000102001001000&orderBy=REGISTER_DATE%20DESC&paging=ok&startPage=1&dataSid=825570 | 고창 운곡습지 생태길 힐링걷기 숏폼 공모전 수상자 발표 첨부파일 있음 [세계유산과] 작성일 : 2026.07.10 조회수 : 87 / 2026-07-10 / http://www.gochang.go.kr/board/view.gochang?boardId=BBS_0000083&menuCd=DOM_000000102001001000&orderBy=REGISTER_DATE%20DESC&paging=ok&startPage=1&dataSid=825547","1105"
"LGS-000177","전북특별자치도","부안군","부안군청","http://www.buan.go.kr/board/list.buan?boardId=BBS_0000053&menuCd=DOM_000000103001001000&contentsSid=687&cpath=","PARSER_UNSUPPORTED","HEURISTIC_NOTICE","0","0","0","200","","","","353"
"LGS-000178","전라남도","목포시","목포시청","https://www.mokpo.go.kr/www/mokpo_news/notice","PASS","SPRING_BBS","15","15","0","200","","","식품의약품안전처 또는 지자체 사칭 사기 주의 요청 새로운글 / 2026-07-09 / https://www.mokpo.go.kr/www/mokpo_news/notice?idx=546688&mode=view | 제78주년 제헌절 나라사랑 태극기 달기 운동 알림 새로운글 / 2026-07-09 / https://www.mokpo.go.kr/www/mokpo_news/notice?idx=546686&mode=view | [AI메타버스센터] 「AI캠퍼스 AI 개발자 양성 과정」 교육생 모집 안내 새로운글 / 2026-07-09 / https://www.mokpo.go.kr/www/mokpo_news/notice?idx=546663&mode=view","1008"
"LGS-000179","전라남도","여수시","여수시청","https://www.yeosu.go.kr/www/govt/news/notice","PASS","SPRING_BBS","15","14","1","200","","","전남청년 문화복지카드 가맹점 현황새로운글 / 2026-07-09 / https://www.yeosu.go.kr/www/govt/news/notice?idx=579216&mode=view | 한부모가족 아동양육비 등 정부지원금 부정수급 집중신고기간 운영 안내새로운글 / 2026-07-09 / https://www.yeosu.go.kr/www/govt/news/notice?idx=579213&mode=view | 2026여수세계섬박람회 판매시설(마켓섬) 운영사업자 모집 3차 공고새로운글 / 2026-07-09 / https://www.yeosu.go.kr/www/govt/news/notice?idx=579212&mode=view","992"
"LGS-000180","전라남도","순천시","순천시청","http://www.suncheon.go.kr/kr/news/0001/0001/","PASS","HEURISTIC_NOTICE","15","15","0","200","","","순천만국가정원 「도파민가든」 개최 / 2026-07-10 / https://www.suncheon.go.kr/kr/news/0001/0001/?boardId=BBS_0000000000000130&mode=view&cntId=12441&category=&pageIdx= | 2026 일상문화예술실험실 「아쉬움을 예술로」 참가팀 모집 / 2026-07-10 / https://www.suncheon.go.kr/kr/news/0001/0001/?boardId=BBS_0000000000000130&mode=view&cntId=12440&category=&pageIdx= | 2026년 순천시청소년문화의집 2학기 교육·문화 프로그램 수강생 모집 / 2026-07-10 / https://www.suncheon.go.kr/kr/news/0001/0001/?boardId=BBS_0000000000000130&mode=view&cntId=12439&category=&pageIdx=","1303"
"LGS-000181","전라남도","나주시","나주시청","http://www.naju.go.kr/www/administration/new/notify","PASS","SPRING_BBS","15","14","1","200","","","전남광주통합특별시 인구감소지역 대응 기본계획 수립을 위한 시민 설문조사새로운글 / 2026-07-09 / https://www.naju.go.kr/www/administration/new/notify?idx=608392&mode=view | 2027년도 병역지정업체(농산물가공 분야) 신규 선정 신청 안내새로운글 / 2026-07-09 / https://www.naju.go.kr/www/administration/new/notify?idx=608391&mode=view | 2026년 전남청년문화복지카드 가맹점 목록('26. 6. 기준)새로운글 / 2026-07-09 / https://www.naju.go.kr/www/administration/new/notify?idx=608347&mode=view","773"
"LGS-000182","전라남도","광양시","광양시청","https://gwangyang.go.kr/board.es?mid=a11001000000&bid=0001","PASS","SPRING_BBS","10","10","0","200","","","새글 [무료교육] 철강 전문 교육 『레디컴퍼니+』 / 2026-07-10 / https://gwangyang.go.kr/board.es?mid=a11001000000&bid=0001&act=view&list_no=201759&tag=&nPage=1 | 새글 20~59세 당뇨병 고위험군을 위한 연속혈당측정기 지원사업 대상자 모집 / 2026-07-10 / https://gwangyang.go.kr/board.es?mid=a11001000000&bid=0001&act=view&list_no=201735&tag=&nPage=1 | 새글 2026년 세외수입 체납액 일제정리 기간 운영 / 2026-07-09 / https://gwangyang.go.kr/board.es?mid=a11001000000&bid=0001&act=view&list_no=201670&tag=&nPage=1","1752"
"LGS-000183","전라남도","담양군","담양군청","https://www.damyang.go.kr/board/list?boardId=BBS_0000001&domainId=DOM_0000001&contentsSid=1&menuCd=DOM_000000190001001000","PARSER_UNSUPPORTED","SAEOL_GOSI","0","0","0","200","","","","121"
"LGS-000184","전라남도","곡성군","곡성군청","https://www.gokseong.go.kr/kr/board/list.do?bbsId=BBS_000000000000150&menuNo=102001001000","PASS","HEURISTIC_NOTICE","10","10","0","200","","","(농협은행)전남청년 문화복지카드 가맹점 현황(20260630기준) / 2026-07-10 / https://www.gokseong.go.kr/kr/board/view.do;jsessionid=06E752568D6E4AE9126EA08F2509FBFF?bbsId=BBS_000000000000150&pageIndex=1&nttId=111137&menuNo=102001001000&searchCategory1=&searchCategory2=&searchCategory3= | 2026년 음식점업 외국인근로자 고용허가 신청 안내 / 2026-06-29 / https://www.gokseong.go.kr/kr/board/view.do;jsessionid=06E752568D6E4AE9126EA08F2509FBFF?bbsId=BBS_000000000000150&pageIndex=1&nttId=110632&menuNo=102001001000&searchCategory1=&searchCategory2=&searchCategory3= | 전남 청년 정책 길라잡이 / 2026-06-25 / https://www.gokseong.go.kr/kr/board/view.do;jsessionid=06E752568D6E4AE9126EA08F2509FBFF?bbsId=BBS_000000000000150&pageIndex=1&nttId=110549&menuNo=102001001000&searchCategory1=&searchCategory2=&searchCategory3=","407"
"LGS-000185","전라남도","구례군","구례군청","https://www.gurye.go.kr/board/list.do?bbsId=BBS_0000000000000056&menuNo=115004001000","PARTIAL","GENERIC_LIST","1549","15","1534","200","","","공지 생명나눔 헌혈 참여 안내 보건의료원2026-07-09 / 2026-07-09 / https://www.gurye.go.kr/board/view.do;gurye.go.kr=21C8FD217D208291A2785519788026F9?bbsId=BBS_0000000000000056&pageIndex=1&nttId=80116&menuNo=115004001000&searchCategory1=&searchCategory2=&searchCategory3= | 공지 석면해체 제거사업장의 석면 비산측정 결과공개(구례군 구례읍 용방로 41- 환경과2026-07-07 / 2026-07-07 / https://www.gurye.go.kr/board/view.do;gurye.go.kr=21C8FD217D208291A2785519788026F9?bbsId=BBS_0000000000000056&pageIndex=1&nttId=80066&menuNo=115004001000&searchCategory1=&searchCategory2=&searchCategory3= | 공지 석면해체 제거사업장의 석면 비산측정 결과공개(구례 어울샌터 1차부지 철거 환경과2026-07-07 / 2026-07-07 / https://www.gurye.go.kr/board/view.do;gurye.go.kr=21C8FD217D208291A2785519788026F9?bbsId=BBS_0000000000000056&pageIndex=1&nttId=80064&menuNo=115004001000&searchCategory1=&searchCategory2=&searchCategory3=","608"
"LGS-000186","전라남도","고흥군","고흥군청","https://www.goheung.go.kr/boardList.do?pageId=www96&boardId=BD_00018","PASS","HEURISTIC_NOTICE","10","10","0","200","","","(수정) 2026년 6월, 자동차세 등 지방세 납부기한 연장 안내 / 2026-06-19 / https://www.goheung.go.kr/boardView.do?pageId=www96&boardId=BD_00018&seq=7607123&movePage=1 | 2026년 전라남도 평생교육이용권 신청 접수 안내(3차) / 2026-06-15 / https://www.goheung.go.kr/boardView.do?pageId=www96&boardId=BD_00018&seq=3674887&movePage=1 | 2026년 하반기 공정선거지원단 모집 안내 / 2026-06-09 / https://www.goheung.go.kr/boardView.do?pageId=www96&boardId=BD_00018&seq=2102136&movePage=1","798"
"LGS-000187","전라남도","보성군","보성군청","http://www.boseong.go.kr/www/open_administration/city_news/notice","PASS","SPRING_BBS","17","17","0","200","","","2026년 민방위 기본교육 일정 안내 / 2026-05-12 / https://www.boseong.go.kr/www/open_administration/city_news/notice?idx=1157614&mode=view | 2026년 보성 청년 DREAM UP 프로젝트 참여자 모집 / 2026-04-02 / https://www.boseong.go.kr/www/open_administration/city_news/notice?idx=1156891&mode=view | 보성읍 도시재생 뉴딜사업 집수리 지원사업 신청 접수 / 2026-07-08 / https://www.boseong.go.kr/www/open_administration/city_news/notice?idx=1158715&mode=view","1655"
"LGS-000188","전라남도","화순군","화순군청","https://www.hwasun.go.kr/board.do?S=S01&M=020102000000&b_code=0000000002","PASS","HEURISTIC_NOTICE","10","10","0","200","","","EBS 고교강의 무상교재 지원 사업 안내 / 2026-07-10 / https://www.hwasun.go.kr/board.do?S=S01&M=020102000000&b_code=0000000002&act=view&list_no=6392&nPage=1&cg_code=제4유형 | 2026년 전남청년 문화복지카드 가맹점 안내 / 2026-07-09 / https://www.hwasun.go.kr/board.do?S=S01&M=020102000000&b_code=0000000002&act=view&list_no=6391&nPage=1&cg_code=제4유형 | 2026년 하반기 공정선거지원단 안내 / 2026-07-09 / https://www.hwasun.go.kr/board.do?S=S01&M=020102000000&b_code=0000000002&act=view&list_no=6390&nPage=1&cg_code=제4유형","412"
"LGS-000189","전라남도","장흥군","장흥군청","http://www.jangheung.go.kr/www/organization/news/notice","PASS","SPRING_BBS","15","12","3","200","","","[2026 전라남도 AI디지털배움터] 스마트폰 교육(AI교육까지) 신청 안내 / 2026-07-07 / https://www.jangheung.go.kr/www/organization/news/notice?idx=376021&mode=view | ""용산면 어울림 동아리 활성화"" 모집 공고 - 2026년 장흥군역량강화사업(농림축산식품부) / 2026-07-06 / https://www.jangheung.go.kr/www/organization/news/notice?idx=376009&mode=view | 석면해체제거 사업장 석면비산 측정결과 / 2026-07-06 / https://www.jangheung.go.kr/www/organization/news/notice?idx=375978&mode=view","1077"
"LGS-000190","전라남도","강진군","강진군청","http://www.gangjin.go.kr/www/government/news/notice","PASS","SPRING_BBS","17","16","1","200","","","2026년 유기농 생태마을 유튜브 크리에이터 활동 지원사업 알림 / 2026-06-10 / https://www.gangjin.go.kr/www/government/news/notice?idx=662496&mode=view | 제3기 진실화해위원회 진실규명사건 신청 접수 안내 / 2026-02-20 / https://www.gangjin.go.kr/www/government/news/notice?idx=655803&mode=view | 전남청년 문화복지드 가맹점 목록('26.6월 기준) 새로운글 / 2026-07-09 / https://www.gangjin.go.kr/www/government/news/notice?idx=664279&mode=view","689"
"LGS-000191","전라남도","해남군","해남군청","https://www.haenam.go.kr/planweb/board/list.9is?contentUid=18e3368f5d745106015de95ebe732057&boardUid=18e3368f5fb80fdc015fdc42b7e003e0&contentUid=18e3368f5d745106015de95ebe732057","PASS","SPRING_BBS","10","10","0","200","","","2026년 3분기 생명나눔 헌혈의 날 행사 운영 안내 / 2026-07-10 / https://www.haenam.go.kr/planweb/board/view.9is?dataUid=18e3368f5d542987015d63ee65c202ff&nttId=122477&boardUid=18e3368f5fb80fdc015fdc42b7e003e0&contentUid=18e3368f5d745106015de95ebe732057&layoutUid=&pBoardId=BBSMSTR_000000000231&recordCountPerPage=10&nowPageNum=1 | 2026년 하반기 해남군 평생학습관 정규강좌 학습자 모집 / 2026-07-10 / https://www.haenam.go.kr/planweb/board/view.9is?dataUid=18e3368f5d542987015d63ee65c202ff&nttId=122459&boardUid=18e3368f5fb80fdc015fdc42b7e003e0&contentUid=18e3368f5d745106015de95ebe732057&layoutUid=&pBoardId=BBSMSTR_000000000971&recordCountPerPage=10&nowPageNum=1 | 2026년 8월 귀농귀촌 체류형지원센터 입소생 (수시)모집 / 2026-07-09 / https://www.haenam.go.kr/planweb/board/view.9is?dataUid=18e3368f5d542987015d63ee65c202ff&nttId=122453&boardUid=18e3368f5fb80fdc015fdc42b7e003e0&contentUid=18e3368f5d745106015de95ebe732057&layoutUid=&pBoardId=BBSMSTR_000000000194&recordCountPerPage=10&nowPageNum=1","1626"
"LGS-000192","전라남도","영암군","영암군청","http://www.yeongam.go.kr/home/www/open_information/yeongam_news/notice","PASS","SPRING_BBS","15","15","0","200","","","2026년 하반기 (재)영암군미래교육재단 행복기숙사 입사생(추천입... / 2026-07-10 / https://www.yeongam.go.kr/home/www/open_information/yeongam_news/notice/show/zmhme273qxv5ost9r29k?page=1 | 2026년 전남청년 문화복지카드 가맹점 현황(6. 30.기준) / 2026-07-09 / https://www.yeongam.go.kr/home/www/open_information/yeongam_news/notice/show/tcpxubl7x8t526pzsfr6?page=1 | 정보통신설비 유지보수 제도 2단계 대상 계도기간 부여 안내 / 2026-07-07 / https://www.yeongam.go.kr/home/www/open_information/yeongam_news/notice/show/jxxrmn91z7cotutevhc2b?page=1","356"
"LGS-000193","전라남도","무안군","무안군청","http://www.muan.go.kr/www/openmuan/new/notice","PASS","SPRING_BBS","16","16","0","200","","","2026년 무안군 입학축하금 지원 일시중단 안내 / 2026-04-17 / https://www.muan.go.kr/www/openmuan/new/notice?idx=15200236&mode=view | 2026년 6월 공공하수처리시설 방류수 수질현황 안내 / 2026-07-10 / https://www.muan.go.kr/www/openmuan/new/notice?idx=15202715&mode=view | 남악청소년문화의집「상상제작소」프로그램 참여자 모집 안내 / 2026-07-08 / https://www.muan.go.kr/www/openmuan/new/notice?idx=15202613&mode=view","7948"
"LGS-000194","전라남도","함평군","함평군청","http://www.hampyeong.go.kr/boardList.do?pageId=www272&boardId=NOTICE","PASS","HEURISTIC_NOTICE","10","10","0","200","","","함평군 대표홈페이지 사용편의성 만족도 조사 안내 / 2026-07-07 / https://www.hampyeong.go.kr/boardView.do?pageId=www272&boardId=NOTICE&seq=4002074&movePage=1&recordCnt=10 | 2026년 6월 함평수도센터 수질검사 결과 / 2026-07-06 / https://www.hampyeong.go.kr/boardView.do?pageId=www272&boardId=NOTICE&seq=8327468&movePage=1&recordCnt=10 | 2026 함평군 AI디지털배움터 정보화교육 수요조사 / 2026-07-02 / https://www.hampyeong.go.kr/boardView.do?pageId=www272&boardId=NOTICE&seq=7737680&movePage=1&recordCnt=10","171"
"LGS-000195","전라남도","영광군","영광군청","https://www.yeonggwang.go.kr/bbs/?b_id=news_notice&site=headquarter_new&mn=9054","PASS","HEURISTIC_NOTICE","15","15","0","200","","","영광작은영화관 영화상영 안내(7월 3주차) / 2026-07-10 / https://www.yeonggwang.go.kr/bbs/?b_id=news_notice&site=headquarter_new&mn=9054&type=view&bs_idx=1169058 | 2026년 전남청년 문화복지카드 가맹점 목록 (6월 30일 기준) / 2026-07-10 / https://www.yeonggwang.go.kr/bbs/?b_id=news_notice&site=headquarter_new&mn=9054&type=view&bs_idx=1169046 | 하천·계곡 불법시설 정비기준 마련 / 2026-07-08 / https://www.yeonggwang.go.kr/bbs/?b_id=news_notice&site=headquarter_new&mn=9054&type=view&bs_idx=1168758","939"
"LGS-000196","전라남도","장성군","장성군청","http://www.jangseong.go.kr/home/www/news/jangseong/notice","PASS","SPRING_BBS","15","15","0","200","","","2026년 하반기(2차수) 생활체육강좌 수강생 모집 공고 / 2026-07-10 / https://www.jangseong.go.kr/home/www/news/jangseong/notice/show/6488?page=1&search=&keyword= | 토지거래허가구역 지정 알림 / 2026-07-10 / https://www.jangseong.go.kr/home/www/news/jangseong/notice/show/6487?page=1&search=&keyword= | 2026년 전남청년 문화복지카드 가맹점 안내 / 2026-07-09 / https://www.jangseong.go.kr/home/www/news/jangseong/notice/show/6485?page=1&search=&keyword=","371"
"LGS-000197","전라남도","완도군","완도군청","https://www.wando.go.kr/wando/sub.cs?m=298","PASS","SPRING_BBS","15","15","0","200","","","2026년 전남청년 문화복지카드 바우처 가맹점 안내(6. 30.기... / 2026-07-10 / https://www.wando.go.kr/wando/sub.cs?m=1019&nttId=10013483&pBoardId=BBSMSTR_000000000035 | 전남광주통합특별시 출범 홍보 안내 / 2026-07-09 / https://www.wando.go.kr/wando/sub.cs?m=1019&nttId=10013465&pBoardId=BBSMSTR_000000000035 | 완도해양치유관리공단 제2026-30호 완도해양치유관리공단... / 2026-07-07 / https://www.wando.go.kr/wando/sub.cs?m=1019&nttId=10013420&pBoardId=BBSMSTR_000000000035","1199"
"LGS-000198","전라남도","진도군","진도군청","http://www.jindo.go.kr/home/board/B0052.cs?m=23","PASS","SPRING_BBS","15","15","0","200","","","2026년 진도군 문화진흥기금 지원사업(지역예술육성) 안내 / 2026-07-09 / https://www.jindo.go.kr/home/board/B0052.cs?act=read&articleId=189241&categoryId=0&m=&searchCondition=&searchKeyword=&pageIndex=1 | 진도토요민속여행 상설공연 7월11일프로그램안내 / 2026-07-08 / https://www.jindo.go.kr/home/board/B0052.cs?act=read&articleId=189188&categoryId=0&m=&searchCondition=&searchKeyword=&pageIndex=1 | 2026년「소담스퀘어 전남」소상공인 지원사업 안내 / 2026-07-08 / https://www.jindo.go.kr/home/board/B0052.cs?act=read&articleId=189159&categoryId=0&m=&searchCondition=&searchKeyword=&pageIndex=1","506"
"LGS-000199","전라남도","신안군","신안군청","http://www.shinan.go.kr/home/www/openinfo/participation_07/participation_07_02","PASS","SPRING_BBS","16","16","0","200","","","2026년 한국조폐공사 chak서포터즈 모집 / 2026-07-01 / https://www.shinan.go.kr/home/www/openinfo/participation_07/participation_07_02/show/3621?page=1 | 7월 성인과 유아 건강식단표 및 영양관련 소식 / 2026-06-25 / https://www.shinan.go.kr/home/www/openinfo/participation_07/participation_07_02/show/3619?page=1 | 2027년 식품소재 및 반가공산업 육성사업 신청 안내 / 2026-06-22 / https://www.shinan.go.kr/home/www/openinfo/participation_07/participation_07_02/show/3617?page=1","1316"
"LGS-000200","경상북도","경상북도","경상북도청","https://www.gb.go.kr/Main/page.do?mnu_uid=6786&BD_CODE=bbs_gongji","PARSER_UNSUPPORTED","HEURISTIC_NOTICE","0","0","0","200","","","","997"
"LGS-000201","경상북도","포항시","포항시청","https://www.pohang.go.kr/portal/saeol/gosi/list.do?mid=0202010000&token=1710896483460","PARSER_UNSUPPORTED","HEURISTIC_NOTICE","0","0","0","200","","","","772"
"LGS-000202","경상북도","경주시","경주시청","http://www.gyeongju.go.kr/open_content/ko/page.do?mnu_uid=416","PASS","SPRING_BBS","20","20","0","200","","","2026 경주시 민선9기 공약실천계획 점검 주민배심원 모집 안내 / 2026-07-08 / https://www.gyeongju.go.kr/open_content/ko/page.do?pageNo=1&pagePrvNxt=1&pageRef=0&pageOrder=0&step=258&parm_bod_uid=324342&srchVoteType=-1&parm_mnu_uid=0&srchEnable=1&srchBgpUid=-1&srchKeyword=&srchSDate=1960-01-01&srchColumn=&srchEDate=9999-12-31&mnu_uid=416& | 소화물배송대행서비스 종사자 무상실습 교통안전교육 안내 / 2026-07-02 / https://www.gyeongju.go.kr/open_content/ko/page.do?pageNo=1&pagePrvNxt=1&pageRef=0&pageOrder=0&step=258&parm_bod_uid=323793&srchVoteType=-1&parm_mnu_uid=0&srchEnable=1&srchBgpUid=-1&srchKeyword=&srchSDate=1960-01-01&srchColumn=&srchEDate=9999-12-31&mnu_uid=416& | 2026년 상반기 대기배출사업장 반기별 자가측정 결과 보고 안내 / 2026-07-01 / https://www.gyeongju.go.kr/open_content/ko/page.do?pageNo=1&pagePrvNxt=1&pageRef=0&pageOrder=0&step=258&parm_bod_uid=311420&srchVoteType=-1&parm_mnu_uid=0&srchEnable=1&srchBgpUid=-1&srchKeyword=&srchSDate=1960-01-01&srchColumn=&srchEDate=9999-12-31&mnu_uid=416&","1423"
"LGS-000203","경상북도","김천시","김천시청","https://www.gc.go.kr/portal/bbs/list.do?ptIdx=1807&mId=1202100000","PARSER_UNSUPPORTED","HEURISTIC_NOTICE","0","0","0","200","","","","1798"
"LGS-000204","경상북도","안동시","안동시청","https://www.andong.go.kr/portal/saeol/gosi/list.do?mId=0401020100","PASS","SPRING_BBS","10","10","0","200","","","도로명주소 고시 / 2026-07-10 / https://www.andong.go.kr/portal/saeol/gosi/view.do?notAncmtMgtNo=63919&isLinkage=Y&mId=0401020100 | 2026년 안동시 청소년 보조사업 -등굣길 사랑의 아침밥 나누기 행사- 보조사업자 모집 공고 / 2026-07-10 / https://www.andong.go.kr/portal/saeol/gosi/view.do?notAncmtMgtNo=63918&isLinkage=Y&mId=0401020100 | 폐기물관리법 위반 과태료 독촉 및 사전통지 공시송달 공고 / 2026-07-10 / https://www.andong.go.kr/portal/saeol/gosi/view.do?notAncmtMgtNo=63917&isLinkage=Y&mId=0401020100","5034"
"LGS-000205","경상북도","구미시","구미시청","https://www.gumi.go.kr/portal/board/post/list.do?bcIdx=1&mid=0401020000","PARSER_UNSUPPORTED","HEURISTIC_NOTICE","0","0","0","200","","","","450"
"LGS-000206","경상북도","영주시","영주시청","http://www.yeongju.go.kr/open_content/main/page.do?mnu_uid=3899&","PASS","SPRING_BBS","10","10","0","200","","","2026년 긴급지원 바우처(4차) 참여기업 모집... / 2026-07-10 / https://www.yeongju.go.kr/open_content/main/page.do?pageNo=1&pagePrvNxt=1&pageRef=0&pageOrder=0&step=258&parm_bod_uid=1185565&srchVoteType=-1&srchEnable=-1&srchBgpUid=-1&srchKeyword=&srchSDate=1990-01-01&srchColumn=&srchEDate=2100-01-01&mnu_uid=1521& | 2026년 6월 영주시 국내·국제 결혼중개업체 공시... / 2026-07-10 / https://www.yeongju.go.kr/open_content/main/page.do?pageNo=1&pagePrvNxt=1&pageRef=0&pageOrder=0&step=258&parm_bod_uid=1185550&srchVoteType=-1&srchEnable=-1&srchBgpUid=-1&srchKeyword=&srchSDate=1990-01-01&srchColumn=&srchEDate=2100-01-01&mnu_uid=1521& | 「2026년 영주시 공공데이터 활용 창업 경진대회」수상... / 2026-07-08 / https://www.yeongju.go.kr/open_content/main/page.do?pageNo=1&pagePrvNxt=1&pageRef=0&pageOrder=0&step=258&parm_bod_uid=1184695&srchVoteType=-1&srchEnable=-1&srchBgpUid=-1&srchKeyword=&srchSDate=1990-01-01&srchColumn=&srchEDate=2100-01-01&mnu_uid=1521&","896"
"LGS-000207","경상북도","영천시","영천시청","http://www.yc.go.kr/portal/bbs/list.do?ptIdx=544&mId=0301010000","PARSER_UNSUPPORTED","HEURISTIC_NOTICE","0","0","0","200","","","","643"
"LGS-000208","경상북도","상주시","상주시청","https://www.sangju.go.kr/page/10297/10606.tc","PARSER_UNSUPPORTED","HEURISTIC_NOTICE","0","0","0","200","","","","2103"
"LGS-000209","경상북도","문경시","문경시청","http://www.gbmg.go.kr/portal/bbs/list.do?ptIdx=73&mId=0301010000","PARSER_UNSUPPORTED","HEURISTIC_NOTICE","0","0","0","200","","","","2953"
"LGS-000210","경상북도","경산시","경산시청","https://www.gbgs.go.kr/open_content/ko/page.do?mnu_uid=2159&","PASS","SPRING_BBS","10","10","0","200","","","2026년 6월 경산공공하수처리시설 운영현황(유량, 수질) 공개 / 2026-07-10 / https://www.gbgs.go.kr/open_content/ko/page.do?pageNo=1&pagePrvNxt=1&pageRef=0&pageOrder=0&step=258&parm_bod_uid=255484&srchVoteType=-1&parm_mnu_uid=0&srchEnable=1&srchBgpUid=-1&srchKeyword=&srchSDate=1960-01-01&srchColumn=&srchEDate=9999-12-31&mnu_uid=2159& | 경산산업단지 복합문화센터 주말 가족 친화 교육 프로그램 안내 / 2026-07-08 / https://www.gbgs.go.kr/open_content/ko/page.do?pageNo=1&pagePrvNxt=1&pageRef=0&pageOrder=0&step=258&parm_bod_uid=255371&srchVoteType=-1&parm_mnu_uid=0&srchEnable=1&srchBgpUid=-1&srchKeyword=&srchSDate=1960-01-01&srchColumn=&srchEDate=9999-12-31&mnu_uid=2159& | 제14회 한국정가진흥회 정기 연주회 _ 산자수려한 경산5경 정가에 담다 / 2026-07-07 / https://www.gbgs.go.kr/open_content/ko/page.do?pageNo=1&pagePrvNxt=1&pageRef=0&pageOrder=0&step=258&parm_bod_uid=255339&srchVoteType=-1&parm_mnu_uid=0&srchEnable=1&srchBgpUid=-1&srchKeyword=&srchSDate=1960-01-01&srchColumn=&srchEDate=9999-12-31&mnu_uid=2159&","1729"
"LGS-000211","경상북도","의성군","의성군청","https://www.usc.go.kr/ko/page.do?mnu_uid=156&","PARSER_UNSUPPORTED","HEURISTIC_NOTICE","0","0","0","200","","","","2200"
"LGS-000212","경상북도","청송군","청송군청","http://www.cs.go.kr/news/00002679/00002687.web","PASS","HEURISTIC_NOTICE","3","3","0","200","","","7월 이장회의 서류 ○ 7월 이장회의 서류 2026-07-07 안덕면 조회수 : 186 / 2026-07-07 / https://www.cs.go.kr/news/00002679/00002687.web?gcode=1003&idx=377583&amode=view&orderBy=wdate | 산림재난(산사태) 대응 국민행동요령 ○ 산사태 국민행동요령 2026-07-03 산림자원과 조회수 : 57 / 2026-07-03 / https://www.cs.go.kr/news/00002679/00002687.web?gcode=1003&idx=377509&amode=view&orderBy=wdate | 아동정책기본계획 아동용 안내서 안내 제3차 아동정책기본계획(2025~2029)의 발표에 따라보건복지부와 국가아동권리보장원에서 제작한 「제3차 아동정책기본계획 아동용 안내서」를 게시하오니 자세한 내용은 아래 안내서를 참고해 주시기 바랍니다. 감사합니다. 2026-07-01 주민행복과 조회수 : 73 / 2026-07-01 / https://www.cs.go.kr/news/00002679/00002687.web?gcode=1003&idx=377442&amode=view&orderBy=wdate","590"
"LGS-000213","경상북도","영양군","영양군청","http://www.yyg.go.kr/www/organization/yyg_news","PASS","SPRING_BBS","15","15","0","200","","","영양군청소년수련관 수영장 임시 휴장 안내(7월 16일~7월 18일) / 2026-07-09 / https://www.yyg.go.kr:443/www/organization/yyg_news/notice?idx=166799&mode=view | 영양공공하수처리장 방류수 일일수질검사 결과(2026.6.29. ~ 2026.7.5.) / 2026-07-08 / https://www.yyg.go.kr:443/www/organization/yyg_news/notice?idx=166794&mode=view | 2026년 왕우렁이 관리지침 및 전국 일제 수거기간 운영계획 알림 / 2026-07-06 / https://www.yyg.go.kr:443/www/organization/yyg_news/notice?idx=166749&mode=view","668"
"LGS-000214","경상북도","영덕군","영덕군청","http://www.yd.go.kr/?page_id=752","PASS","SPRING_BBS","10","10","0","200","","","영덕사랑상품권 운영자금 보유관리 현황(2026. 6. 30.) / 2026-07-09 / https://www.yd.go.kr/?page_id=752&uid=370686&mod=document&tab= | 정수장 일일수질검사 결과 안내(2026.7.8.) / 2026-07-08 / https://www.yd.go.kr/?page_id=752&uid=370640&mod=document&tab= | 정수장 일일수질검사 결과 안내(2026.7.3.~7.7.) / 2026-07-08 / https://www.yd.go.kr/?page_id=752&uid=370638&mod=document&tab=","1472"
"LGS-000215","경상북도","청도군","청도군청","https://www.cheongdo.go.kr/portal/board/post/list.do?bcIdx=510&mid=0301010000&token=1700628210004","PARSER_UNSUPPORTED","HEURISTIC_NOTICE","0","0","0","200","","","","960"
"LGS-000216","경상북도","고령군","고령군청","http://www.goryeong.go.kr/kor/boardList.do?IDX=152&BRD_ID=1019","PARSER_UNSUPPORTED","HEURISTIC_NOTICE","0","0","0","200","","","","274"
"LGS-000217","경상북도","성주군","성주군청","http://www.sj.go.kr/page.do?mnu_uid=1024","PASS","SPRING_BBS","15","14","1","200","","","고유가 피해지원금 2차 신청 관련 서식(신청서, 위임장, 이의신청서) / 2026-05-15 / https://www.sj.go.kr/page.do?srchEnable=1&srchSDate=&srchKwd=&srchColumn=&srchEDate=&mnu_uid=1043&&srchBgpUid=&srchDept=&bod_uid=609100&pageNo=1&cmd=2 | 고유가 피해지원금 사용처('26.4.22.기준) / 2026-04-22 / https://www.sj.go.kr/page.do?srchEnable=1&srchSDate=&srchKwd=&srchColumn=&srchEDate=&mnu_uid=1043&&srchBgpUid=&srchDept=&bod_uid=607102&pageNo=1&cmd=2 | 고유가 피해지원금 신청 관련 서식(신청서, 위임장, 이의신청서) / 2026-04-22 / https://www.sj.go.kr/page.do?srchEnable=1&srchSDate=&srchKwd=&srchColumn=&srchEDate=&mnu_uid=1043&&srchBgpUid=&srchDept=&bod_uid=607101&pageNo=1&cmd=2","1572"
"LGS-000218","경상북도","칠곡군","칠곡군청","https://www.chilgok.go.kr/portal/bbs/list.do?ptIdx=111&mId=0201010000","PARSER_UNSUPPORTED","HEURISTIC_NOTICE","0","0","0","200","","","","2490"
"LGS-000219","경상북도","예천군","예천군청","http://www.ycg.kr/open.content/ko/administrative/news/notice/","PARSER_UNSUPPORTED","HEURISTIC_NOTICE","0","0","0","200","","","","298"
"LGS-000220","경상북도","봉화군","봉화군청","http://www.bonghwa.go.kr/open.content/ko/news/news/board/","FAILED","","0","0","0","404","HTTP_ERROR","HTTP 404","","25"
"LGS-000221","경상북도","울진군","울진군청","http://www.uljin.go.kr/board/list.uljin?boardId=BBS_NOTICE_UJ&menuCd=DOM_000000103002001000&contentsSid=68&cpath=","PASS","HEURISTIC_NOTICE","8","8","0","200","","","2026년 울진군 평생학습관 하반기 교육프로그램 수강생 추가모집 안내 2026년 울진군 평생학습관 하반기 교육프로그램 수강생을 다음과 같이 추가모집합니다. 1. 교육기간: 2026. .. 부서 : 인구정책과|작성일 : 2026-07-10|조회수 : 26 / 2026-07-10 / https://www.uljin.go.kr/board/view.uljin?boardId=BBS_NOTICE_UJ&menuCd=DOM_000000103002001000&orderBy=REGISTER_DATE%20DESC&paging=ok&startPage=1&dataSid=719510 | 2026년 6월 울진군공공하수처리시설 방류수 수질농도 알림 2026년 6월 울진군 공공하수처리시설 방류수 수질농도를 붙임과 같이 알려드립니다. 부서 : 맑은물사업소|작성일 : 2026-07-10|조회수 : 31 / 2026-07-10 / https://www.uljin.go.kr/board/view.uljin?boardId=BBS_NOTICE_UJ&menuCd=DOM_000000103002001000&orderBy=REGISTER_DATE%20DESC&paging=ok&startPage=1&dataSid=719367 | 울진군 금강송숲 지관서가 인문학프로그램 「지혜의 밥상」 참가자 모집 안내 울진 금강송숲 지관서에서 붓다, 소크라테스, 예수를 주제로 한 인문 프로그램 「지혜의 밥상」을 개최하오니 관심 있는.. 부서 : 원전에너지과|작성일 : 2026-07-09|조회수 : 109 / 2026-07-09 / https://www.uljin.go.kr/board/view.uljin?boardId=BBS_NOTICE_UJ&menuCd=DOM_000000103002001000&orderBy=REGISTER_DATE%20DESC&paging=ok&startPage=1&dataSid=718968","1648"
"LGS-000222","경상북도","울릉군","울릉군청","https://www.ulleung.go.kr/ko/page.do?mnu_uid=570&","PARSER_UNSUPPORTED","HEURISTIC_NOTICE","0","0","0","200","","","","2494"
"LGS-000223","경상남도","경상남도","경상남도청","https://www.gyeongnam.go.kr/board/list.gyeong?boardId=BBS_0000057&menuCd=DOM_000000135001001000&contentsSid=6951&cpath=","PARSER_UNSUPPORTED","HEURISTIC_NOTICE","0","0","0","200","","","","816"
"LGS-000224","경상남도","창원시","창원시청","https://www.changwon.go.kr/cwportal/10310/10429/10430.web","PASS","HEURISTIC_NOTICE","9","9","0","200","","","마산보건소와 함께하는 아쿠아로빅 운동교실 모집 안내 새 글 / 2026-07-10 / https://www.changwon.go.kr/cwportal/10310/10429/10430.web?gcode=1009&idx=880665&amode=view& | 최윤덕도서관 쿨한 도서관에서 여름나기 운영 새 글 / 2026-07-10 / https://www.changwon.go.kr/cwportal/10310/10429/10430.web?gcode=1009&idx=880656&amode=view& | 창원보건소 사파건강생활지원센터 『2026년 하반기 건강생활실천 운동교실』 회원모집 새 글 / 2026-07-10 / https://www.changwon.go.kr/cwportal/10310/10429/10430.web?gcode=1009&idx=880654&amode=view&","960"
"LGS-000225","경상남도","진주시","진주시청","http://www.jinju.go.kr/00130/02730/00136.web","PASS","HEURISTIC_NOTICE","10","10","0","200","","","주간행사안내(0713~0717) 새 글 2026-07-10 명석면 조회수 : 152 / 2026-07-10 / https://www.jinju.go.kr/00130/02730/00136.web?gcode=2144&idx=39613515&amode=view&extParam=notice | 가호동 공동육아나눔터-호기심 천국 과학 이야기 대상자 모집 새 글 2026-07-10 진주시가족센터 조회수 : 227 / 2026-07-10 / https://www.jinju.go.kr/00130/02730/00136.web?gcode=2144&idx=39613504&amode=view&extParam=notice | 아동복지시설(아동양육시설) 진주기독육아원 직원 채용 공고 새 글 2026-07-09 아동보육과 조회수 : 102 / 2026-07-09 / https://www.jinju.go.kr/00130/02730/00136.web?gcode=2144&idx=39613499&amode=view&extParam=notice","983"
"LGS-000226","경상남도","통영시","통영시청","http://www.tongyeong.go.kr/00852/00853/00854.web","PASS","HEURISTIC_NOTICE","3","3","0","200","","","2026 통영시 드론 영상콘텐츠 공모전 통영시 상징물 사용 안내 2026 통영시 드론 영상콘텐츠 공모전과 관련하여 통영시 상징물 사용을 원하시는 분께서는 doremipasola@korea.kr 로 문의하여 주시기 바랍니다. ※상징물 사용 여부는 심사 결과에 영향을 미치지 않습니다. 2026-07-07 관광혁신과 조회수 : 143 / 2026-07-07 / https://www.tongyeong.go.kr/00852/00853/00854.web?gcode=9001&idx=661666&amode=view& | 제65회 통영한산대첩축제 시민 거리 퍼레이드 참가팀 모집 공고 한산대첩 승전을 기념하고 이순신 장군의 호국정신을 계승·선양하기 위해 개최하는 제65회 통영한산대첩축제의 성공적인 진행과 시민이 함께 즐기는 체험형 프로그램인 시민 거리 퍼레이드 참가팀을 아래와 같이 모집하오니 많은 관심과 참여를 바랍니다. 2026-07-02 문화예술과 조회수 : 435 / 2026-07-02 / https://www.tongyeong.go.kr/00852/00853/00854.web?gcode=9001&idx=661617&amode=view& | 2026년 통영시 해수욕장 시설 사용료 안내 2026년 통영시 해수욕장 시설 사용료 안내 ○ 샤워장 사용: 1명 2,000원 ○ 파라솔 대여(비진도해수욕장): 20,000원 2026-06-30 해양관광과 조회수 : 399 / 2026-06-30 / https://www.tongyeong.go.kr/00852/00853/00854.web?gcode=9001&idx=661551&amode=view&","483"
"LGS-000227","경상남도","사천시","사천시청","http://www.sacheon.go.kr/news/00009/00010.web","PASS","HEURISTIC_NOTICE","1","1","0","200","","","2026년 사천시 관내 유통식품 방사능 검사 현황(6. 30.기준) 새 글 2026년 사천시 관내 유통식품 방사능 검사 현황을 붙임과 같이 알려드립니다. 2026-07-09 보건위생과 조회수 : 61 / 2026-07-09 / https://www.sacheon.go.kr/news/00009/00010.web?gcode=2187&idx=2105842&amode=view&","313"
"LGS-000228","경상남도","김해시","김해시청","http://www.gimhae.go.kr/03360/00023/00024.web","PASS","HEURISTIC_NOTICE","5","5","0","200","","","비공개 대상정보 세부기준(현행화 2026.07.08.) / 2026-07-08 / https://www.gimhae.go.kr/00761/00787/07315.web | [행사소식] 읍면동 주간행사일정(0713-0719) 새 글 읍면동 주간행사일정(0713-0719)입니다. 2026-07-10 담당부서 : 행정과 박정아 조회수 : 49 / 2026-07-10 / https://www.gimhae.go.kr/03360/00023/00024.web?gcode=1171&idx=2589011&amode=view& | [행사소식] (수정)읍면동 주간행사일정(0706-0712) 읍면동 주간행사일정(0706-0712)입니다. [수정] - 읍면동명 누락 건 보완 기재(일정 변경 없음) 2026-07-06 담당부서 : 행정과 박정아 조회수 : 137 / 2026-07-06 / https://www.gimhae.go.kr/03360/00023/00024.web?gcode=1171&idx=2588685&amode=view&","1331"
"LGS-000229","경상남도","밀양시","밀양시청","https://www.miryang.go.kr/web/bbs/selectNoticeList.do?mnNo=20901000000","PASS","HEURISTIC_NOTICE","10","10","0","200","","","[교육] 2026년 하반기 「강좌드림」 학습모임 모집 새글 2026년 하반기 「강좌드림」학습모임 모집언제 어디서나 학습자가 원하는 시간과 장소에 희망 프로그램을 지원하는 학습자 맞춤형 교육을 통해 시민행복 증진 및 평생학습 활성화를 도모 2026-07-10 미래교육과 조회수 : 49 / 2026-07-10 / https://www.miryang.go.kr/web/bbs/selectNoticeDetail.do;jsessionid=1111608FE08418340D6DE38EC480CB4F.was1?mnNo=20901000000&owd=&bbsId=BBSMSTR_000000000137&nttId=194054&searchCnd=&searchWrd=&pageIndex=1 | [기타] 2026년 재난관리평가 우수등급 달성(2년 연속 우수) 새글 2026-07-09 안전재난과 조회수 : 34 / 2026-07-09 / https://www.miryang.go.kr/web/bbs/selectNoticeDetail.do;jsessionid=1111608FE08418340D6DE38EC480CB4F.was1?mnNo=20901000000&owd=&bbsId=BBSMSTR_000000000116&nttId=194022&searchCnd=&searchWrd=&pageIndex=1 | [기타] 2026년 하반기 밀양아리랑예술단 영재단 단원 모집 공고 새글 □ 밀양아리랑예술단 영재단 단원 모집공고 ○ 기 간: 2026. 7. 9.(목) ~ 7. 20.(월) ○ 모집대상 2026-07-09 문화예술과 조회수 : 87 / 2026-07-09 / https://www.miryang.go.kr/web/bbs/selectNoticeDetail.do;jsessionid=1111608FE08418340D6DE38EC480CB4F.was1?mnNo=20901000000&owd=&bbsId=BBSMSTR_000000000074&nttId=193997&searchCnd=&searchWrd=&pageIndex=1","11497"
"LGS-000230","경상남도","거제시","거제시청","https://www.geoje.go.kr/board/list.geoje?boardId=BBS_0000008&menuCd=DOM_000008902001001000&contentsSid=9633&cpath","PASS","HEURISTIC_NOTICE","12","12","0","200","","","주간행사(2026. 7. 13. ~ 2026. 7. 19.) / 2026-07-10 / https://www.geoje.go.kr/board/view.geoje?boardId=BBS_0000008&menuCd=DOM_000008902001001000&paging=ok&startPage=1&dataSid=306446264 | 2027년도 식량산업분야 도비 지원사업 수요조사(일정 변경) / 2026-07-08 / https://www.geoje.go.kr/board/view.geoje?boardId=BBS_0000008&menuCd=DOM_000008902001001000&paging=ok&startPage=1&dataSid=306444712 | 2027년도 농산물가공 분야 병역지정업체 신규 선정 및 필요인원 신청 접수 안.. / 2026-07-07 / https://www.geoje.go.kr/board/view.geoje?boardId=BBS_0000008&menuCd=DOM_000008902001001000&paging=ok&startPage=1&dataSid=306444158","1372"
"LGS-000231","경상남도","양산시","양산시청","https://www.yangsan.go.kr/portal/board/post/list.do?bcIdx=293&mid=0101010000&token=1717053985359","PARSER_UNSUPPORTED","HEURISTIC_NOTICE","0","0","0","200","","","","811"
"LGS-000232","경상남도","의령군","의령군청","https://www.uiryeong.go.kr/board/list.uiryeong?boardId=BBS_0000085&menuCd=DOM_000000203001001000&contentsSid=185","PARSER_UNSUPPORTED","HEURISTIC_NOTICE","0","0","0","200","","","","402"
"LGS-000233","경상남도","함안군","함안군청","http://www.haman.go.kr/02385/02386/02387.web","PARSER_UNSUPPORTED","SAEOL_GOSI","0","0","0","200","","","","139"
"LGS-000234","경상남도","창녕군","창녕군청","https://www.cng.go.kr/03516/01549.web","PARSER_UNSUPPORTED","SAEOL_GOSI","0","0","0","200","","","","396"
"LGS-000235","경상남도","고성군","고성군청","https://www.goseong.go.kr/board/list.goseong?boardId=BBS_0000118&menuCd=DOM_000000102002001000&contentsSid=28&cpath=","PARSER_UNSUPPORTED","HEURISTIC_NOTICE","0","0","0","200","","","","1202"
"LGS-000236","경상남도","남해군","남해군청","http://www.namhae.go.kr/socialm/board/List.do?gcode=1131&&pageCd=SM010101000&siteGubun=socialm","PASS","HEURISTIC_NOTICE","10","10","0","200","","","2027년 식량산업분야 도비 지원사업 수요조사 안내 2026-07-10 농업기술센터 조회수 : 29 / 2026-07-10 / https://www.namhae.go.kr/socialm/board/View.do?gcode=1131&idx=276248&pageCd=SM010101000&siteGubun=socialm | 통행 금지·제한 공고 알림(지1024호선 남해 가천2지구 절토사면 정비공사) 2026-07-10 건설교통과 조회수 : 29 / 2026-07-10 / https://www.namhae.go.kr/socialm/board/View.do?gcode=1131&idx=276237&pageCd=SM010101000&siteGubun=socialm | 지방도 1024호선 남해 가천2지구 절토사면 정비공사에 따른 농어촌버스 변경 운행계획 안내 2026-07-10 건설교통과 조회수 : 31 / 2026-07-10 / https://www.namhae.go.kr/socialm/board/View.do?gcode=1131&idx=276236&pageCd=SM010101000&siteGubun=socialm","2247"
"LGS-000237","경상남도","하동군","하동군청","http://www.hadong.go.kr/media/00008/00009.web","PASS","HEURISTIC_NOTICE","3","3","0","200","","","여름방학 가족 愛 쉼표, 여름방학을 맞이하여 맞벌이가족을 대상으로 진행합니다. 2026-07-07 가족정책과 조회수 : 244 / 2026-07-07 / https://www.hadong.go.kr/media/00008/00009.web?gcode=1001&idx=37810804&amode=view& | 충의공 정기룡장군 탄신 464주년 기념 어린이 그림그리기 대회 입상자 명단 충의공 정기룡장군 탄신 464주년 기념 어린이 그림그리기 대회 입상자 명단입니다. 입상관련 문의사항은 (사)한국미술협회하동지부( ☏ 055-883-9688)로 문의해주시기 바랍니다. 2026-06-12 문화체육과 조회수 : 481 / 2026-06-12 / https://www.hadong.go.kr/media/00008/00009.web?gcode=1001&idx=37810401&amode=view& | 2026년 제 1차 농지조사원 기간제근로자 채용 공고 국립농산물품질관리원 경남지원 농지 조사원 기간제 근로자 채용계획입니다. 업무명: 농지전수조사 업무보조 채용분야: 농지조사원 담당업무: 농지전수조사 관련 업무 보조 2026-06-10 관리자 조회수 : 519 / 2026-06-10 / https://www.hadong.go.kr/media/00008/00009.web?gcode=1001&idx=37810343&amode=view&","349"
"LGS-000238","경상남도","산청군","산청군청","http://www.sancheong.go.kr/www/selectBbsNttList.do?key=157&bbsNo=1","PASS","SAEOL_GOSI","10","10","0","200","","","「2026년 제15회 인구의날 기념행사 범사회협의체 출범식」 다자녀 가족 초청 행사 홍보 / 2026-07-08 / https://www.sancheong.go.kr/www/selectBbsNttView.do?key=157&bbsNo=1&nttNo=162714&searchCtgry=&searchCnd=all&searchKrwd=&pageIndex=1&integrDeptCode= | 2026년 한부모가족 및 청소년부모 아동양육비 홍보 / 2026-07-08 / https://www.sancheong.go.kr/www/selectBbsNttView.do?key=157&bbsNo=1&nttNo=162685&searchCtgry=&searchCnd=all&searchKrwd=&pageIndex=1&integrDeptCode= | 재난성호우 긴급재난문자 안내 / 2026-07-06 / https://www.sancheong.go.kr/www/selectBbsNttView.do?key=157&bbsNo=1&nttNo=162592&searchCtgry=&searchCnd=all&searchKrwd=&pageIndex=1&integrDeptCode=","430"
"LGS-000239","경상남도","함양군","함양군청","https://www.hygn.go.kr/00429/00543/00547.web","PARSER_UNSUPPORTED","SAEOL_GOSI","0","0","0","200","","","","374"
"LGS-000240","경상남도","거창군","거창군청","http://www.geochang.go.kr/news/board/List.do?gcode=1002&&pageCd=NW0101000000&siteGubun=portal","FAILED","","0","0","0","404","HTTP_ERROR","HTTP 404","","92"
"LGS-000241","경상남도","합천군","합천군청","https://www.hc.go.kr/04923/04924/04945.web","PASS","HEURISTIC_NOTICE","3","3","0","200","","","청소년전화1388 홍보영상 새 글 한국청소년상담복지개발원과 성평등가족부가 함께 제작한 홍보영상입니다 번호 : 9981 2026-07-09 노인아동여성과 조회수 : 51 / 2026-07-09 / https://www.hc.go.kr/04923/04924/04945.web?gcode=2065&idx=29027808&amode=view&extParam=notice | [생활정보] 2026년 청소년, 가족 토요 생태체험 프로그램 참가자 모집 새 글 붙임파일 참조하시기 바랍니다. 번호 : 9982 2026-07-08 환경위생과 조회수 : 123 / 2026-07-08 / https://www.hc.go.kr/04923/04924/04945.web?gcode=1090&idx=29027789&amode=view&extParam=notice | [일반행정] 2026년 합천군시설관리공단 기간제근로자 채용 공고 2026년 합천군시설관리공단 기간제근로자 채용 공고를 붙임과 같이 안내드립니다. 번호 : 9975 2026-07-07 합천군시설관리공단 조회수 : 329 / 2026-07-07 / https://www.hc.go.kr/04923/04924/04945.web?gcode=1009&idx=29027768&amode=view&extParam=notice","791"
"LGS-000242","제주특별자치도","제주특별자치도","제주특별자치도청","http://www.jeju.go.kr/news/news/news.htm","PASS","SPRING_BBS","20","20","0","200","","","2026년 국제크루즈 선석배정 변경내역 알림(‘26. 7. 10.) / 2026-07-10 / https://www.jeju.go.kr/news/news/news.htm?act=view&seq=2025922 | 2026년도 민간기록물 수집 및 기증 / 2026-07-10 / https://www.jeju.go.kr/news/news/news.htm?act=view&seq=2025809 | 대정하수처리구역 차집관로 정비사업(2단계) 공사감독자 배치기준(안) 공개 / 2026-07-10 / https://www.jeju.go.kr/news/news/news.htm?act=view&seq=2025805","350"
"LGS-000243","제주특별자치도","제주시","제주시청","http://www.jejusi.go.kr/information/intro/news.do","PASS","SPRING_BBS","10","10","0","200","","","2026년 제3차 용담1동 주민참여예산지역회의 회의록 공개 / 2026-07-10 / http://www.jejusi.go.kr/information/intro/news.do?mode=detail&notice_id=efcda3fff25e4235957fb947ce110374&currentPageNo=1 | 2026년 일도2동주민참여예산지역회의 회의록(3차) / 2026-07-10 / http://www.jejusi.go.kr/information/intro/news.do?mode=detail&notice_id=a870c3bc1d8a43ccb4c7853b7e063a16&currentPageNo=1 | 제주특별자치도 제5차 다문화가족 실태조사 안내 / 2026-07-10 / http://www.jejusi.go.kr/information/intro/news.do?mode=detail&notice_id=a7e1635171234d4084c3f018eee38737&currentPageNo=1","2267"
"LGS-000244","제주특별자치도","서귀포시","서귀포시청","http://www.seogwipo.go.kr/info/news/notice.htm","PASS","SPRING_BBS","22","22","0","200","","","2026 금토금토 새연쇼 7. 3.(금) 행사 취소 안내 / 2026-07-03 / https://www.seogwipo.go.kr/info/news/notice.htm?act=view&seq=154475734 | 서귀포시 주간행사계획(2026.07.06.~07.12) / 2026-07-02 / https://www.seogwipo.go.kr/info/news/notice.htm?act=view&seq=154446583 | 2026년 하반기 서홍동 주민자치센터 프로그램 수강생 .. / 2026-07-10 / https://www.seogwipo.go.kr/info/news/notice.htm?act=view&seq=154579066","1513"
